timestamp,trigger,cell_row,cell_col,extra
2026-03-17 20:36:34,YOLO,4,0,mode=CITY
2026-03-17 20:36:34,TRACK,4,0,mode=CITY
2026-03-17 20:36:34,TRACK,3,7,mode=CITY
2026-03-17 20:36:34,YOLO,5,4,mode=CITY
2026-03-17 20:36:34,TRACK,5,4,mode=CITY
2026-03-17 20:36:34,YOLO,4,6,mode=CITY
2026-03-17 20:36:34,TRACK,4,6,mode=CITY
2026-03-17 20:36:34,YOLO,5,1,mode=CITY
2026-03-17 20:36:34,TRACK,5,1,mode=CITY
2026-03-17 20:36:34,TRACK,0,5,mode=CITY
2026-03-17 20:36:34,TRACK,2,2,mode=CITY
2026-03-17 20:36:34,TRACK,1,0,mode=CITY
2026-03-17 20:36:34,YOLO,7,4,mode=CITY
2026-03-17 20:36:34,TRACK,7,4,mode=CITY
2026-03-17 20:36:34,YOLO,6,2,mode=CITY
2026-03-17 20:36:34,TRACK,6,2,mode=CITY
2026-03-17 20:36:34,YOLO,7,1,mode=CITY
2026-03-17 20:36:34,TRACK,7,1,mode=CITY
2026-03-17 20:36:34,YOLO,4,2,mode=CITY
2026-03-17 20:36:34,TRACK,4,2,mode=CITY
2026-03-17 20:36:34,TRACK,3,0,mode=CITY
2026-03-17 20:36:34,YOLO,5,6,mode=CITY
2026-03-17 20:36:34,TRACK,5,6,mode=CITY
2026-03-17 20:36:34,TRACK,3,6,mode=CITY
2026-03-17 20:36:34,YOLO,5,3,mode=CITY
2026-03-17 20:36:34,TRACK,5,3,mode=CITY
2026-03-17 20:36:34,TRACK,0,7,mode=CITY
2026-03-17 20:36:34,TRACK,2,4,mode=CITY
2026-03-17 20:36:34,TRACK,1,2,mode=CITY
2026-03-17 20:36:34,TRACK,0,4,mode=CITY
2026-03-17 20:36:34,TRACK,2,1,mode=CITY
2026-03-17 20:36:34,YOLO,6,4,mode=CITY
2026-03-17 20:36:34,TRACK,6,4,mode=CITY
2026-03-17 20:36:34,YOLO,7,3,mode=CITY
2026-03-17 20:36:34,TRACK,7,3,mode=CITY
2026-03-17 20:36:34,TRACK,3,2,mode=CITY
2026-03-17 20:36:34,YOLO,4,1,mode=CITY
2026-03-17 20:36:34,TRACK,4,1,mode=CITY
2026-03-17 20:36:34,YOLO,5,5,mode=CITY
2026-03-17 20:36:34,TRACK,5,5,mode=CITY
2026-03-17 20:36:34,TRACK,0,0,mode=CITY
2026-03-17 20:36:34,TRACK,1,4,mode=CITY
2026-03-17 20:36:34,TRACK,0,6,mode=CITY
2026-03-17 20:36:34,TRACK,2,3,mode=CITY
2026-03-17 20:36:34,YOLO,6,6,mode=CITY
2026-03-17 20:36:34,TRACK,6,6,mode=CITY
2026-03-17 20:36:34,YOLO,7,5,mode=CITY
2026-03-17 20:36:34,TRACK,7,5,mode=CITY
2026-03-17 20:36:34,YOLO,6,3,mode=CITY
2026-03-17 20:36:34,TRACK,6,3,mode=CITY
2026-03-17 20:36:34,TRACK,3,4,mode=CITY
2026-03-17 20:36:34,YOLO,4,3,mode=CITY
2026-03-17 20:36:34,TRACK,4,3,mode=CITY
2026-03-17 20:36:34,TRACK,3,1,mode=CITY
2026-03-17 20:36:34,TRACK,5,7,mode=CITY
2026-03-17 20:36:34,TRACK,0,2,mode=CITY
2026-03-17 20:36:34,TRACK,1,6,mode=CITY
2026-03-17 20:36:34,TRACK,2,5,mode=CITY
2026-03-17 20:36:34,TRACK,1,3,mode=CITY
2026-03-17 20:36:34,TRACK,7,7,mode=CITY
2026-03-17 20:36:34,YOLO,6,5,mode=CITY
2026-03-17 20:36:34,TRACK,6,5,mode=CITY
2026-03-17 20:36:34,YOLO,4,5,mode=CITY
2026-03-17 20:36:34,TRACK,4,5,mode=CITY
2026-03-17 20:36:34,TRACK,3,3,mode=CITY
2026-03-17 20:36:34,YOLO,5,0,mode=CITY
2026-03-17 20:36:34,TRACK,5,0,mode=CITY
2026-03-17 20:36:34,TRACK,0,1,mode=CITY
2026-03-17 20:36:34,TRACK,2,7,mode=CITY
2026-03-17 20:36:34,TRACK,1,5,mode=CITY
2026-03-17 20:36:34,YOLO,6,1,mode=CITY
2026-03-17 20:36:34,TRACK,6,1,mode=CITY
2026-03-17 20:36:34,YOLO,7,0,mode=CITY
2026-03-17 20:36:34,TRACK,7,0,mode=CITY
2026-03-17 20:36:34,TRACK,6,7,mode=CITY
2026-03-17 20:36:34,YOLO,7,6,mode=CITY
2026-03-17 20:36:34,TRACK,7,6,mode=CITY
2026-03-17 20:36:34,TRACK,4,7,mode=CITY
2026-03-17 20:36:34,TRACK,3,5,mode=CITY
2026-03-17 20:36:34,YOLO,5,2,mode=CITY
2026-03-17 20:36:34,TRACK,5,2,mode=CITY
2026-03-17 20:36:34,YOLO,4,4,mode=CITY
2026-03-17 20:36:34,TRACK,4,4,mode=CITY
2026-03-17 20:36:34,TRACK,1,1,mode=CITY
2026-03-17 20:36:34,TRACK,0,3,mode=CITY
2026-03-17 20:36:34,TRACK,2,0,mode=CITY
2026-03-17 20:36:34,TRACK,1,7,mode=CITY
2026-03-17 20:36:34,TRACK,2,6,mode=CITY
2026-03-17 20:36:34,YOLO,7,2,mode=CITY
2026-03-17 20:36:34,TRACK,7,2,mode=CITY
2026-03-17 20:36:34,YOLO,6,0,mode=CITY
2026-03-17 20:36:34,TRACK,6,0,mode=CITY
2026-03-17 20:36:38,BLOB,2,11,mode=CITY
2026-03-17 20:36:38,BLOB,2,12,mode=CITY
2026-03-17 20:36:38,BLOB,4,12,mode=CITY
2026-03-17 20:36:38,BLOB,4,13,mode=CITY
2026-03-17 20:36:39,YOLO,4,9,mode=CITY
2026-03-17 20:36:39,TRACK,4,9,mode=CITY
2026-03-17 20:36:39,TRACK,3,13,mode=CITY
2026-03-17 20:36:39,YOLO,5,10,mode=CITY
2026-03-17 20:36:39,TRACK,5,10,mode=CITY
2026-03-17 20:36:39,TRACK,0,5,mode=CITY
2026-03-17 20:36:39,TRACK,0,14,mode=CITY
2026-03-17 20:36:39,TRACK,2,11,mode=CITY
2026-03-17 20:36:39,TRACK,1,15,mode=CITY
2026-03-17 20:36:39,YOLO,6,11,mode=CITY
2026-03-17 20:36:39,TRACK,6,11,mode=CITY
2026-03-17 20:36:39,YOLO,7,10,mode=CITY
2026-03-17 20:36:39,TRACK,7,10,mode=CITY
2026-03-17 20:36:39,TRACK,3,6,mode=CITY
2026-03-17 20:36:39,YOLO,5,3,mode=CITY
2026-03-17 20:36:39,TRACK,5,3,mode=CITY
2026-03-17 20:36:39,TRACK,3,15,mode=CITY
2026-03-17 20:36:39,YOLO,5,12,mode=CITY
2026-03-17 20:36:39,TRACK,5,12,mode=CITY
2026-03-17 20:36:39,TRACK,0,7,mode=CITY
2026-03-17 20:36:39,TRACK,2,4,mode=CITY
2026-03-17 20:36:39,TRACK,1,8,mode=CITY
2026-03-17 20:36:39,YOLO,6,4,mode=CITY
2026-03-17 20:36:39,TRACK,6,4,mode=CITY
2026-03-17 20:36:39,YOLO,7,3,mode=CITY
2026-03-17 20:36:39,TRACK,7,3,mode=CITY
2026-03-17 20:36:39,YOLO,6,13,mode=CITY
2026-03-17 20:36:39,TRACK,6,13,mode=CITY
2026-03-17 20:36:39,YOLO,7,12,mode=CITY
2026-03-17 20:36:39,TRACK,7,12,mode=CITY
2026-03-17 20:36:39,TRACK,3,8,mode=CITY
2026-03-17 20:36:39,YOLO,5,5,mode=CITY
2026-03-17 20:36:39,TRACK,5,5,mode=CITY
2026-03-17 20:36:39,YOLO,5,14,mode=CITY
2026-03-17 20:36:39,TRACK,5,14,mode=CITY
2026-03-17 20:36:39,TRACK,0,9,mode=CITY
2026-03-17 20:36:39,TRACK,1,10,mode=CITY
2026-03-17 20:36:39,YOLO,6,6,mode=CITY
2026-03-17 20:36:39,TRACK,6,6,mode=CITY
2026-03-17 20:36:39,YOLO,7,5,mode=CITY
2026-03-17 20:36:39,TRACK,7,5,mode=CITY
2026-03-17 20:36:39,YOLO,7,14,mode=CITY
2026-03-17 20:36:39,TRACK,7,14,mode=CITY
2026-03-17 20:36:39,TRACK,3,10,mode=CITY
2026-03-17 20:36:39,YOLO,5,7,mode=CITY
2026-03-17 20:36:39,TRACK,5,7,mode=CITY
2026-03-17 20:36:39,TRACK,1,3,mode=CITY
2026-03-17 20:36:39,TRACK,1,12,mode=CITY
2026-03-17 20:36:39,YOLO,7,7,mode=CITY
2026-03-17 20:36:39,TRACK,7,7,mode=CITY
2026-03-17 20:36:39,TRACK,3,3,mode=CITY
2026-03-17 20:36:39,TRACK,3,12,mode=CITY
2026-03-17 20:36:39,YOLO,5,9,mode=CITY
2026-03-17 20:36:39,TRACK,5,9,mode=CITY
2026-03-17 20:36:39,YOLO,4,11,mode=CITY
2026-03-17 20:36:39,TRACK,4,11,mode=CITY
2026-03-17 20:36:39,TRACK,1,5,mode=CITY
2026-03-17 20:36:39,TRACK,1,14,mode=CITY
2026-03-17 20:36:39,TRACK,2,13,mode=CITY
2026-03-17 20:36:39,YOLO,7,9,mode=CITY
2026-03-17 20:36:39,TRACK,7,9,mode=CITY
2026-03-17 20:36:39,TRACK,3,5,mode=CITY
2026-03-17 20:36:39,YOLO,4,4,mode=CITY
2026-03-17 20:36:39,TRACK,4,4,mode=CITY
2026-03-17 20:36:39,TRACK,3,14,mode=CITY
2026-03-17 20:36:39,YOLO,5,11,mode=CITY
2026-03-17 20:36:39,TRACK,5,11,mode=CITY
2026-03-17 20:36:39,TRACK,1,7,mode=CITY
2026-03-17 20:36:39,TRACK,2,6,mode=CITY
2026-03-17 20:36:39,TRACK,2,15,mode=CITY
2026-03-17 20:36:39,YOLO,7,11,mode=CITY
2026-03-17 20:36:39,TRACK,7,11,mode=CITY
2026-03-17 20:36:39,YOLO,6,15,mode=CITY
2026-03-17 20:36:39,TRACK,6,15,mode=CITY
2026-03-17 20:36:39,TRACK,3,7,mode=CITY
2026-03-17 20:36:39,YOLO,5,4,mode=CITY
2026-03-17 20:36:39,TRACK,5,4,mode=CITY
2026-03-17 20:36:39,YOLO,4,6,mode=CITY
2026-03-17 20:36:39,TRACK,4,6,mode=CITY
2026-03-17 20:36:39,YOLO,5,13,mode=CITY
2026-03-17 20:36:39,TRACK,5,13,mode=CITY
2026-03-17 20:36:39,YOLO,4,15,mode=CITY
2026-03-17 20:36:39,TRACK,4,15,mode=CITY
2026-03-17 20:36:39,TRACK,1,9,mode=CITY
2026-03-17 20:36:39,TRACK,0,11,mode=CITY
2026-03-17 20:36:39,TRACK,2,8,mode=CITY
2026-03-17 20:36:39,YOLO,7,4,mode=CITY
2026-03-17 20:36:39,TRACK,7,4,mode=CITY
2026-03-17 20:36:39,YOLO,6,8,mode=CITY
2026-03-17 20:36:39,TRACK,6,8,mode=CITY
2026-03-17 20:36:39,TRACK,3,9,mode=CITY
2026-03-17 20:36:39,YOLO,5,6,mode=CITY
2026-03-17 20:36:39,TRACK,5,6,mode=CITY
2026-03-17 20:36:39,YOLO,4,8,mode=CITY
2026-03-17 20:36:39,TRACK,4,8,mode=CITY
2026-03-17 20:36:39,TRACK,0,4,mode=CITY
2026-03-17 20:36:39,TRACK,1,11,mode=CITY
2026-03-17 20:36:39,TRACK,0,13,mode=CITY
2026-03-17 20:36:39,TRACK,2,10,mode=CITY
2026-03-17 20:36:39,YOLO,6,10,mode=CITY
2026-03-17 20:36:39,TRACK,6,10,mode=CITY
2026-03-17 20:36:39,TRACK,3,11,mode=CITY
2026-03-17 20:36:39,YOLO,4,10,mode=CITY
2026-03-17 20:36:39,TRACK,4,10,mode=CITY
2026-03-17 20:36:39,TRACK,1,4,mode=CITY
2026-03-17 20:36:39,TRACK,0,6,mode=CITY
2026-03-17 20:36:39,TRACK,2,3,mode=CITY
2026-03-17 20:36:39,TRACK,1,13,mode=CITY
2026-03-17 20:36:39,TRACK,0,15,mode=CITY
2026-03-17 20:36:39,TRACK,2,12,mode=CITY
2026-03-17 20:36:39,YOLO,6,3,mode=CITY
2026-03-17 20:36:39,TRACK,6,3,mode=CITY
2026-03-17 20:36:39,YOLO,6,12,mode=CITY
2026-03-17 20:36:39,TRACK,6,12,mode=CITY
2026-03-17 20:36:39,TRACK,3,4,mode=CITY
2026-03-17 20:36:39,YOLO,4,3,mode=CITY
2026-03-17 20:36:39,TRACK,4,3,mode=CITY
2026-03-17 20:36:39,TRACK,1,6,mode=CITY
2026-03-17 20:36:39,TRACK,0,8,mode=CITY
2026-03-17 20:36:39,TRACK,2,5,mode=CITY
2026-03-17 20:36:39,TRACK,2,14,mode=CITY
2026-03-17 20:36:39,YOLO,6,5,mode=CITY
2026-03-17 20:36:39,TRACK,6,5,mode=CITY
2026-03-17 20:36:39,YOLO,6,14,mode=CITY
2026-03-17 20:36:39,TRACK,6,14,mode=CITY
2026-03-17 20:36:39,YOLO,7,13,mode=CITY
2026-03-17 20:36:39,TRACK,7,13,mode=CITY
2026-03-17 20:36:39,YOLO,4,5,mode=CITY
2026-03-17 20:36:39,TRACK,4,5,mode=CITY
2026-03-17 20:36:39,YOLO,4,14,mode=CITY
2026-03-17 20:36:39,TRACK,4,14,mode=CITY
2026-03-17 20:36:39,YOLO,5,15,mode=CITY
2026-03-17 20:36:39,TRACK,5,15,mode=CITY
2026-03-17 20:36:39,TRACK,0,10,mode=CITY
2026-03-17 20:36:39,TRACK,2,7,mode=CITY
2026-03-17 20:36:39,YOLO,6,7,mode=CITY
2026-03-17 20:36:39,TRACK,6,7,mode=CITY
2026-03-17 20:36:39,YOLO,7,6,mode=CITY
2026-03-17 20:36:39,TRACK,7,6,mode=CITY
2026-03-17 20:36:39,YOLO,7,15,mode=CITY
2026-03-17 20:36:39,TRACK,7,15,mode=CITY
2026-03-17 20:36:39,YOLO,4,7,mode=CITY
2026-03-17 20:36:39,TRACK,4,7,mode=CITY
2026-03-17 20:36:39,YOLO,5,8,mode=CITY
2026-03-17 20:36:39,TRACK,5,8,mode=CITY
2026-03-17 20:36:39,TRACK,0,3,mode=CITY
2026-03-17 20:36:39,TRACK,0,12,mode=CITY
2026-03-17 20:36:39,TRACK,2,9,mode=CITY
2026-03-17 20:36:39,YOLO,6,9,mode=CITY
2026-03-17 20:36:39,TRACK,6,9,mode=CITY
2026-03-17 20:36:39,YOLO,7,8,mode=CITY
2026-03-17 20:36:39,TRACK,7,8,mode=CITY
2026-03-17 20:36:41,TRACK,4,6,mode=CITY
2026-03-17 20:36:41,TRACK,0,6,mode=CITY
2026-03-17 20:36:41,TRACK,7,6,mode=CITY
2026-03-17 20:36:41,TRACK,2,6,mode=CITY
2026-03-17 20:36:41,TRACK,5,6,mode=CITY
2026-03-17 20:36:41,TRACK,3,6,mode=CITY
2026-03-17 20:36:41,TRACK,6,6,mode=CITY
2026-03-17 20:36:41,TRACK,1,6,mode=CITY
2026-03-17 20:36:41,TRACK,4,9,mode=CITY
2026-03-17 20:36:41,TRACK,3,7,mode=CITY
2026-03-17 20:36:41,TRACK,3,10,mode=CITY
2026-03-17 20:36:41,TRACK,5,7,mode=CITY
2026-03-17 20:36:41,TRACK,5,10,mode=CITY
2026-03-17 20:36:41,TRACK,0,8,mode=CITY
2026-03-17 20:36:41,TRACK,1,9,mode=CITY
2026-03-17 20:36:41,TRACK,2,8,mode=CITY
2026-03-17 20:36:41,TRACK,7,7,mode=CITY
2026-03-17 20:36:41,TRACK,7,10,mode=CITY
2026-03-17 20:36:41,TRACK,6,8,mode=CITY
2026-03-17 20:36:41,TRACK,3,9,mode=CITY
2026-03-17 20:36:41,YOLO,4,8,mode=CITY
2026-03-17 20:36:41,TRACK,4,8,mode=CITY
2026-03-17 20:36:41,TRACK,5,9,mode=CITY
2026-03-17 20:36:41,TRACK,0,7,mode=CITY
2026-03-17 20:36:41,TRACK,0,10,mode=CITY
2026-03-17 20:36:41,TRACK,2,7,mode=CITY
2026-03-17 20:36:41,TRACK,2,10,mode=CITY
2026-03-17 20:36:41,TRACK,1,8,mode=CITY
2026-03-17 20:36:41,TRACK,7,9,mode=CITY
2026-03-17 20:36:41,TRACK,6,7,mode=CITY
2026-03-17 20:36:41,TRACK,6,10,mode=CITY
2026-03-17 20:36:41,TRACK,4,7,mode=CITY
2026-03-17 20:36:41,TRACK,4,10,mode=CITY
2026-03-17 20:36:41,TRACK,3,8,mode=CITY
2026-03-17 20:36:41,TRACK,5,8,mode=CITY
2026-03-17 20:36:41,TRACK,0,9,mode=CITY
2026-03-17 20:36:41,TRACK,2,9,mode=CITY
2026-03-17 20:36:41,TRACK,1,7,mode=CITY
2026-03-17 20:36:41,TRACK,1,10,mode=CITY
2026-03-17 20:36:41,TRACK,6,9,mode=CITY
2026-03-17 20:36:41,TRACK,7,8,mode=CITY
2026-03-17 20:36:41,TRACK,5,11,mode=CITY
2026-03-17 20:36:41,TRACK,6,11,mode=CITY
2026-03-17 20:36:41,TRACK,1,11,mode=CITY
2026-03-17 20:36:41,TRACK,4,11,mode=CITY
2026-03-17 20:36:41,TRACK,7,11,mode=CITY
2026-03-17 20:36:41,TRACK,2,11,mode=CITY
2026-03-17 20:36:41,TRACK,0,11,mode=CITY
2026-03-17 20:36:41,TRACK,3,11,mode=CITY
2026-03-17 20:36:42,TRACK,4,10,mode=CITY
2026-03-17 20:36:42,TRACK,5,11,mode=CITY
2026-03-17 20:36:42,TRACK,0,10,mode=CITY
2026-03-17 20:36:42,TRACK,6,11,mode=CITY
2026-03-17 20:36:42,TRACK,1,11,mode=CITY
2026-03-17 20:36:42,TRACK,7,10,mode=CITY
2026-03-17 20:36:42,TRACK,2,10,mode=CITY
2026-03-17 20:36:42,TRACK,3,10,mode=CITY
2026-03-17 20:36:42,YOLO,5,10,mode=CITY
2026-03-17 20:36:42,TRACK,5,10,mode=CITY
2026-03-17 20:36:42,TRACK,6,10,mode=CITY
2026-03-17 20:36:42,TRACK,1,10,mode=CITY
2026-03-17 20:36:42,TRACK,4,11,mode=CITY
2026-03-17 20:36:42,TRACK,7,11,mode=CITY
2026-03-17 20:36:42,TRACK,2,11,mode=CITY
2026-03-17 20:36:42,TRACK,0,11,mode=CITY
2026-03-17 20:36:42,TRACK,3,11,mode=CITY
2026-03-17 20:36:42,TRACK,6,12,mode=CITY
2026-03-17 20:36:42,TRACK,1,12,mode=CITY
2026-03-17 20:36:42,TRACK,4,12,mode=CITY
2026-03-17 20:36:42,TRACK,0,12,mode=CITY
2026-03-17 20:36:42,TRACK,7,12,mode=CITY
2026-03-17 20:36:42,TRACK,2,12,mode=CITY
2026-03-17 20:36:42,TRACK,3,12,mode=CITY
2026-03-17 20:36:42,TRACK,5,12,mode=CITY
2026-03-17 20:36:43,TRACK,2,14,mode=CITY
2026-03-17 20:36:43,TRACK,3,14,mode=CITY
2026-03-17 20:36:43,TRACK,4,13,mode=CITY
2026-03-17 20:36:43,TRACK,5,14,mode=CITY
2026-03-17 20:36:43,TRACK,0,13,mode=CITY
2026-03-17 20:36:43,TRACK,6,14,mode=CITY
2026-03-17 20:36:43,TRACK,1,14,mode=CITY
2026-03-17 20:36:43,TRACK,7,13,mode=CITY
2026-03-17 20:36:43,TRACK,2,13,mode=CITY
2026-03-17 20:36:43,YOLO,5,13,mode=CITY
2026-03-17 20:36:43,TRACK,5,13,mode=CITY
2026-03-17 20:36:43,TRACK,3,13,mode=CITY
2026-03-17 20:36:43,YOLO,6,13,mode=CITY
2026-03-17 20:36:43,TRACK,6,13,mode=CITY
2026-03-17 20:36:43,TRACK,1,13,mode=CITY
2026-03-17 20:36:43,TRACK,4,14,mode=CITY
2026-03-17 20:36:43,TRACK,0,14,mode=CITY
2026-03-17 20:36:43,TRACK,7,14,mode=CITY
2026-03-17 20:36:43,TRACK,5,15,mode=CITY
2026-03-17 20:36:43,TRACK,6,15,mode=CITY
2026-03-17 20:36:43,TRACK,1,15,mode=CITY
2026-03-17 20:36:43,TRACK,4,15,mode=CITY
2026-03-17 20:36:43,TRACK,0,15,mode=CITY
2026-03-17 20:36:43,TRACK,7,15,mode=CITY
2026-03-17 20:36:43,TRACK,2,15,mode=CITY
2026-03-17 20:36:43,TRACK,3,15,mode=CITY
2026-03-17 20:36:44,TRACK,4,10,mode=CITY
2026-03-17 20:36:44,TRACK,0,10,mode=CITY
2026-03-17 20:36:44,TRACK,7,10,mode=CITY
2026-03-17 20:36:44,TRACK,2,10,mode=CITY
2026-03-17 20:36:44,TRACK,3,10,mode=CITY
2026-03-17 20:36:44,TRACK,5,10,mode=CITY
2026-03-17 20:36:44,TRACK,6,10,mode=CITY
2026-03-17 20:36:44,TRACK,1,10,mode=CITY
2026-03-17 20:36:45,TRACK,4,9,mode=CITY
2026-03-17 20:36:45,TRACK,0,9,mode=CITY
2026-03-17 20:36:45,TRACK,7,9,mode=CITY
2026-03-17 20:36:45,TRACK,2,9,mode=CITY
2026-03-17 20:36:45,TRACK,3,9,mode=CITY
2026-03-17 20:36:45,TRACK,5,9,mode=CITY
2026-03-17 20:36:45,TRACK,6,9,mode=CITY
2026-03-17 20:36:45,TRACK,1,9,mode=CITY
2026-03-17 20:36:45,TRACK,3,8,mode=CITY
2026-03-17 20:36:45,TRACK,5,8,mode=CITY
2026-03-17 20:36:45,TRACK,6,8,mode=CITY
2026-03-17 20:36:45,TRACK,1,8,mode=CITY
2026-03-17 20:36:45,TRACK,4,8,mode=CITY
2026-03-17 20:36:45,TRACK,0,8,mode=CITY
2026-03-17 20:36:45,TRACK,7,8,mode=CITY
2026-03-17 20:36:45,TRACK,2,8,mode=CITY
2026-03-17 20:36:45,TRACK,0,7,mode=CITY
2026-03-17 20:36:45,TRACK,7,7,mode=CITY
2026-03-17 20:36:45,TRACK,2,7,mode=CITY
2026-03-17 20:36:45,TRACK,3,7,mode=CITY
2026-03-17 20:36:45,TRACK,5,7,mode=CITY
2026-03-17 20:36:45,TRACK,6,7,mode=CITY
2026-03-17 20:36:45,TRACK,1,7,mode=CITY
2026-03-17 20:36:45,TRACK,4,7,mode=CITY
2026-03-17 20:36:46,TRACK,4,6,mode=CITY
2026-03-17 20:36:46,TRACK,0,6,mode=CITY
2026-03-17 20:36:46,TRACK,7,6,mode=CITY
2026-03-17 20:36:46,TRACK,2,6,mode=CITY
2026-03-17 20:36:46,TRACK,5,6,mode=CITY
2026-03-17 20:36:46,TRACK,3,6,mode=CITY
2026-03-17 20:36:46,TRACK,6,6,mode=CITY
2026-03-17 20:36:46,TRACK,1,6,mode=CITY
2026-03-17 20:36:46,TRACK,5,11,mode=CITY
2026-03-17 20:36:46,TRACK,6,11,mode=CITY
2026-03-17 20:36:46,TRACK,1,11,mode=CITY
2026-03-17 20:36:46,TRACK,4,11,mode=CITY
2026-03-17 20:36:46,TRACK,7,11,mode=CITY
2026-03-17 20:36:46,TRACK,2,11,mode=CITY
2026-03-17 20:36:46,TRACK,0,11,mode=CITY
2026-03-17 20:36:46,TRACK,3,11,mode=CITY
2026-03-17 20:36:46,TRACK,5,5,mode=CITY
2026-03-17 20:36:46,TRACK,6,5,mode=CITY
2026-03-17 20:36:46,TRACK,1,5,mode=CITY
2026-03-17 20:36:46,TRACK,4,5,mode=CITY
2026-03-17 20:36:46,TRACK,0,5,mode=CITY
2026-03-17 20:36:46,TRACK,7,5,mode=CITY
2026-03-17 20:36:46,TRACK,2,5,mode=CITY
2026-03-17 20:36:46,TRACK,3,5,mode=CITY
2026-03-17 20:36:46,TRACK,4,4,mode=CITY
2026-03-17 20:36:46,TRACK,7,4,mode=CITY
2026-03-17 20:36:46,TRACK,2,4,mode=CITY
2026-03-17 20:36:46,TRACK,0,4,mode=CITY
2026-03-17 20:36:46,TRACK,3,4,mode=CITY
2026-03-17 20:36:46,TRACK,5,4,mode=CITY
2026-03-17 20:36:46,TRACK,6,4,mode=CITY
2026-03-17 20:36:46,TRACK,1,4,mode=CITY
2026-03-17 20:36:46,TRACK,4,10,mode=CITY
2026-03-17 20:36:46,TRACK,0,10,mode=CITY
2026-03-17 20:36:46,TRACK,7,10,mode=CITY
2026-03-17 20:36:46,TRACK,2,10,mode=CITY
2026-03-17 20:36:46,TRACK,3,10,mode=CITY
2026-03-17 20:36:46,TRACK,5,10,mode=CITY
2026-03-17 20:36:46,TRACK,6,10,mode=CITY
2026-03-17 20:36:46,TRACK,1,10,mode=CITY
2026-03-17 20:36:47,TRACK,4,3,mode=CITY
2026-03-17 20:36:47,TRACK,0,3,mode=CITY
2026-03-17 20:36:47,TRACK,7,3,mode=CITY
2026-03-17 20:36:47,TRACK,2,3,mode=CITY
2026-03-17 20:36:47,TRACK,3,3,mode=CITY
2026-03-17 20:36:47,TRACK,5,3,mode=CITY
2026-03-17 20:36:47,TRACK,6,3,mode=CITY
2026-03-17 20:36:47,TRACK,1,3,mode=CITY
2026-03-17 20:36:47,TRACK,6,2,mode=CITY
2026-03-17 20:36:47,TRACK,1,2,mode=CITY
2026-03-17 20:36:47,TRACK,4,2,mode=CITY
2026-03-17 20:36:47,TRACK,0,2,mode=CITY
2026-03-17 20:36:47,TRACK,7,2,mode=CITY
2026-03-17 20:36:47,TRACK,2,2,mode=CITY
2026-03-17 20:36:47,TRACK,3,2,mode=CITY
2026-03-17 20:36:47,TRACK,5,2,mode=CITY
2026-03-17 20:36:47,TRACK,4,9,mode=CITY
2026-03-17 20:36:47,TRACK,0,9,mode=CITY
2026-03-17 20:36:47,TRACK,7,9,mode=CITY
2026-03-17 20:36:47,TRACK,2,9,mode=CITY
2026-03-17 20:36:47,TRACK,3,9,mode=CITY
2026-03-17 20:36:47,TRACK,5,9,mode=CITY
2026-03-17 20:36:47,TRACK,6,9,mode=CITY
2026-03-17 20:36:47,TRACK,1,9,mode=CITY
2026-03-17 20:36:47,TRACK,0,1,mode=CITY
2026-03-17 20:36:47,TRACK,7,1,mode=CITY
2026-03-17 20:36:47,TRACK,2,1,mode=CITY
2026-03-17 20:36:47,TRACK,3,1,mode=CITY
2026-03-17 20:36:47,TRACK,6,1,mode=CITY
2026-03-17 20:36:47,TRACK,1,1,mode=CITY
2026-03-17 20:36:47,TRACK,5,1,mode=CITY
2026-03-17 20:36:47,TRACK,4,1,mode=CITY
2026-03-17 20:36:47,TRACK,3,8,mode=CITY
2026-03-17 20:36:47,TRACK,5,8,mode=CITY
2026-03-17 20:36:47,TRACK,6,8,mode=CITY
2026-03-17 20:36:47,TRACK,1,8,mode=CITY
2026-03-17 20:36:47,TRACK,4,8,mode=CITY
2026-03-17 20:36:47,TRACK,0,8,mode=CITY
2026-03-17 20:36:47,TRACK,7,8,mode=CITY
2026-03-17 20:36:47,TRACK,2,8,mode=CITY
2026-03-17 20:36:47,TRACK,0,7,mode=CITY
2026-03-17 20:36:47,TRACK,7,7,mode=CITY
2026-03-17 20:36:47,TRACK,2,7,mode=CITY
2026-03-17 20:36:47,TRACK,3,7,mode=CITY
2026-03-17 20:36:47,YOLO,4,6,mode=CITY
2026-03-17 20:36:47,TRACK,4,6,mode=CITY
2026-03-17 20:36:47,TRACK,5,7,mode=CITY
2026-03-17 20:36:47,TRACK,0,6,mode=CITY
2026-03-17 20:36:47,TRACK,6,7,mode=CITY
2026-03-17 20:36:47,TRACK,1,7,mode=CITY
2026-03-17 20:36:47,TRACK,7,6,mode=CITY
2026-03-17 20:36:47,TRACK,2,6,mode=CITY
2026-03-17 20:36:47,TRACK,3,6,mode=CITY
2026-03-17 20:36:47,TRACK,1,6,mode=CITY
2026-03-17 20:36:47,TRACK,4,7,mode=CITY
2026-03-17 20:36:48,TRACK,4,0,mode=CITY
2026-03-17 20:36:48,TRACK,0,0,mode=CITY
2026-03-17 20:36:48,TRACK,7,0,mode=CITY
2026-03-17 20:36:48,TRACK,2,0,mode=CITY
2026-03-17 20:36:48,TRACK,3,0,mode=CITY
2026-03-17 20:36:48,TRACK,5,0,mode=CITY
2026-03-17 20:36:48,TRACK,6,0,mode=CITY
2026-03-17 20:36:48,TRACK,1,0,mode=CITY
2026-03-17 20:36:49,YOLO,4,9,mode=CITY
2026-03-17 20:36:49,TRACK,4,9,mode=CITY
2026-03-17 20:36:49,TRACK,3,7,mode=CITY
2026-03-17 20:36:49,TRACK,3,10,mode=CITY
2026-03-17 20:36:49,TRACK,5,7,mode=CITY
2026-03-17 20:36:49,YOLO,5,10,mode=CITY
2026-03-17 20:36:49,TRACK,5,10,mode=CITY
2026-03-17 20:36:49,TRACK,0,8,mode=CITY
2026-03-17 20:36:49,TRACK,2,11,mode=CITY
2026-03-17 20:36:49,TRACK,1,9,mode=CITY
2026-03-17 20:36:49,TRACK,0,11,mode=CITY
2026-03-17 20:36:49,TRACK,2,8,mode=CITY
2026-03-17 20:36:49,TRACK,7,7,mode=CITY
2026-03-17 20:36:49,TRACK,6,11,mode=CITY
2026-03-17 20:36:49,TRACK,7,10,mode=CITY
2026-03-17 20:36:49,TRACK,6,8,mode=CITY
2026-03-17 20:36:49,TRACK,3,9,mode=CITY
2026-03-17 20:36:49,YOLO,4,8,mode=CITY
2026-03-17 20:36:49,TRACK,4,8,mode=CITY
2026-03-17 20:36:49,YOLO,5,9,mode=CITY
2026-03-17 20:36:49,TRACK,5,9,mode=CITY
2026-03-17 20:36:49,TRACK,4,11,mode=CITY
2026-03-17 20:36:49,TRACK,0,7,mode=CITY
2026-03-17 20:36:49,TRACK,0,10,mode=CITY
2026-03-17 20:36:49,TRACK,2,7,mode=CITY
2026-03-17 20:36:49,TRACK,1,11,mode=CITY
2026-03-17 20:36:49,TRACK,2,10,mode=CITY
2026-03-17 20:36:49,TRACK,1,8,mode=CITY
2026-03-17 20:36:49,TRACK,7,9,mode=CITY
2026-03-17 20:36:49,TRACK,6,7,mode=CITY
2026-03-17 20:36:49,TRACK,6,10,mode=CITY
2026-03-17 20:36:49,TRACK,4,7,mode=CITY
2026-03-17 20:36:49,TRACK,3,11,mode=CITY
2026-03-17 20:36:49,YOLO,4,10,mode=CITY
2026-03-17 20:36:49,TRACK,4,10,mode=CITY
2026-03-17 20:36:49,TRACK,3,8,mode=CITY
2026-03-17 20:36:49,TRACK,5,11,mode=CITY
2026-03-17 20:36:49,YOLO,5,8,mode=CITY
2026-03-17 20:36:49,TRACK,5,8,mode=CITY
2026-03-17 20:36:49,TRACK,0,9,mode=CITY
2026-03-17 20:36:49,TRACK,2,9,mode=CITY
2026-03-17 20:36:49,TRACK,1,7,mode=CITY
2026-03-17 20:36:49,TRACK,1,10,mode=CITY
2026-03-17 20:36:49,TRACK,7,11,mode=CITY
2026-03-17 20:36:49,TRACK,6,9,mode=CITY
2026-03-17 20:36:49,TRACK,7,8,mode=CITY
2026-03-17 20:36:50,TRACK,6,12,mode=CITY
2026-03-17 20:36:50,TRACK,1,12,mode=CITY
2026-03-17 20:36:50,TRACK,4,12,mode=CITY
2026-03-17 20:36:50,TRACK,0,12,mode=CITY
2026-03-17 20:36:50,TRACK,7,12,mode=CITY
2026-03-17 20:36:50,TRACK,2,12,mode=CITY
2026-03-17 20:36:50,TRACK,3,12,mode=CITY
2026-03-17 20:36:50,TRACK,5,12,mode=CITY
2026-03-17 20:36:51,TRACK,4,13,mode=CITY
2026-03-17 20:36:51,TRACK,0,13,mode=CITY
2026-03-17 20:36:51,TRACK,7,13,mode=CITY
2026-03-17 20:36:51,TRACK,2,13,mode=CITY
2026-03-17 20:36:51,TRACK,5,13,mode=CITY
2026-03-17 20:36:51,TRACK,3,13,mode=CITY
2026-03-17 20:36:51,TRACK,6,13,mode=CITY
2026-03-17 20:36:51,TRACK,1,13,mode=CITY
2026-03-17 20:36:51,TRACK,4,0,mode=CITY
2026-03-17 20:36:51,TRACK,3,4,mode=CITY
2026-03-17 20:36:51,TRACK,4,3,mode=CITY
2026-03-17 20:36:51,TRACK,3,1,mode=CITY
2026-03-17 20:36:51,TRACK,5,4,mode=CITY
2026-03-17 20:36:51,TRACK,5,1,mode=CITY
2026-03-17 20:36:51,TRACK,0,2,mode=CITY
2026-03-17 20:36:51,TRACK,2,2,mode=CITY
2026-03-17 20:36:51,TRACK,1,0,mode=CITY
2026-03-17 20:36:51,TRACK,1,3,mode=CITY
2026-03-17 20:36:51,TRACK,7,4,mode=CITY
2026-03-17 20:36:51,TRACK,6,2,mode=CITY
2026-03-17 20:36:51,TRACK,7,1,mode=CITY
2026-03-17 20:36:51,YOLO,4,2,mode=CITY
2026-03-17 20:36:51,TRACK,4,2,mode=CITY
2026-03-17 20:36:51,TRACK,3,0,mode=CITY
2026-03-17 20:36:51,TRACK,3,3,mode=CITY
2026-03-17 20:36:51,TRACK,5,0,mode=CITY
2026-03-17 20:36:51,YOLO,5,3,mode=CITY
2026-03-17 20:36:51,TRACK,5,3,mode=CITY
2026-03-17 20:36:51,TRACK,0,1,mode=CITY
2026-03-17 20:36:51,TRACK,2,4,mode=CITY
2026-03-17 20:36:51,TRACK,1,2,mode=CITY
2026-03-17 20:36:51,TRACK,0,4,mode=CITY
2026-03-17 20:36:51,TRACK,2,1,mode=CITY
2026-03-17 20:36:51,TRACK,6,1,mode=CITY
2026-03-17 20:36:51,TRACK,7,0,mode=CITY
2026-03-17 20:36:51,TRACK,6,4,mode=CITY
2026-03-17 20:36:51,TRACK,7,3,mode=CITY
2026-03-17 20:36:51,TRACK,3,2,mode=CITY
2026-03-17 20:36:51,TRACK,4,1,mode=CITY
2026-03-17 20:36:51,YOLO,5,2,mode=CITY
2026-03-17 20:36:51,TRACK,5,2,mode=CITY
2026-03-17 20:36:51,TRACK,4,4,mode=CITY
2026-03-17 20:36:51,TRACK,0,0,mode=CITY
2026-03-17 20:36:51,TRACK,1,1,mode=CITY
2026-03-17 20:36:51,TRACK,0,3,mode=CITY
2026-03-17 20:36:51,TRACK,2,0,mode=CITY
2026-03-17 20:36:51,TRACK,1,4,mode=CITY
2026-03-17 20:36:51,TRACK,2,3,mode=CITY
2026-03-17 20:36:51,TRACK,7,2,mode=CITY
2026-03-17 20:36:51,TRACK,6,0,mode=CITY
2026-03-17 20:36:51,TRACK,6,3,mode=CITY
2026-03-17 20:36:52,TRACK,2,14,mode=CITY
2026-03-17 20:36:52,YOLO,5,15,mode=CITY
2026-03-17 20:36:52,TRACK,5,15,mode=CITY
2026-03-17 20:36:52,TRACK,3,14,mode=CITY
2026-03-17 20:36:52,TRACK,6,15,mode=CITY
2026-03-17 20:36:52,TRACK,1,15,mode=CITY
2026-03-17 20:36:52,YOLO,5,14,mode=CITY
2026-03-17 20:36:52,TRACK,5,14,mode=CITY
2026-03-17 20:36:52,TRACK,6,14,mode=CITY
2026-03-17 20:36:52,TRACK,1,14,mode=CITY
2026-03-17 20:36:52,YOLO,4,15,mode=CITY
2026-03-17 20:36:52,TRACK,4,15,mode=CITY
2026-03-17 20:36:52,TRACK,0,15,mode=CITY
2026-03-17 20:36:52,YOLO,4,14,mode=CITY
2026-03-17 20:36:52,TRACK,4,14,mode=CITY
2026-03-17 20:36:52,TRACK,7,15,mode=CITY
2026-03-17 20:36:52,TRACK,2,15,mode=CITY
2026-03-17 20:36:52,TRACK,0,14,mode=CITY
2026-03-17 20:36:52,TRACK,3,15,mode=CITY
2026-03-17 20:36:52,TRACK,7,14,mode=CITY
2026-03-17 20:36:54,TRACK,6,12,mode=CITY
2026-03-17 20:36:54,TRACK,1,12,mode=CITY
2026-03-17 20:36:54,TRACK,4,12,mode=CITY
2026-03-17 20:36:54,TRACK,0,12,mode=CITY
2026-03-17 20:36:54,TRACK,7,12,mode=CITY
2026-03-17 20:36:54,TRACK,2,12,mode=CITY
2026-03-17 20:36:54,TRACK,3,12,mode=CITY
2026-03-17 20:36:54,TRACK,5,12,mode=CITY
2026-03-17 20:36:55,TRACK,5,11,mode=CITY
2026-03-17 20:36:55,TRACK,6,11,mode=CITY
2026-03-17 20:36:55,TRACK,1,11,mode=CITY
2026-03-17 20:36:55,TRACK,4,11,mode=CITY
2026-03-17 20:36:55,TRACK,7,11,mode=CITY
2026-03-17 20:36:55,TRACK,2,11,mode=CITY
2026-03-17 20:36:55,TRACK,0,11,mode=CITY
2026-03-17 20:36:55,TRACK,3,11,mode=CITY
2026-03-17 20:36:55,TRACK,4,10,mode=CITY
2026-03-17 20:36:55,TRACK,0,10,mode=CITY
2026-03-17 20:36:55,TRACK,7,10,mode=CITY
2026-03-17 20:36:55,TRACK,2,10,mode=CITY
2026-03-17 20:36:55,TRACK,3,10,mode=CITY
2026-03-17 20:36:55,TRACK,5,10,mode=CITY
2026-03-17 20:36:55,TRACK,6,10,mode=CITY
2026-03-17 20:36:55,TRACK,1,10,mode=CITY
2026-03-17 20:36:56,TRACK,4,9,mode=CITY
2026-03-17 20:36:56,TRACK,0,9,mode=CITY
2026-03-17 20:36:56,TRACK,7,9,mode=CITY
2026-03-17 20:36:56,TRACK,2,9,mode=CITY
2026-03-17 20:36:56,TRACK,3,9,mode=CITY
2026-03-17 20:36:56,TRACK,5,9,mode=CITY
2026-03-17 20:36:56,TRACK,6,9,mode=CITY
2026-03-17 20:36:56,TRACK,1,9,mode=CITY
2026-03-17 20:36:56,TRACK,3,8,mode=CITY
2026-03-17 20:36:56,TRACK,5,8,mode=CITY
2026-03-17 20:36:56,TRACK,6,8,mode=CITY
2026-03-17 20:36:56,TRACK,1,8,mode=CITY
2026-03-17 20:36:56,TRACK,4,8,mode=CITY
2026-03-17 20:36:56,TRACK,0,8,mode=CITY
2026-03-17 20:36:56,TRACK,7,8,mode=CITY
2026-03-17 20:36:56,TRACK,2,8,mode=CITY
2026-03-17 20:36:57,TRACK,0,7,mode=CITY
2026-03-17 20:36:57,TRACK,7,7,mode=CITY
2026-03-17 20:36:57,TRACK,2,7,mode=CITY
2026-03-17 20:36:57,TRACK,3,7,mode=CITY
2026-03-17 20:36:57,TRACK,5,7,mode=CITY
2026-03-17 20:36:57,TRACK,6,7,mode=CITY
2026-03-17 20:36:57,TRACK,1,7,mode=CITY
2026-03-17 20:36:57,TRACK,4,7,mode=CITY
2026-03-17 20:36:58,BLOB,2,4,mode=CITY
2026-03-17 20:36:58,BLOB,2,5,mode=CITY
2026-03-17 20:36:58,BLOB,3,4,mode=CITY
2026-03-17 20:36:58,BLOB,3,5,mode=CITY
2026-03-17 20:36:58,BLOB,2,3,mode=CITY
2026-03-17 20:36:59,BLOB,2,2,mode=CITY
2026-03-17 20:36:59,BLOB,2,1,mode=CITY
2026-03-17 20:37:01,TRACK,5,11,mode=CITY
2026-03-17 20:37:01,TRACK,6,11,mode=CITY
2026-03-17 20:37:01,TRACK,1,11,mode=CITY
2026-03-17 20:37:01,TRACK,4,11,mode=CITY
2026-03-17 20:37:01,TRACK,7,11,mode=CITY
2026-03-17 20:37:01,TRACK,2,11,mode=CITY
2026-03-17 20:37:01,TRACK,0,11,mode=CITY
2026-03-17 20:37:01,TRACK,3,11,mode=CITY
2026-03-17 20:37:02,TRACK,6,12,mode=CITY
2026-03-17 20:37:02,TRACK,1,12,mode=CITY
2026-03-17 20:37:02,TRACK,4,12,mode=CITY
2026-03-17 20:37:02,TRACK,0,12,mode=CITY
2026-03-17 20:37:02,TRACK,7,12,mode=CITY
2026-03-17 20:37:02,TRACK,2,12,mode=CITY
2026-03-17 20:37:02,TRACK,3,12,mode=CITY
2026-03-17 20:37:02,TRACK,5,12,mode=CITY
2026-03-17 20:37:03,TRACK,4,13,mode=CITY
2026-03-17 20:37:03,TRACK,0,13,mode=CITY
2026-03-17 20:37:03,TRACK,7,13,mode=CITY
2026-03-17 20:37:03,TRACK,2,13,mode=CITY
2026-03-17 20:37:03,TRACK,5,13,mode=CITY
2026-03-17 20:37:03,TRACK,3,13,mode=CITY
2026-03-17 20:37:03,TRACK,6,13,mode=CITY
2026-03-17 20:37:03,TRACK,1,13,mode=CITY
2026-03-17 20:37:04,TRACK,2,14,mode=CITY
2026-03-17 20:37:04,TRACK,3,14,mode=CITY
2026-03-17 20:37:04,TRACK,5,14,mode=CITY
2026-03-17 20:37:04,TRACK,6,14,mode=CITY
2026-03-17 20:37:04,TRACK,1,14,mode=CITY
2026-03-17 20:37:04,TRACK,4,14,mode=CITY
2026-03-17 20:37:04,TRACK,0,14,mode=CITY
2026-03-17 20:37:04,TRACK,7,14,mode=CITY
2026-03-17 20:37:04,BLOB,4,9,mode=CITY
2026-03-17 20:37:05,TRACK,4,9,mode=CITY
2026-03-17 20:37:05,TRACK,0,9,mode=CITY
2026-03-17 20:37:05,TRACK,7,9,mode=CITY
2026-03-17 20:37:05,TRACK,2,9,mode=CITY
2026-03-17 20:37:05,TRACK,3,9,mode=CITY
2026-03-17 20:37:05,TRACK,5,9,mode=CITY
2026-03-17 20:37:05,TRACK,6,9,mode=CITY
2026-03-17 20:37:05,TRACK,1,9,mode=CITY
2026-03-17 20:37:06,TRACK,3,8,mode=CITY
2026-03-17 20:37:06,TRACK,5,8,mode=CITY
2026-03-17 20:37:06,TRACK,6,8,mode=CITY
2026-03-17 20:37:06,TRACK,1,8,mode=CITY
2026-03-17 20:37:06,TRACK,4,8,mode=CITY
2026-03-17 20:37:06,TRACK,0,8,mode=CITY
2026-03-17 20:37:06,TRACK,7,8,mode=CITY
2026-03-17 20:37:06,TRACK,2,8,mode=CITY
2026-03-17 20:37:06,BLOB,4,4,mode=CITY
2026-03-17 20:37:06,BLOB,4,3,mode=CITY
2026-03-17 20:37:06,TRACK,6,15,mode=CITY
2026-03-17 20:37:06,YOLO,5,13,mode=CITY
2026-03-17 20:37:06,TRACK,5,13,mode=CITY
2026-03-17 20:37:06,YOLO,4,15,mode=CITY
2026-03-17 20:37:06,TRACK,4,15,mode=CITY
2026-03-17 20:37:06,TRACK,3,13,mode=CITY
2026-03-17 20:37:06,TRACK,0,14,mode=CITY
2026-03-17 20:37:06,TRACK,2,14,mode=CITY
2026-03-17 20:37:06,TRACK,1,15,mode=CITY
2026-03-17 20:37:06,TRACK,6,14,mode=CITY
2026-03-17 20:37:06,TRACK,7,13,mode=CITY
2026-03-17 20:37:06,YOLO,4,14,mode=CITY
2026-03-17 20:37:06,TRACK,4,14,mode=CITY
2026-03-17 20:37:06,TRACK,3,15,mode=CITY
2026-03-17 20:37:06,YOLO,5,15,mode=CITY
2026-03-17 20:37:06,TRACK,5,15,mode=CITY
2026-03-17 20:37:06,TRACK,0,13,mode=CITY
2026-03-17 20:37:06,TRACK,1,14,mode=CITY
2026-03-17 20:37:06,TRACK,2,13,mode=CITY
2026-03-17 20:37:06,TRACK,6,13,mode=CITY
2026-03-17 20:37:06,TRACK,7,15,mode=CITY
2026-03-17 20:37:06,TRACK,3,14,mode=CITY
2026-03-17 20:37:06,YOLO,4,13,mode=CITY
2026-03-17 20:37:06,TRACK,4,13,mode=CITY
2026-03-17 20:37:06,YOLO,5,14,mode=CITY
2026-03-17 20:37:06,TRACK,5,14,mode=CITY
2026-03-17 20:37:06,TRACK,1,13,mode=CITY
2026-03-17 20:37:06,TRACK,0,15,mode=CITY
2026-03-17 20:37:06,TRACK,2,15,mode=CITY
2026-03-17 20:37:06,TRACK,7,14,mode=CITY
2026-03-17 20:37:06,BLOB,4,2,mode=CITY
2026-03-17 20:37:08,TRACK,3,4,mode=CITY
2026-03-17 20:37:08,TRACK,3,7,mode=CITY
2026-03-17 20:37:08,TRACK,5,4,mode=CITY
2026-03-17 20:37:08,TRACK,4,6,mode=CITY
2026-03-17 20:37:08,YOLO,5,7,mode=CITY
2026-03-17 20:37:08,TRACK,5,7,mode=CITY
2026-03-17 20:37:08,TRACK,0,5,mode=CITY
2026-03-17 20:37:08,TRACK,1,6,mode=CITY
2026-03-17 20:37:08,TRACK,0,8,mode=CITY
2026-03-17 20:37:08,TRACK,2,5,mode=CITY
2026-03-17 20:37:08,TRACK,2,8,mode=CITY
2026-03-17 20:37:08,TRACK,7,4,mode=CITY
2026-03-17 20:37:08,TRACK,7,7,mode=CITY
2026-03-17 20:37:08,TRACK,6,5,mode=CITY
2026-03-17 20:37:08,TRACK,6,8,mode=CITY
2026-03-17 20:37:08,TRACK,4,5,mode=CITY
2026-03-17 20:37:08,YOLO,5,6,mode=CITY
2026-03-17 20:37:08,TRACK,5,6,mode=CITY
2026-03-17 20:37:08,TRACK,4,8,mode=CITY
2026-03-17 20:37:08,TRACK,3,6,mode=CITY
2026-03-17 20:37:08,TRACK,0,7,mode=CITY
2026-03-17 20:37:08,TRACK,2,4,mode=CITY
2026-03-17 20:37:08,TRACK,0,4,mode=CITY
2026-03-17 20:37:08,TRACK,2,7,mode=CITY
2026-03-17 20:37:08,TRACK,1,5,mode=CITY
2026-03-17 20:37:08,TRACK,1,8,mode=CITY
2026-03-17 20:37:08,TRACK,6,4,mode=CITY
2026-03-17 20:37:08,TRACK,6,7,mode=CITY
2026-03-17 20:37:08,TRACK,7,6,mode=CITY
2026-03-17 20:37:08,TRACK,4,7,mode=CITY
2026-03-17 20:37:08,TRACK,3,5,mode=CITY
2026-03-17 20:37:08,TRACK,4,4,mode=CITY
2026-03-17 20:37:08,TRACK,3,8,mode=CITY
2026-03-17 20:37:08,TRACK,5,5,mode=CITY
2026-03-17 20:37:08,TRACK,5,8,mode=CITY
2026-03-17 20:37:08,TRACK,1,4,mode=CITY
2026-03-17 20:37:08,TRACK,0,6,mode=CITY
2026-03-17 20:37:08,TRACK,1,7,mode=CITY
2026-03-17 20:37:08,TRACK,2,6,mode=CITY
2026-03-17 20:37:08,TRACK,6,6,mode=CITY
2026-03-17 20:37:08,TRACK,7,5,mode=CITY
2026-03-17 20:37:08,TRACK,7,8,mode=CITY
2026-03-17 20:37:08,BLOB,4,1,mode=CITY
2026-03-17 20:37:08,BLOB,4,0,mode=CITY
2026-03-17 20:37:08,BLOB,4,2,mode=CITY
2026-03-17 20:37:08,BLOB,5,2,mode=CITY
2026-03-17 20:37:08,BLOB,5,1,mode=CITY
2026-03-17 20:37:08,BLOB,5,3,mode=CITY
2026-03-17 20:37:08,BLOB,4,3,mode=CITY
2026-03-17 20:37:09,TRACK,4,9,mode=CITY
2026-03-17 20:37:09,TRACK,0,9,mode=CITY
2026-03-17 20:37:09,TRACK,7,9,mode=CITY
2026-03-17 20:37:09,TRACK,2,9,mode=CITY
2026-03-17 20:37:09,TRACK,3,9,mode=CITY
2026-03-17 20:37:09,TRACK,5,9,mode=CITY
2026-03-17 20:37:09,TRACK,6,9,mode=CITY
2026-03-17 20:37:09,TRACK,1,9,mode=CITY
2026-03-17 20:37:10,BLOB,3,3,mode=CITY
2026-03-17 20:37:10,BLOB,4,2,mode=CITY
2026-03-17 20:37:10,BLOB,4,3,mode=CITY
2026-03-17 20:37:10,BLOB,3,2,mode=CITY
2026-03-17 20:37:10,BLOB,4,0,mode=CITY
2026-03-17 20:37:11,BLOB,4,1,mode=CITY
2026-03-17 20:37:11,TRACK,4,10,mode=CITY
2026-03-17 20:37:11,TRACK,0,10,mode=CITY
2026-03-17 20:37:11,TRACK,7,10,mode=CITY
2026-03-17 20:37:11,TRACK,2,10,mode=CITY
2026-03-17 20:37:11,TRACK,3,10,mode=CITY
2026-03-17 20:37:11,TRACK,5,10,mode=CITY
2026-03-17 20:37:11,TRACK,6,10,mode=CITY
2026-03-17 20:37:11,TRACK,1,10,mode=CITY
2026-03-17 20:37:11,BLOB,3,1,mode=CITY
2026-03-17 20:37:11,BLOB,2,1,mode=CITY
2026-03-17 20:37:11,BLOB,2,2,mode=CITY
2026-03-17 20:37:11,BLOB,3,0,mode=CITY
2026-03-17 20:37:13,TRACK,4,6,mode=CITY
2026-03-17 20:37:13,TRACK,0,6,mode=CITY
2026-03-17 20:37:13,TRACK,7,6,mode=CITY
2026-03-17 20:37:13,TRACK,2,6,mode=CITY
2026-03-17 20:37:13,TRACK,5,6,mode=CITY
2026-03-17 20:37:13,TRACK,3,6,mode=CITY
2026-03-17 20:37:13,TRACK,6,6,mode=CITY
2026-03-17 20:37:13,TRACK,1,6,mode=CITY
2026-03-17 20:37:14,TRACK,4,4,mode=CITY
2026-03-17 20:37:14,TRACK,7,4,mode=CITY
2026-03-17 20:37:14,TRACK,2,4,mode=CITY
2026-03-17 20:37:14,YOLO,5,5,mode=CITY
2026-03-17 20:37:14,TRACK,5,5,mode=CITY
2026-03-17 20:37:14,TRACK,0,4,mode=CITY
2026-03-17 20:37:14,TRACK,3,4,mode=CITY
2026-03-17 20:37:14,TRACK,6,5,mode=CITY
2026-03-17 20:37:14,TRACK,1,5,mode=CITY
2026-03-17 20:37:14,TRACK,5,4,mode=CITY
2026-03-17 20:37:14,TRACK,6,4,mode=CITY
2026-03-17 20:37:14,TRACK,1,4,mode=CITY
2026-03-17 20:37:14,TRACK,4,5,mode=CITY
2026-03-17 20:37:14,TRACK,0,5,mode=CITY
2026-03-17 20:37:14,TRACK,7,5,mode=CITY
2026-03-17 20:37:14,TRACK,2,5,mode=CITY
2026-03-17 20:37:14,TRACK,3,5,mode=CITY
2026-03-17 20:37:14,TRACK,4,3,mode=CITY
2026-03-17 20:37:14,TRACK,0,3,mode=CITY
2026-03-17 20:37:14,TRACK,7,3,mode=CITY
2026-03-17 20:37:14,TRACK,2,3,mode=CITY
2026-03-17 20:37:14,TRACK,3,3,mode=CITY
2026-03-17 20:37:14,TRACK,5,3,mode=CITY
2026-03-17 20:37:14,TRACK,6,3,mode=CITY
2026-03-17 20:37:14,TRACK,1,3,mode=CITY
2026-03-17 20:37:15,TRACK,6,2,mode=CITY
2026-03-17 20:37:15,TRACK,1,2,mode=CITY
2026-03-17 20:37:15,TRACK,4,2,mode=CITY
2026-03-17 20:37:15,TRACK,0,2,mode=CITY
2026-03-17 20:37:15,TRACK,7,2,mode=CITY
2026-03-17 20:37:15,TRACK,2,2,mode=CITY
2026-03-17 20:37:15,TRACK,3,2,mode=CITY
2026-03-17 20:37:15,TRACK,5,2,mode=CITY
2026-03-17 20:37:17,BLOB,2,1,mode=CITY
2026-03-17 20:37:17,TRACK,0,1,mode=CITY
2026-03-17 20:37:17,TRACK,7,1,mode=CITY
2026-03-17 20:37:17,TRACK,3,1,mode=CITY
2026-03-17 20:37:17,TRACK,6,1,mode=CITY
2026-03-17 20:37:17,TRACK,1,1,mode=CITY
2026-03-17 20:37:17,TRACK,5,1,mode=CITY
2026-03-17 20:37:17,TRACK,4,1,mode=CITY
2026-03-17 20:37:18,TRACK,0,7,mode=CITY
2026-03-17 20:37:18,TRACK,7,7,mode=CITY
2026-03-17 20:37:18,TRACK,2,7,mode=CITY
2026-03-17 20:37:18,TRACK,3,7,mode=CITY
2026-03-17 20:37:18,TRACK,5,7,mode=CITY
2026-03-17 20:37:18,TRACK,6,7,mode=CITY
2026-03-17 20:37:18,TRACK,1,7,mode=CITY
2026-03-17 20:37:18,TRACK,4,7,mode=CITY
2026-03-17 20:37:18,TRACK,3,8,mode=CITY
2026-03-17 20:37:18,TRACK,5,8,mode=CITY
2026-03-17 20:37:18,TRACK,6,8,mode=CITY
2026-03-17 20:37:18,TRACK,1,8,mode=CITY
2026-03-17 20:37:18,TRACK,4,8,mode=CITY
2026-03-17 20:37:18,TRACK,0,8,mode=CITY
2026-03-17 20:37:18,TRACK,7,8,mode=CITY
2026-03-17 20:37:18,TRACK,2,8,mode=CITY
2026-03-17 20:37:19,TRACK,4,9,mode=CITY
2026-03-17 20:37:19,TRACK,0,9,mode=CITY
2026-03-17 20:37:19,TRACK,7,9,mode=CITY
2026-03-17 20:37:19,TRACK,2,9,mode=CITY
2026-03-17 20:37:19,TRACK,3,9,mode=CITY
2026-03-17 20:37:19,TRACK,5,9,mode=CITY
2026-03-17 20:37:19,TRACK,6,9,mode=CITY
2026-03-17 20:37:19,TRACK,1,9,mode=CITY
2026-03-17 20:37:20,TRACK,4,10,mode=CITY
2026-03-17 20:37:20,TRACK,0,10,mode=CITY
2026-03-17 20:37:20,TRACK,7,10,mode=CITY
2026-03-17 20:37:20,TRACK,2,10,mode=CITY
2026-03-17 20:37:20,TRACK,3,10,mode=CITY
2026-03-17 20:37:20,TRACK,5,10,mode=CITY
2026-03-17 20:37:20,TRACK,6,10,mode=CITY
2026-03-17 20:37:20,TRACK,1,10,mode=CITY
2026-03-17 20:37:20,TRACK,5,11,mode=CITY
2026-03-17 20:37:20,TRACK,6,11,mode=CITY
2026-03-17 20:37:20,TRACK,1,11,mode=CITY
2026-03-17 20:37:20,TRACK,4,11,mode=CITY
2026-03-17 20:37:20,TRACK,7,11,mode=CITY
2026-03-17 20:37:20,TRACK,2,11,mode=CITY
2026-03-17 20:37:20,TRACK,0,11,mode=CITY
2026-03-17 20:37:20,TRACK,3,11,mode=CITY
2026-03-17 20:37:21,TRACK,5,5,mode=CITY
2026-03-17 20:37:21,TRACK,6,5,mode=CITY
2026-03-17 20:37:21,TRACK,1,5,mode=CITY
2026-03-17 20:37:21,TRACK,4,5,mode=CITY
2026-03-17 20:37:21,TRACK,0,5,mode=CITY
2026-03-17 20:37:21,TRACK,7,5,mode=CITY
2026-03-17 20:37:21,TRACK,2,5,mode=CITY
2026-03-17 20:37:21,TRACK,3,5,mode=CITY
2026-03-17 20:37:27,TRACK,5,5,mode=CITY
2026-03-17 20:37:27,TRACK,6,5,mode=CITY
2026-03-17 20:37:27,TRACK,1,5,mode=CITY
2026-03-17 20:37:27,TRACK,4,5,mode=CITY
2026-03-17 20:37:27,TRACK,0,5,mode=CITY
2026-03-17 20:37:27,TRACK,7,5,mode=CITY
2026-03-17 20:37:27,TRACK,2,5,mode=CITY
2026-03-17 20:37:27,TRACK,3,5,mode=CITY
2026-03-17 20:37:28,TRACK,4,4,mode=CITY
2026-03-17 20:37:28,TRACK,7,4,mode=CITY
2026-03-17 20:37:28,TRACK,2,4,mode=CITY
2026-03-17 20:37:28,TRACK,0,4,mode=CITY
2026-03-17 20:37:28,TRACK,3,4,mode=CITY
2026-03-17 20:37:28,TRACK,4,3,mode=CITY
2026-03-17 20:37:28,TRACK,5,4,mode=CITY
2026-03-17 20:37:28,TRACK,0,3,mode=CITY
2026-03-17 20:37:28,TRACK,6,4,mode=CITY
2026-03-17 20:37:28,TRACK,1,4,mode=CITY
2026-03-17 20:37:28,TRACK,7,3,mode=CITY
2026-03-17 20:37:28,TRACK,2,3,mode=CITY
2026-03-17 20:37:28,TRACK,3,3,mode=CITY
2026-03-17 20:37:28,TRACK,5,3,mode=CITY
2026-03-17 20:37:28,TRACK,6,3,mode=CITY
2026-03-17 20:37:28,TRACK,1,3,mode=CITY
2026-03-17 20:37:30,TRACK,4,4,mode=CITY
2026-03-17 20:37:30,TRACK,7,4,mode=CITY
2026-03-17 20:37:30,TRACK,2,4,mode=CITY
2026-03-17 20:37:30,TRACK,5,5,mode=CITY
2026-03-17 20:37:30,TRACK,0,4,mode=CITY
2026-03-17 20:37:30,TRACK,3,4,mode=CITY
2026-03-17 20:37:30,TRACK,6,5,mode=CITY
2026-03-17 20:37:30,TRACK,1,5,mode=CITY
2026-03-17 20:37:30,TRACK,5,4,mode=CITY
2026-03-17 20:37:30,TRACK,6,4,mode=CITY
2026-03-17 20:37:30,TRACK,1,4,mode=CITY
2026-03-17 20:37:30,YOLO,4,5,mode=CITY
2026-03-17 20:37:30,TRACK,4,5,mode=CITY
2026-03-17 20:37:30,TRACK,0,5,mode=CITY
2026-03-17 20:37:30,TRACK,7,5,mode=CITY
2026-03-17 20:37:30,TRACK,2,5,mode=CITY
2026-03-17 20:37:30,TRACK,3,5,mode=CITY
2026-03-17 20:37:31,TRACK,6,12,mode=CITY
2026-03-17 20:37:31,TRACK,1,12,mode=CITY
2026-03-17 20:37:31,TRACK,4,13,mode=CITY
2026-03-17 20:37:31,TRACK,0,13,mode=CITY
2026-03-17 20:37:31,YOLO,4,12,mode=CITY
2026-03-17 20:37:31,TRACK,4,12,mode=CITY
2026-03-17 20:37:31,TRACK,7,13,mode=CITY
2026-03-17 20:37:31,TRACK,2,13,mode=CITY
2026-03-17 20:37:31,TRACK,5,13,mode=CITY
2026-03-17 20:37:31,TRACK,0,12,mode=CITY
2026-03-17 20:37:31,TRACK,3,13,mode=CITY
2026-03-17 20:37:31,TRACK,6,13,mode=CITY
2026-03-17 20:37:31,TRACK,1,13,mode=CITY
2026-03-17 20:37:31,TRACK,7,12,mode=CITY
2026-03-17 20:37:31,TRACK,2,12,mode=CITY
2026-03-17 20:37:31,TRACK,3,12,mode=CITY
2026-03-17 20:37:31,TRACK,5,12,mode=CITY
2026-03-17 20:37:32,TRACK,4,4,mode=CITY
2026-03-17 20:37:32,TRACK,7,4,mode=CITY
2026-03-17 20:37:32,TRACK,2,4,mode=CITY
2026-03-17 20:37:32,TRACK,5,5,mode=CITY
2026-03-17 20:37:32,TRACK,0,4,mode=CITY
2026-03-17 20:37:32,TRACK,3,4,mode=CITY
2026-03-17 20:37:32,TRACK,6,5,mode=CITY
2026-03-17 20:37:32,TRACK,1,5,mode=CITY
2026-03-17 20:37:32,TRACK,5,4,mode=CITY
2026-03-17 20:37:32,TRACK,6,4,mode=CITY
2026-03-17 20:37:32,TRACK,1,4,mode=CITY
2026-03-17 20:37:32,YOLO,4,5,mode=CITY
2026-03-17 20:37:32,TRACK,4,5,mode=CITY
2026-03-17 20:37:32,TRACK,0,5,mode=CITY
2026-03-17 20:37:32,TRACK,7,5,mode=CITY
2026-03-17 20:37:32,TRACK,2,5,mode=CITY
2026-03-17 20:37:32,TRACK,3,5,mode=CITY
2026-03-17 20:37:32,TRACK,6,12,mode=CITY
2026-03-17 20:37:32,YOLO,4,12,mode=CITY
2026-03-17 20:37:32,TRACK,4,12,mode=CITY
2026-03-17 20:37:32,TRACK,5,13,mode=CITY
2026-03-17 20:37:32,TRACK,3,13,mode=CITY
2026-03-17 20:37:32,TRACK,0,14,mode=CITY
2026-03-17 20:37:32,TRACK,2,14,mode=CITY
2026-03-17 20:37:32,TRACK,1,12,mode=CITY
2026-03-17 20:37:32,TRACK,6,14,mode=CITY
2026-03-17 20:37:32,TRACK,7,13,mode=CITY
2026-03-17 20:37:32,TRACK,4,14,mode=CITY
2026-03-17 20:37:32,TRACK,3,12,mode=CITY
2026-03-17 20:37:32,TRACK,5,12,mode=CITY
2026-03-17 20:37:32,TRACK,0,13,mode=CITY
2026-03-17 20:37:32,TRACK,1,14,mode=CITY
2026-03-17 20:37:32,TRACK,2,13,mode=CITY
2026-03-17 20:37:32,TRACK,6,13,mode=CITY
2026-03-17 20:37:32,TRACK,7,12,mode=CITY
2026-03-17 20:37:32,TRACK,3,14,mode=CITY
2026-03-17 20:37:32,TRACK,4,13,mode=CITY
2026-03-17 20:37:32,TRACK,5,14,mode=CITY
2026-03-17 20:37:32,TRACK,0,12,mode=CITY
2026-03-17 20:37:32,TRACK,1,13,mode=CITY
2026-03-17 20:37:32,TRACK,2,12,mode=CITY
2026-03-17 20:37:32,TRACK,7,14,mode=CITY
2026-03-17 20:37:33,TRACK,6,12,mode=CITY
2026-03-17 20:37:33,TRACK,4,3,mode=CITY
2026-03-17 20:37:33,YOLO,4,12,mode=CITY
2026-03-17 20:37:33,TRACK,4,12,mode=CITY
2026-03-17 20:37:33,TRACK,5,13,mode=CITY
2026-03-17 20:37:33,TRACK,3,13,mode=CITY
2026-03-17 20:37:33,TRACK,0,14,mode=CITY
2026-03-17 20:37:33,TRACK,1,3,mode=CITY
2026-03-17 20:37:33,TRACK,2,14,mode=CITY
2026-03-17 20:37:33,TRACK,1,12,mode=CITY
2026-03-17 20:37:33,TRACK,6,14,mode=CITY
2026-03-17 20:37:33,TRACK,7,13,mode=CITY
2026-03-17 20:37:33,TRACK,3,3,mode=CITY
2026-03-17 20:37:33,TRACK,4,14,mode=CITY
2026-03-17 20:37:33,TRACK,5,3,mode=CITY
2026-03-17 20:37:33,TRACK,3,12,mode=CITY
2026-03-17 20:37:33,TRACK,5,12,mode=CITY
2026-03-17 20:37:33,TRACK,0,13,mode=CITY
2026-03-17 20:37:33,TRACK,1,14,mode=CITY
2026-03-17 20:37:33,TRACK,2,13,mode=CITY
2026-03-17 20:37:33,TRACK,7,3,mode=CITY
2026-03-17 20:37:33,TRACK,6,13,mode=CITY
2026-03-17 20:37:33,TRACK,7,12,mode=CITY
2026-03-17 20:37:33,TRACK,3,14,mode=CITY
2026-03-17 20:37:33,YOLO,4,13,mode=CITY
2026-03-17 20:37:33,TRACK,4,13,mode=CITY
2026-03-17 20:37:33,TRACK,5,14,mode=CITY
2026-03-17 20:37:33,TRACK,0,3,mode=CITY
2026-03-17 20:37:33,TRACK,2,3,mode=CITY
2026-03-17 20:37:33,TRACK,0,12,mode=CITY
2026-03-17 20:37:33,TRACK,1,13,mode=CITY
2026-03-17 20:37:33,TRACK,2,12,mode=CITY
2026-03-17 20:37:33,TRACK,6,3,mode=CITY
2026-03-17 20:37:33,TRACK,7,14,mode=CITY
2026-03-17 20:37:34,TRACK,3,8,mode=CITY
2026-03-17 20:37:34,TRACK,4,3,mode=CITY
2026-03-17 20:37:34,TRACK,5,8,mode=CITY
2026-03-17 20:37:34,TRACK,6,8,mode=CITY
2026-03-17 20:37:34,TRACK,1,8,mode=CITY
2026-03-17 20:37:34,TRACK,0,3,mode=CITY
2026-03-17 20:37:34,TRACK,7,3,mode=CITY
2026-03-17 20:37:34,TRACK,2,3,mode=CITY
2026-03-17 20:37:34,TRACK,3,3,mode=CITY
2026-03-17 20:37:34,TRACK,4,8,mode=CITY
2026-03-17 20:37:34,TRACK,5,3,mode=CITY
2026-03-17 20:37:34,TRACK,0,8,mode=CITY
2026-03-17 20:37:34,TRACK,6,3,mode=CITY
2026-03-17 20:37:34,TRACK,1,3,mode=CITY
2026-03-17 20:37:34,TRACK,7,8,mode=CITY
2026-03-17 20:37:34,TRACK,2,8,mode=CITY
2026-03-17 20:37:34,TRACK,4,0,mode=CITY
2026-03-17 20:37:34,TRACK,3,1,mode=CITY
2026-03-17 20:37:34,TRACK,5,1,mode=CITY
2026-03-17 20:37:34,TRACK,0,2,mode=CITY
2026-03-17 20:37:34,TRACK,2,2,mode=CITY
2026-03-17 20:37:34,TRACK,1,0,mode=CITY
2026-03-17 20:37:34,TRACK,6,2,mode=CITY
2026-03-17 20:37:34,TRACK,7,1,mode=CITY
2026-03-17 20:37:34,YOLO,4,2,mode=CITY
2026-03-17 20:37:34,TRACK,4,2,mode=CITY
2026-03-17 20:37:34,TRACK,3,0,mode=CITY
2026-03-17 20:37:34,TRACK,5,0,mode=CITY
2026-03-17 20:37:34,TRACK,0,1,mode=CITY
2026-03-17 20:37:34,TRACK,1,2,mode=CITY
2026-03-17 20:37:34,TRACK,2,1,mode=CITY
2026-03-17 20:37:34,TRACK,6,1,mode=CITY
2026-03-17 20:37:34,TRACK,7,0,mode=CITY
2026-03-17 20:37:34,TRACK,3,2,mode=CITY
2026-03-17 20:37:34,TRACK,4,1,mode=CITY
2026-03-17 20:37:34,YOLO,5,2,mode=CITY
2026-03-17 20:37:34,TRACK,5,2,mode=CITY
2026-03-17 20:37:34,TRACK,0,0,mode=CITY
2026-03-17 20:37:34,TRACK,1,1,mode=CITY
2026-03-17 20:37:34,TRACK,2,0,mode=CITY
2026-03-17 20:37:34,TRACK,7,2,mode=CITY
2026-03-17 20:37:34,TRACK,6,0,mode=CITY
2026-03-17 20:37:35,BLOB,4,9,mode=CITY
2026-03-17 20:37:35,TRACK,0,9,mode=CITY
2026-03-17 20:37:35,TRACK,7,9,mode=CITY
2026-03-17 20:37:35,TRACK,2,9,mode=CITY
2026-03-17 20:37:35,TRACK,3,9,mode=CITY
2026-03-17 20:37:35,TRACK,5,9,mode=CITY
2026-03-17 20:37:35,TRACK,6,9,mode=CITY
2026-03-17 20:37:35,TRACK,1,9,mode=CITY
2026-03-17 20:37:35,BLOB,4,10,mode=CITY
2026-03-17 20:37:35,BLOB,4,11,mode=CITY
2026-03-17 20:37:35,BLOB,5,11,mode=CITY
2026-03-17 20:37:35,TRACK,0,10,mode=CITY
2026-03-17 20:37:35,TRACK,7,10,mode=CITY
2026-03-17 20:37:35,TRACK,2,10,mode=CITY
2026-03-17 20:37:35,TRACK,3,10,mode=CITY
2026-03-17 20:37:35,TRACK,5,10,mode=CITY
2026-03-17 20:37:35,TRACK,6,10,mode=CITY
2026-03-17 20:37:35,TRACK,1,10,mode=CITY
2026-03-17 20:37:35,TRACK,6,11,mode=CITY
2026-03-17 20:37:35,TRACK,1,11,mode=CITY
2026-03-17 20:37:35,TRACK,7,11,mode=CITY
2026-03-17 20:37:35,TRACK,2,11,mode=CITY
2026-03-17 20:37:35,TRACK,0,11,mode=CITY
2026-03-17 20:37:35,TRACK,3,11,mode=CITY
2026-03-17 20:37:35,BLOB,4,12,mode=CITY
2026-03-17 20:37:35,TRACK,6,12,mode=CITY
2026-03-17 20:37:35,TRACK,1,12,mode=CITY
2026-03-17 20:37:35,YOLO,4,0,mode=CITY
2026-03-17 20:37:35,TRACK,4,0,mode=CITY
2026-03-17 20:37:35,TRACK,0,0,mode=CITY
2026-03-17 20:37:35,TRACK,7,0,mode=CITY
2026-03-17 20:37:35,TRACK,2,0,mode=CITY
2026-03-17 20:37:35,TRACK,3,0,mode=CITY
2026-03-17 20:37:35,TRACK,0,12,mode=CITY
2026-03-17 20:37:35,TRACK,1,0,mode=CITY
2026-03-17 20:37:35,TRACK,7,12,mode=CITY
2026-03-17 20:37:35,YOLO,5,0,mode=CITY
2026-03-17 20:37:35,TRACK,5,0,mode=CITY
2026-03-17 20:37:35,TRACK,2,12,mode=CITY
2026-03-17 20:37:35,TRACK,6,0,mode=CITY
2026-03-17 20:37:35,TRACK,3,12,mode=CITY
2026-03-17 20:37:35,TRACK,5,12,mode=CITY
2026-03-17 20:37:35,BLOB,5,14,mode=CITY
2026-03-17 20:37:35,BLOB,4,15,mode=CITY
2026-03-17 20:37:35,BLOB,5,15,mode=CITY
2026-03-17 20:37:35,BLOB,4,14,mode=CITY
2026-03-17 20:37:35,TRACK,4,13,mode=CITY
2026-03-17 20:37:35,TRACK,0,13,mode=CITY
2026-03-17 20:37:35,TRACK,7,13,mode=CITY
2026-03-17 20:37:35,TRACK,2,13,mode=CITY
2026-03-17 20:37:35,TRACK,5,13,mode=CITY
2026-03-17 20:37:35,TRACK,3,13,mode=CITY
2026-03-17 20:37:35,TRACK,6,13,mode=CITY
2026-03-17 20:37:35,TRACK,1,13,mode=CITY
2026-03-17 20:37:36,TRACK,2,14,mode=CITY
2026-03-17 20:37:36,TRACK,3,14,mode=CITY
2026-03-17 20:37:36,TRACK,6,14,mode=CITY
2026-03-17 20:37:36,TRACK,1,14,mode=CITY
2026-03-17 20:37:36,TRACK,0,14,mode=CITY
2026-03-17 20:37:36,TRACK,7,14,mode=CITY
2026-03-17 20:37:36,TRACK,6,15,mode=CITY
2026-03-17 20:37:36,TRACK,1,15,mode=CITY
2026-03-17 20:37:36,TRACK,0,15,mode=CITY
2026-03-17 20:37:36,TRACK,7,15,mode=CITY
2026-03-17 20:37:36,TRACK,2,15,mode=CITY
2026-03-17 20:37:36,TRACK,3,15,mode=CITY
2026-03-17 20:37:37,TRACK,4,13,mode=CITY
2026-03-17 20:37:37,TRACK,0,13,mode=CITY
2026-03-17 20:37:37,TRACK,7,13,mode=CITY
2026-03-17 20:37:37,TRACK,2,13,mode=CITY
2026-03-17 20:37:37,TRACK,5,13,mode=CITY
2026-03-17 20:37:37,TRACK,3,13,mode=CITY
2026-03-17 20:37:37,TRACK,6,13,mode=CITY
2026-03-17 20:37:37,TRACK,1,13,mode=CITY
2026-03-17 20:37:37,TRACK,2,14,mode=CITY
2026-03-17 20:37:37,YOLO,5,15,mode=CITY
2026-03-17 20:37:37,TRACK,5,15,mode=CITY
2026-03-17 20:37:37,TRACK,3,14,mode=CITY
2026-03-17 20:37:37,TRACK,6,15,mode=CITY
2026-03-17 20:37:37,TRACK,1,15,mode=CITY
2026-03-17 20:37:37,YOLO,5,14,mode=CITY
2026-03-17 20:37:37,TRACK,5,14,mode=CITY
2026-03-17 20:37:37,TRACK,6,14,mode=CITY
2026-03-17 20:37:37,TRACK,1,14,mode=CITY
2026-03-17 20:37:37,YOLO,4,15,mode=CITY
2026-03-17 20:37:37,TRACK,4,15,mode=CITY
2026-03-17 20:37:37,TRACK,0,15,mode=CITY
2026-03-17 20:37:37,YOLO,4,14,mode=CITY
2026-03-17 20:37:37,TRACK,4,14,mode=CITY
2026-03-17 20:37:37,TRACK,7,15,mode=CITY
2026-03-17 20:37:37,TRACK,2,15,mode=CITY
2026-03-17 20:37:37,TRACK,0,14,mode=CITY
2026-03-17 20:37:37,TRACK,3,15,mode=CITY
2026-03-17 20:37:37,TRACK,7,14,mode=CITY
2026-03-17 20:37:39,TRACK,4,10,mode=CITY
2026-03-17 20:37:39,TRACK,0,10,mode=CITY
2026-03-17 20:37:39,TRACK,7,10,mode=CITY
2026-03-17 20:37:39,TRACK,2,10,mode=CITY
2026-03-17 20:37:39,TRACK,3,10,mode=CITY
2026-03-17 20:37:39,TRACK,5,10,mode=CITY
2026-03-17 20:37:39,TRACK,6,10,mode=CITY
2026-03-17 20:37:39,TRACK,1,10,mode=CITY
2026-03-17 20:37:39,TRACK,6,12,mode=CITY
2026-03-17 20:37:39,TRACK,1,12,mode=CITY
2026-03-17 20:37:39,YOLO,5,11,mode=CITY
2026-03-17 20:37:39,TRACK,5,11,mode=CITY
2026-03-17 20:37:39,TRACK,6,11,mode=CITY
2026-03-17 20:37:39,TRACK,1,11,mode=CITY
2026-03-17 20:37:39,TRACK,4,12,mode=CITY
2026-03-17 20:37:39,TRACK,0,12,mode=CITY
2026-03-17 20:37:39,TRACK,7,12,mode=CITY
2026-03-17 20:37:39,TRACK,3,12,mode=CITY
2026-03-17 20:37:39,YOLO,4,11,mode=CITY
2026-03-17 20:37:39,TRACK,4,11,mode=CITY
2026-03-17 20:37:39,TRACK,7,11,mode=CITY
2026-03-17 20:37:39,YOLO,5,12,mode=CITY
2026-03-17 20:37:39,TRACK,5,12,mode=CITY
2026-03-17 20:37:39,TRACK,0,11,mode=CITY
2026-03-17 20:37:39,TRACK,3,11,mode=CITY
2026-03-17 20:37:39,TRACK,2,14,mode=CITY
2026-03-17 20:37:39,TRACK,3,14,mode=CITY
2026-03-17 20:37:39,TRACK,5,14,mode=CITY
2026-03-17 20:37:39,TRACK,6,14,mode=CITY
2026-03-17 20:37:39,TRACK,1,14,mode=CITY
2026-03-17 20:37:39,TRACK,4,14,mode=CITY
2026-03-17 20:37:39,TRACK,0,14,mode=CITY
2026-03-17 20:37:39,TRACK,7,14,mode=CITY
2026-03-17 20:37:40,TRACK,5,15,mode=CITY
2026-03-17 20:37:40,TRACK,6,15,mode=CITY
2026-03-17 20:37:40,TRACK,1,15,mode=CITY
2026-03-17 20:37:40,TRACK,7,15,mode=CITY
2026-03-17 20:37:40,TRACK,4,6,mode=CITY
2026-03-17 20:37:40,TRACK,0,6,mode=CITY
2026-03-17 20:37:40,TRACK,4,15,mode=CITY
2026-03-17 20:37:40,TRACK,7,6,mode=CITY
2026-03-17 20:37:40,TRACK,2,6,mode=CITY
2026-03-17 20:37:40,TRACK,5,6,mode=CITY
2026-03-17 20:37:40,TRACK,0,15,mode=CITY
2026-03-17 20:37:40,TRACK,3,6,mode=CITY
2026-03-17 20:37:40,TRACK,6,6,mode=CITY
2026-03-17 20:37:40,TRACK,2,15,mode=CITY
2026-03-17 20:37:40,TRACK,1,6,mode=CITY
2026-03-17 20:37:40,TRACK,3,15,mode=CITY
2026-03-17 20:37:41,TRACK,4,10,mode=CITY
2026-03-17 20:37:41,TRACK,0,10,mode=CITY
2026-03-17 20:37:41,YOLO,4,9,mode=CITY
2026-03-17 20:37:41,TRACK,4,9,mode=CITY
2026-03-17 20:37:41,TRACK,7,10,mode=CITY
2026-03-17 20:37:41,TRACK,2,10,mode=CITY
2026-03-17 20:37:41,TRACK,0,9,mode=CITY
2026-03-17 20:37:41,TRACK,3,10,mode=CITY
2026-03-17 20:37:41,TRACK,7,9,mode=CITY
2026-03-17 20:37:41,TRACK,2,9,mode=CITY
2026-03-17 20:37:41,TRACK,5,10,mode=CITY
2026-03-17 20:37:41,TRACK,3,9,mode=CITY
2026-03-17 20:37:41,TRACK,6,10,mode=CITY
2026-03-17 20:37:41,TRACK,1,10,mode=CITY
2026-03-17 20:37:41,YOLO,5,9,mode=CITY
2026-03-17 20:37:41,TRACK,5,9,mode=CITY
2026-03-17 20:37:41,TRACK,6,9,mode=CITY
2026-03-17 20:37:41,TRACK,1,9,mode=CITY
2026-03-17 20:37:42,TRACK,5,5,mode=CITY
2026-03-17 20:37:42,TRACK,6,5,mode=CITY
2026-03-17 20:37:42,TRACK,1,5,mode=CITY
2026-03-17 20:37:42,TRACK,4,5,mode=CITY
2026-03-17 20:37:42,TRACK,0,5,mode=CITY
2026-03-17 20:37:42,TRACK,7,5,mode=CITY
2026-03-17 20:37:42,TRACK,2,5,mode=CITY
2026-03-17 20:37:42,TRACK,3,5,mode=CITY
2026-03-17 20:37:43,TRACK,4,9,mode=CITY
2026-03-17 20:37:43,TRACK,0,9,mode=CITY
2026-03-17 20:37:43,TRACK,7,9,mode=CITY
2026-03-17 20:37:43,TRACK,2,9,mode=CITY
2026-03-17 20:37:43,TRACK,3,9,mode=CITY
2026-03-17 20:37:43,TRACK,5,9,mode=CITY
2026-03-17 20:37:43,TRACK,6,9,mode=CITY
2026-03-17 20:37:43,TRACK,1,9,mode=CITY
2026-03-17 20:37:43,TRACK,4,4,mode=CITY
2026-03-17 20:37:43,TRACK,7,4,mode=CITY
2026-03-17 20:37:43,TRACK,2,4,mode=CITY
2026-03-17 20:37:43,TRACK,0,4,mode=CITY
2026-03-17 20:37:43,TRACK,3,4,mode=CITY
2026-03-17 20:37:43,TRACK,5,4,mode=CITY
2026-03-17 20:37:43,TRACK,6,4,mode=CITY
2026-03-17 20:37:43,TRACK,1,4,mode=CITY
2026-03-17 20:37:45,TRACK,4,9,mode=CITY
2026-03-17 20:37:45,TRACK,0,9,mode=CITY
2026-03-17 20:37:45,TRACK,7,9,mode=CITY
2026-03-17 20:37:45,TRACK,2,9,mode=CITY
2026-03-17 20:37:45,TRACK,3,9,mode=CITY
2026-03-17 20:37:45,TRACK,5,9,mode=CITY
2026-03-17 20:37:45,TRACK,6,9,mode=CITY
2026-03-17 20:37:45,TRACK,1,9,mode=CITY
2026-03-17 20:37:46,TRACK,4,10,mode=CITY
2026-03-17 20:37:46,TRACK,0,10,mode=CITY
2026-03-17 20:37:46,TRACK,7,10,mode=CITY
2026-03-17 20:37:46,TRACK,2,10,mode=CITY
2026-03-17 20:37:46,TRACK,3,10,mode=CITY
2026-03-17 20:37:46,TRACK,5,10,mode=CITY
2026-03-17 20:37:46,TRACK,6,10,mode=CITY
2026-03-17 20:37:46,TRACK,1,10,mode=CITY
2026-03-17 20:37:47,BLOB,4,3,mode=CITY
2026-03-17 20:37:47,BLOB,3,3,mode=CITY
2026-03-17 20:37:47,BLOB,2,11,mode=CITY
2026-03-17 20:37:47,BLOB,2,12,mode=CITY
2026-03-17 20:37:47,BLOB,3,2,mode=CITY
2026-03-17 20:37:47,BLOB,4,2,mode=CITY
2026-03-17 20:37:47,TRACK,0,3,mode=CITY
2026-03-17 20:37:47,TRACK,7,3,mode=CITY
2026-03-17 20:37:47,TRACK,2,3,mode=CITY
2026-03-17 20:37:47,TRACK,5,3,mode=CITY
2026-03-17 20:37:47,TRACK,6,3,mode=CITY
2026-03-17 20:37:47,TRACK,1,3,mode=CITY
2026-03-17 20:37:47,BLOB,3,1,mode=CITY
2026-03-17 20:37:48,TRACK,6,12,mode=CITY
2026-03-17 20:37:48,TRACK,1,12,mode=CITY
2026-03-17 20:37:48,TRACK,5,11,mode=CITY
2026-03-17 20:37:48,TRACK,6,11,mode=CITY
2026-03-17 20:37:48,TRACK,1,11,mode=CITY
2026-03-17 20:37:48,TRACK,4,12,mode=CITY
2026-03-17 20:37:48,TRACK,0,12,mode=CITY
2026-03-17 20:37:48,TRACK,7,12,mode=CITY
2026-03-17 20:37:48,TRACK,2,12,mode=CITY
2026-03-17 20:37:48,TRACK,3,12,mode=CITY
2026-03-17 20:37:48,YOLO,4,11,mode=CITY
2026-03-17 20:37:48,TRACK,4,11,mode=CITY
2026-03-17 20:37:48,TRACK,7,11,mode=CITY
2026-03-17 20:37:48,TRACK,2,11,mode=CITY
2026-03-17 20:37:48,TRACK,5,12,mode=CITY
2026-03-17 20:37:48,TRACK,0,11,mode=CITY
2026-03-17 20:37:48,TRACK,3,11,mode=CITY
2026-03-17 20:37:48,BLOB,2,1,mode=CITY
2026-03-17 20:37:48,BLOB,3,0,mode=CITY
2026-03-17 20:37:48,BLOB,2,0,mode=CITY
2026-03-17 20:37:48,BLOB,5,14,mode=CITY
2026-03-17 20:37:48,BLOB,4,15,mode=CITY
2026-03-17 20:37:48,BLOB,5,15,mode=CITY
2026-03-17 20:37:48,BLOB,4,14,mode=CITY
2026-03-17 20:37:48,TRACK,4,13,mode=CITY
2026-03-17 20:37:48,TRACK,0,13,mode=CITY
2026-03-17 20:37:48,TRACK,7,13,mode=CITY
2026-03-17 20:37:48,TRACK,2,13,mode=CITY
2026-03-17 20:37:48,TRACK,5,13,mode=CITY
2026-03-17 20:37:48,TRACK,3,13,mode=CITY
2026-03-17 20:37:48,TRACK,6,13,mode=CITY
2026-03-17 20:37:48,TRACK,1,13,mode=CITY
2026-03-17 20:37:48,TRACK,6,2,mode=CITY
2026-03-17 20:37:48,TRACK,1,2,mode=CITY
2026-03-17 20:37:48,TRACK,4,2,mode=CITY
2026-03-17 20:37:48,TRACK,0,2,mode=CITY
2026-03-17 20:37:48,TRACK,7,2,mode=CITY
2026-03-17 20:37:48,TRACK,2,2,mode=CITY
2026-03-17 20:37:48,TRACK,3,2,mode=CITY
2026-03-17 20:37:48,TRACK,5,2,mode=CITY
2026-03-17 20:37:49,TRACK,0,1,mode=CITY
2026-03-17 20:37:49,TRACK,7,1,mode=CITY
2026-03-17 20:37:49,TRACK,2,1,mode=CITY
2026-03-17 20:37:49,TRACK,3,1,mode=CITY
2026-03-17 20:37:49,TRACK,6,1,mode=CITY
2026-03-17 20:37:49,TRACK,1,1,mode=CITY
2026-03-17 20:37:49,TRACK,5,1,mode=CITY
2026-03-17 20:37:49,TRACK,4,1,mode=CITY
2026-03-17 20:37:49,TRACK,4,0,mode=CITY
2026-03-17 20:37:49,TRACK,0,0,mode=CITY
2026-03-17 20:37:49,TRACK,7,0,mode=CITY
2026-03-17 20:37:49,TRACK,2,0,mode=CITY
2026-03-17 20:37:49,TRACK,3,0,mode=CITY
2026-03-17 20:37:49,TRACK,5,0,mode=CITY
2026-03-17 20:37:49,TRACK,6,0,mode=CITY
2026-03-17 20:37:49,TRACK,1,0,mode=CITY
2026-03-17 20:37:53,BLOB,2,12,mode=CITY
2026-03-17 20:37:53,BLOB,2,13,mode=CITY
2026-03-17 20:37:53,TRACK,4,10,mode=CITY
2026-03-17 20:37:53,TRACK,0,10,mode=CITY
2026-03-17 20:37:53,TRACK,7,10,mode=CITY
2026-03-17 20:37:53,TRACK,2,10,mode=CITY
2026-03-17 20:37:53,TRACK,3,10,mode=CITY
2026-03-17 20:37:53,TRACK,5,10,mode=CITY
2026-03-17 20:37:53,TRACK,6,10,mode=CITY
2026-03-17 20:37:53,TRACK,1,10,mode=CITY
2026-03-17 20:37:59,BLOB,2,6,mode=CITY
2026-03-17 20:38:00,BLOB,2,6,mode=CITY
2026-03-17 20:38:01,BLOB,2,5,mode=CITY
2026-03-17 20:38:02,BLOB,2,6,mode=CITY
2026-03-17 20:38:02,BLOB,2,5,mode=CITY
2026-03-17 20:38:05,BLOB,4,1,mode=CITY
2026-03-17 20:38:05,BLOB,5,1,mode=CITY
2026-03-17 20:38:05,BLOB,4,0,mode=CITY
2026-03-17 20:38:05,BLOB,5,0,mode=CITY
2026-03-17 20:38:06,BLOB,2,15,mode=CITY
2026-03-17 20:38:06,BLOB,2,5,mode=CITY
2026-03-17 20:38:06,BLOB,2,6,mode=CITY
2026-03-17 20:38:07,TRACK,3,4,mode=CITY
2026-03-17 20:38:07,TRACK,5,4,mode=CITY
2026-03-17 20:38:07,YOLO,4,6,mode=CITY
2026-03-17 20:38:07,TRACK,4,6,mode=CITY
2026-03-17 20:38:07,TRACK,0,5,mode=CITY
2026-03-17 20:38:07,TRACK,1,6,mode=CITY
2026-03-17 20:38:07,TRACK,7,4,mode=CITY
2026-03-17 20:38:07,TRACK,6,5,mode=CITY
2026-03-17 20:38:07,YOLO,4,5,mode=CITY
2026-03-17 20:38:07,TRACK,4,5,mode=CITY
2026-03-17 20:38:07,YOLO,5,6,mode=CITY
2026-03-17 20:38:07,TRACK,5,6,mode=CITY
2026-03-17 20:38:07,TRACK,3,6,mode=CITY
2026-03-17 20:38:07,TRACK,2,4,mode=CITY
2026-03-17 20:38:07,TRACK,0,4,mode=CITY
2026-03-17 20:38:07,TRACK,1,5,mode=CITY
2026-03-17 20:38:07,TRACK,6,4,mode=CITY
2026-03-17 20:38:07,TRACK,7,6,mode=CITY
2026-03-17 20:38:07,TRACK,3,5,mode=CITY
2026-03-17 20:38:07,TRACK,4,4,mode=CITY
2026-03-17 20:38:07,YOLO,5,5,mode=CITY
2026-03-17 20:38:07,TRACK,5,5,mode=CITY
2026-03-17 20:38:07,TRACK,1,4,mode=CITY
2026-03-17 20:38:07,TRACK,0,6,mode=CITY
2026-03-17 20:38:07,TRACK,6,6,mode=CITY
2026-03-17 20:38:07,TRACK,7,5,mode=CITY
2026-03-17 20:38:08,YOLO,4,3,mode=CITY
2026-03-17 20:38:08,TRACK,4,3,mode=CITY
2026-03-17 20:38:08,TRACK,3,1,mode=CITY
2026-03-17 20:38:08,TRACK,5,1,mode=CITY
2026-03-17 20:38:08,TRACK,0,2,mode=CITY
2026-03-17 20:38:08,TRACK,2,2,mode=CITY
2026-03-17 20:38:08,TRACK,1,3,mode=CITY
2026-03-17 20:38:08,TRACK,6,2,mode=CITY
2026-03-17 20:38:08,TRACK,7,1,mode=CITY
2026-03-17 20:38:08,TRACK,4,2,mode=CITY
2026-03-17 20:38:08,TRACK,3,3,mode=CITY
2026-03-17 20:38:08,YOLO,5,3,mode=CITY
2026-03-17 20:38:08,TRACK,5,3,mode=CITY
2026-03-17 20:38:08,TRACK,0,1,mode=CITY
2026-03-17 20:38:08,TRACK,1,2,mode=CITY
2026-03-17 20:38:08,TRACK,2,1,mode=CITY
2026-03-17 20:38:08,TRACK,6,1,mode=CITY
2026-03-17 20:38:08,TRACK,7,3,mode=CITY
2026-03-17 20:38:08,TRACK,3,2,mode=CITY
2026-03-17 20:38:08,TRACK,4,1,mode=CITY
2026-03-17 20:38:08,TRACK,5,2,mode=CITY
2026-03-17 20:38:08,TRACK,1,1,mode=CITY
2026-03-17 20:38:08,TRACK,0,3,mode=CITY
2026-03-17 20:38:08,TRACK,2,3,mode=CITY
2026-03-17 20:38:08,TRACK,7,2,mode=CITY
2026-03-17 20:38:08,TRACK,6,3,mode=CITY
2026-03-17 20:38:11,BLOB,2,7,mode=CITY
2026-03-17 20:38:18,BLOB,2,11,mode=CITY
2026-03-17 20:38:18,BLOB,2,12,mode=CITY
2026-03-17 20:38:18,BLOB,2,13,mode=CITY
2026-03-17 20:38:21,BLOB,2,12,mode=CITY
2026-03-17 20:38:22,BLOB,2,13,mode=CITY
2026-03-17 20:38:23,BLOB,2,7,mode=CITY
2026-03-17 20:38:23,BLOB,5,0,mode=CITY
2026-03-17 20:38:24,TRACK,0,7,mode=CITY
2026-03-17 20:38:24,TRACK,7,7,mode=CITY
2026-03-17 20:38:24,TRACK,2,7,mode=CITY
2026-03-17 20:38:24,TRACK,3,7,mode=CITY
2026-03-17 20:38:24,TRACK,5,7,mode=CITY
2026-03-17 20:38:24,TRACK,6,7,mode=CITY
2026-03-17 20:38:24,TRACK,1,7,mode=CITY
2026-03-17 20:38:24,TRACK,4,7,mode=CITY
2026-03-17 20:38:25,BLOB,2,12,mode=CITY
2026-03-17 20:38:25,TRACK,3,8,mode=CITY
2026-03-17 20:38:25,TRACK,5,8,mode=CITY
2026-03-17 20:38:25,TRACK,4,9,mode=CITY
2026-03-17 20:38:25,TRACK,6,8,mode=CITY
2026-03-17 20:38:25,TRACK,1,8,mode=CITY
2026-03-17 20:38:25,TRACK,0,9,mode=CITY
2026-03-17 20:38:25,TRACK,7,9,mode=CITY
2026-03-17 20:38:25,TRACK,2,9,mode=CITY
2026-03-17 20:38:25,TRACK,3,9,mode=CITY
2026-03-17 20:38:25,YOLO,4,8,mode=CITY
2026-03-17 20:38:25,TRACK,4,8,mode=CITY
2026-03-17 20:38:25,TRACK,5,9,mode=CITY
2026-03-17 20:38:25,TRACK,0,8,mode=CITY
2026-03-17 20:38:25,TRACK,6,9,mode=CITY
2026-03-17 20:38:25,TRACK,1,9,mode=CITY
2026-03-17 20:38:25,TRACK,7,8,mode=CITY
2026-03-17 20:38:25,TRACK,2,8,mode=CITY
2026-03-17 20:38:26,TRACK,4,6,mode=CITY
2026-03-17 20:38:26,TRACK,0,6,mode=CITY
2026-03-17 20:38:26,TRACK,7,6,mode=CITY
2026-03-17 20:38:26,TRACK,2,6,mode=CITY
2026-03-17 20:38:26,TRACK,5,6,mode=CITY
2026-03-17 20:38:26,TRACK,3,6,mode=CITY
2026-03-17 20:38:26,TRACK,6,6,mode=CITY
2026-03-17 20:38:26,TRACK,1,6,mode=CITY
2026-03-17 20:38:26,TRACK,5,5,mode=CITY
2026-03-17 20:38:26,TRACK,6,5,mode=CITY
2026-03-17 20:38:26,TRACK,1,5,mode=CITY
2026-03-17 20:38:26,TRACK,4,5,mode=CITY
2026-03-17 20:38:26,TRACK,0,5,mode=CITY
2026-03-17 20:38:26,TRACK,7,5,mode=CITY
2026-03-17 20:38:26,TRACK,2,5,mode=CITY
2026-03-17 20:38:26,TRACK,3,5,mode=CITY
2026-03-17 20:38:27,TRACK,4,4,mode=CITY
2026-03-17 20:38:27,TRACK,7,4,mode=CITY
2026-03-17 20:38:27,TRACK,2,4,mode=CITY
2026-03-17 20:38:27,TRACK,0,4,mode=CITY
2026-03-17 20:38:27,TRACK,3,4,mode=CITY
2026-03-17 20:38:27,TRACK,5,4,mode=CITY
2026-03-17 20:38:27,TRACK,6,4,mode=CITY
2026-03-17 20:38:27,TRACK,1,4,mode=CITY
2026-03-17 20:38:27,BLOB,2,13,mode=CITY
2026-03-17 20:38:27,BLOB,2,14,mode=CITY
2026-03-17 20:38:27,TRACK,4,3,mode=CITY
2026-03-17 20:38:27,TRACK,0,3,mode=CITY
2026-03-17 20:38:27,TRACK,7,3,mode=CITY
2026-03-17 20:38:27,TRACK,2,3,mode=CITY
2026-03-17 20:38:27,TRACK,3,3,mode=CITY
2026-03-17 20:38:27,TRACK,5,3,mode=CITY
2026-03-17 20:38:27,TRACK,6,3,mode=CITY
2026-03-17 20:38:27,TRACK,1,3,mode=CITY
2026-03-17 20:38:28,BLOB,2,15,mode=CITY
2026-03-17 20:38:28,TRACK,0,1,mode=CITY
2026-03-17 20:38:28,TRACK,6,2,mode=CITY
2026-03-17 20:38:28,TRACK,1,2,mode=CITY
2026-03-17 20:38:28,TRACK,7,1,mode=CITY
2026-03-17 20:38:28,TRACK,2,1,mode=CITY
2026-03-17 20:38:28,TRACK,3,1,mode=CITY
2026-03-17 20:38:28,TRACK,6,1,mode=CITY
2026-03-17 20:38:28,TRACK,1,1,mode=CITY
2026-03-17 20:38:28,TRACK,5,1,mode=CITY
2026-03-17 20:38:28,YOLO,4,2,mode=CITY
2026-03-17 20:38:28,TRACK,4,2,mode=CITY
2026-03-17 20:38:28,TRACK,0,2,mode=CITY
2026-03-17 20:38:28,TRACK,7,2,mode=CITY
2026-03-17 20:38:28,TRACK,2,2,mode=CITY
2026-03-17 20:38:28,TRACK,3,2,mode=CITY
2026-03-17 20:38:28,TRACK,4,1,mode=CITY
2026-03-17 20:38:28,TRACK,5,2,mode=CITY
2026-03-17 20:38:29,TRACK,4,0,mode=CITY
2026-03-17 20:38:29,TRACK,0,0,mode=CITY
2026-03-17 20:38:29,TRACK,7,0,mode=CITY
2026-03-17 20:38:29,TRACK,2,0,mode=CITY
2026-03-17 20:38:29,TRACK,3,0,mode=CITY
2026-03-17 20:38:29,TRACK,5,0,mode=CITY
2026-03-17 20:38:29,TRACK,6,0,mode=CITY
2026-03-17 20:38:29,TRACK,1,0,mode=CITY
2026-03-17 20:38:29,TRACK,0,7,mode=CITY
2026-03-17 20:38:29,TRACK,7,7,mode=CITY
2026-03-17 20:38:29,TRACK,2,7,mode=CITY
2026-03-17 20:38:29,TRACK,3,7,mode=CITY
2026-03-17 20:38:29,TRACK,5,7,mode=CITY
2026-03-17 20:38:29,TRACK,6,7,mode=CITY
2026-03-17 20:38:29,TRACK,1,7,mode=CITY
2026-03-17 20:38:29,TRACK,4,7,mode=CITY
2026-03-17 20:38:30,TRACK,4,3,mode=CITY
2026-03-17 20:38:30,TRACK,0,3,mode=CITY
2026-03-17 20:38:30,TRACK,7,3,mode=CITY
2026-03-17 20:38:30,TRACK,2,3,mode=CITY
2026-03-17 20:38:30,TRACK,3,3,mode=CITY
2026-03-17 20:38:30,TRACK,5,3,mode=CITY
2026-03-17 20:38:30,TRACK,6,3,mode=CITY
2026-03-17 20:38:30,TRACK,1,3,mode=CITY
2026-03-17 20:38:30,TRACK,3,8,mode=CITY
2026-03-17 20:38:30,TRACK,5,8,mode=CITY
2026-03-17 20:38:30,TRACK,6,8,mode=CITY
2026-03-17 20:38:30,TRACK,1,8,mode=CITY
2026-03-17 20:38:30,TRACK,4,8,mode=CITY
2026-03-17 20:38:30,TRACK,0,8,mode=CITY
2026-03-17 20:38:30,TRACK,7,8,mode=CITY
2026-03-17 20:38:30,TRACK,2,8,mode=CITY
2026-03-17 20:38:30,TRACK,4,9,mode=CITY
2026-03-17 20:38:30,TRACK,0,9,mode=CITY
2026-03-17 20:38:30,TRACK,7,9,mode=CITY
2026-03-17 20:38:30,TRACK,2,9,mode=CITY
2026-03-17 20:38:30,TRACK,3,9,mode=CITY
2026-03-17 20:38:30,TRACK,5,9,mode=CITY
2026-03-17 20:38:30,TRACK,6,9,mode=CITY
2026-03-17 20:38:30,TRACK,1,9,mode=CITY
2026-03-17 20:38:30,TRACK,4,10,mode=CITY
2026-03-17 20:38:30,TRACK,0,10,mode=CITY
2026-03-17 20:38:30,TRACK,7,10,mode=CITY
2026-03-17 20:38:30,TRACK,2,10,mode=CITY
2026-03-17 20:38:30,TRACK,3,10,mode=CITY
2026-03-17 20:38:30,TRACK,5,10,mode=CITY
2026-03-17 20:38:30,TRACK,6,10,mode=CITY
2026-03-17 20:38:30,TRACK,1,10,mode=CITY
2026-03-17 20:38:31,TRACK,5,11,mode=CITY
2026-03-17 20:38:31,TRACK,6,11,mode=CITY
2026-03-17 20:38:31,TRACK,1,11,mode=CITY
2026-03-17 20:38:31,TRACK,4,11,mode=CITY
2026-03-17 20:38:31,TRACK,7,11,mode=CITY
2026-03-17 20:38:31,TRACK,2,11,mode=CITY
2026-03-17 20:38:31,TRACK,0,11,mode=CITY
2026-03-17 20:38:31,TRACK,3,11,mode=CITY
2026-03-17 20:38:31,TRACK,6,12,mode=CITY
2026-03-17 20:38:31,TRACK,1,12,mode=CITY
2026-03-17 20:38:31,TRACK,4,12,mode=CITY
2026-03-17 20:38:31,TRACK,0,12,mode=CITY
2026-03-17 20:38:31,TRACK,7,12,mode=CITY
2026-03-17 20:38:31,TRACK,2,12,mode=CITY
2026-03-17 20:38:31,TRACK,3,12,mode=CITY
2026-03-17 20:38:31,TRACK,5,12,mode=CITY
2026-03-17 20:38:32,TRACK,4,13,mode=CITY
2026-03-17 20:38:32,TRACK,0,13,mode=CITY
2026-03-17 20:38:32,TRACK,7,13,mode=CITY
2026-03-17 20:38:32,TRACK,2,13,mode=CITY
2026-03-17 20:38:32,TRACK,5,13,mode=CITY
2026-03-17 20:38:32,TRACK,3,13,mode=CITY
2026-03-17 20:38:32,TRACK,6,13,mode=CITY
2026-03-17 20:38:32,TRACK,1,13,mode=CITY
2026-03-17 20:38:32,TRACK,4,4,mode=CITY
2026-03-17 20:38:32,TRACK,7,4,mode=CITY
2026-03-17 20:38:32,TRACK,2,4,mode=CITY
2026-03-17 20:38:32,TRACK,0,4,mode=CITY
2026-03-17 20:38:32,TRACK,3,4,mode=CITY
2026-03-17 20:38:32,TRACK,5,4,mode=CITY
2026-03-17 20:38:32,TRACK,6,4,mode=CITY
2026-03-17 20:38:32,TRACK,1,4,mode=CITY
2026-03-17 20:38:32,TRACK,4,3,mode=CITY
2026-03-17 20:38:32,TRACK,0,3,mode=CITY
2026-03-17 20:38:32,TRACK,7,3,mode=CITY
2026-03-17 20:38:32,TRACK,2,3,mode=CITY
2026-03-17 20:38:32,TRACK,3,3,mode=CITY
2026-03-17 20:38:32,TRACK,5,3,mode=CITY
2026-03-17 20:38:32,TRACK,6,3,mode=CITY
2026-03-17 20:38:32,TRACK,1,3,mode=CITY
2026-03-17 20:38:33,TRACK,6,2,mode=CITY
2026-03-17 20:38:33,TRACK,1,2,mode=CITY
2026-03-17 20:38:33,TRACK,4,2,mode=CITY
2026-03-17 20:38:33,TRACK,0,2,mode=CITY
2026-03-17 20:38:33,TRACK,7,2,mode=CITY
2026-03-17 20:38:33,TRACK,2,2,mode=CITY
2026-03-17 20:38:33,TRACK,3,2,mode=CITY
2026-03-17 20:38:33,TRACK,5,2,mode=CITY
2026-03-17 20:38:33,TRACK,0,1,mode=CITY
2026-03-17 20:38:33,TRACK,4,0,mode=CITY
2026-03-17 20:38:33,TRACK,7,1,mode=CITY
2026-03-17 20:38:33,TRACK,2,1,mode=CITY
2026-03-17 20:38:33,TRACK,0,0,mode=CITY
2026-03-17 20:38:33,TRACK,3,1,mode=CITY
2026-03-17 20:38:33,TRACK,6,1,mode=CITY
2026-03-17 20:38:33,TRACK,1,1,mode=CITY
2026-03-17 20:38:33,TRACK,7,0,mode=CITY
2026-03-17 20:38:33,TRACK,2,0,mode=CITY
2026-03-17 20:38:33,TRACK,5,1,mode=CITY
2026-03-17 20:38:33,TRACK,3,0,mode=CITY
2026-03-17 20:38:33,TRACK,5,0,mode=CITY
2026-03-17 20:38:33,TRACK,6,0,mode=CITY
2026-03-17 20:38:33,TRACK,1,0,mode=CITY
2026-03-17 20:38:33,TRACK,4,1,mode=CITY
2026-03-17 20:38:34,BLOB,2,9,mode=CITY
2026-03-17 20:38:34,BLOB,2,8,mode=CITY
2026-03-17 20:38:35,BLOB,2,7,mode=CITY
2026-03-17 20:38:35,BLOB,2,6,mode=CITY
2026-03-17 20:38:35,BLOB,2,5,mode=CITY
2026-03-17 20:38:35,TRACK,3,4,mode=CITY
2026-03-17 20:38:35,TRACK,3,7,mode=CITY
2026-03-17 20:38:35,TRACK,5,4,mode=CITY
2026-03-17 20:38:35,YOLO,4,6,mode=CITY
2026-03-17 20:38:35,TRACK,4,6,mode=CITY
2026-03-17 20:38:35,TRACK,5,7,mode=CITY
2026-03-17 20:38:35,TRACK,0,5,mode=CITY
2026-03-17 20:38:35,TRACK,1,6,mode=CITY
2026-03-17 20:38:35,TRACK,7,4,mode=CITY
2026-03-17 20:38:35,TRACK,7,7,mode=CITY
2026-03-17 20:38:35,TRACK,6,5,mode=CITY
2026-03-17 20:38:35,TRACK,4,5,mode=CITY
2026-03-17 20:38:35,TRACK,5,6,mode=CITY
2026-03-17 20:38:35,TRACK,3,6,mode=CITY
2026-03-17 20:38:35,TRACK,0,7,mode=CITY
2026-03-17 20:38:35,TRACK,2,4,mode=CITY
2026-03-17 20:38:35,TRACK,0,4,mode=CITY
2026-03-17 20:38:35,TRACK,1,5,mode=CITY
2026-03-17 20:38:35,TRACK,6,4,mode=CITY
2026-03-17 20:38:35,TRACK,6,7,mode=CITY
2026-03-17 20:38:35,TRACK,7,6,mode=CITY
2026-03-17 20:38:35,TRACK,4,7,mode=CITY
2026-03-17 20:38:35,TRACK,3,5,mode=CITY
2026-03-17 20:38:35,TRACK,4,4,mode=CITY
2026-03-17 20:38:35,TRACK,5,5,mode=CITY
2026-03-17 20:38:35,TRACK,1,4,mode=CITY
2026-03-17 20:38:35,TRACK,0,6,mode=CITY
2026-03-17 20:38:35,TRACK,1,7,mode=CITY
2026-03-17 20:38:35,TRACK,6,6,mode=CITY
2026-03-17 20:38:35,TRACK,7,5,mode=CITY
2026-03-17 20:38:36,BLOB,4,5,mode=CITY
2026-03-17 20:38:36,BLOB,4,6,mode=CITY
2026-03-17 20:38:36,BLOB,5,6,mode=CITY
2026-03-17 20:38:36,BLOB,5,5,mode=CITY
2026-03-17 20:38:36,BLOB,4,4,mode=CITY
2026-03-17 20:38:36,BLOB,5,4,mode=CITY
2026-03-17 20:38:36,BLOB,5,3,mode=CITY
2026-03-17 20:38:36,BLOB,4,3,mode=CITY
2026-03-17 20:38:36,BLOB,2,3,mode=CITY
2026-03-17 20:38:36,BLOB,2,2,mode=CITY
2026-03-17 20:38:36,BLOB,4,2,mode=CITY
2026-03-17 20:38:36,BLOB,5,2,mode=CITY
2026-03-17 20:38:36,BLOB,2,1,mode=CITY
2026-03-17 20:38:36,BLOB,5,1,mode=CITY
2026-03-17 20:38:36,BLOB,4,1,mode=CITY
2026-03-17 20:38:36,BLOB,4,0,mode=CITY
2026-03-17 20:38:36,BLOB,5,0,mode=CITY
2026-03-17 20:38:37,BLOB,2,0,mode=CITY
2026-03-17 20:38:37,TRACK,4,9,mode=CITY
2026-03-17 20:38:37,TRACK,0,9,mode=CITY
2026-03-17 20:38:37,TRACK,7,9,mode=CITY
2026-03-17 20:38:37,TRACK,2,9,mode=CITY
2026-03-17 20:38:37,TRACK,3,9,mode=CITY
2026-03-17 20:38:37,TRACK,5,9,mode=CITY
2026-03-17 20:38:37,TRACK,6,9,mode=CITY
2026-03-17 20:38:37,TRACK,1,9,mode=CITY
2026-03-17 20:38:37,TRACK,3,8,mode=CITY
2026-03-17 20:38:37,TRACK,5,8,mode=CITY
2026-03-17 20:38:37,TRACK,6,8,mode=CITY
2026-03-17 20:38:37,TRACK,1,8,mode=CITY
2026-03-17 20:38:37,TRACK,4,8,mode=CITY
2026-03-17 20:38:37,TRACK,0,8,mode=CITY
2026-03-17 20:38:37,TRACK,7,8,mode=CITY
2026-03-17 20:38:37,TRACK,2,8,mode=CITY
2026-03-17 20:38:38,TRACK,0,7,mode=CITY
2026-03-17 20:38:38,TRACK,7,7,mode=CITY
2026-03-17 20:38:38,TRACK,2,7,mode=CITY
2026-03-17 20:38:38,TRACK,3,7,mode=CITY
2026-03-17 20:38:38,TRACK,5,7,mode=CITY
2026-03-17 20:38:38,TRACK,6,7,mode=CITY
2026-03-17 20:38:38,TRACK,1,7,mode=CITY
2026-03-17 20:38:38,TRACK,4,7,mode=CITY
2026-03-17 20:38:38,TRACK,4,6,mode=CITY
2026-03-17 20:38:38,TRACK,0,6,mode=CITY
2026-03-17 20:38:38,TRACK,7,6,mode=CITY
2026-03-17 20:38:38,TRACK,2,6,mode=CITY
2026-03-17 20:38:38,TRACK,5,6,mode=CITY
2026-03-17 20:38:38,TRACK,3,6,mode=CITY
2026-03-17 20:38:38,TRACK,6,6,mode=CITY
2026-03-17 20:38:38,TRACK,1,6,mode=CITY
2026-03-17 20:38:39,BLOB,3,12,mode=CITY
2026-03-17 20:38:39,BLOB,3,11,mode=CITY
2026-03-17 20:38:39,TRACK,5,5,mode=CITY
2026-03-17 20:38:39,TRACK,6,5,mode=CITY
2026-03-17 20:38:39,TRACK,1,5,mode=CITY
2026-03-17 20:38:39,TRACK,4,5,mode=CITY
2026-03-17 20:38:39,TRACK,0,5,mode=CITY
2026-03-17 20:38:39,TRACK,7,5,mode=CITY
2026-03-17 20:38:39,TRACK,2,5,mode=CITY
2026-03-17 20:38:39,TRACK,3,5,mode=CITY
2026-03-17 20:38:40,BLOB,5,14,mode=CITY
2026-03-17 20:38:40,BLOB,4,14,mode=CITY
2026-03-17 20:38:40,BLOB,4,13,mode=CITY
2026-03-17 20:38:40,BLOB,5,13,mode=CITY
2026-03-17 20:38:40,BLOB,2,9,mode=CITY
2026-03-17 20:38:40,BLOB,2,10,mode=CITY
2026-03-17 20:38:42,TRACK,4,9,mode=CITY
2026-03-17 20:38:42,TRACK,0,9,mode=CITY
2026-03-17 20:38:42,TRACK,7,9,mode=CITY
2026-03-17 20:38:42,TRACK,2,9,mode=CITY
2026-03-17 20:38:42,TRACK,3,9,mode=CITY
2026-03-17 20:38:42,TRACK,5,9,mode=CITY
2026-03-17 20:38:42,TRACK,6,9,mode=CITY
2026-03-17 20:38:42,TRACK,1,9,mode=CITY
2026-03-17 20:38:42,BLOB,5,10,mode=CITY
2026-03-17 20:38:42,BLOB,6,10,mode=CITY
2026-03-17 20:38:42,BLOB,2,10,mode=CITY
2026-03-17 20:38:45,TRACK,4,10,mode=CITY
2026-03-17 20:38:45,TRACK,0,10,mode=CITY
2026-03-17 20:38:45,TRACK,7,10,mode=CITY
2026-03-17 20:38:45,TRACK,2,10,mode=CITY
2026-03-17 20:38:45,TRACK,3,10,mode=CITY
2026-03-17 20:38:45,TRACK,5,10,mode=CITY
2026-03-17 20:38:45,TRACK,6,10,mode=CITY
2026-03-17 20:38:45,TRACK,1,10,mode=CITY
2026-03-17 20:38:46,TRACK,4,6,mode=CITY
2026-03-17 20:38:46,TRACK,0,6,mode=CITY
2026-03-17 20:38:46,TRACK,7,6,mode=CITY
2026-03-17 20:38:46,TRACK,2,6,mode=CITY
2026-03-17 20:38:46,TRACK,5,6,mode=CITY
2026-03-17 20:38:46,TRACK,3,6,mode=CITY
2026-03-17 20:38:46,TRACK,6,6,mode=CITY
2026-03-17 20:38:46,TRACK,1,6,mode=CITY
2026-03-17 20:38:47,TRACK,5,5,mode=CITY
2026-03-17 20:38:47,TRACK,6,5,mode=CITY
2026-03-17 20:38:47,TRACK,1,5,mode=CITY
2026-03-17 20:38:47,TRACK,4,5,mode=CITY
2026-03-17 20:38:47,TRACK,0,5,mode=CITY
2026-03-17 20:38:47,TRACK,7,5,mode=CITY
2026-03-17 20:38:47,TRACK,2,5,mode=CITY
2026-03-17 20:38:47,TRACK,3,5,mode=CITY
2026-03-17 20:38:48,TRACK,3,4,mode=CITY
2026-03-17 20:38:48,TRACK,4,9,mode=CITY
2026-03-17 20:38:48,TRACK,5,4,mode=CITY
2026-03-17 20:38:48,TRACK,3,10,mode=CITY
2026-03-17 20:38:48,TRACK,5,10,mode=CITY
2026-03-17 20:38:48,TRACK,1,9,mode=CITY
2026-03-17 20:38:48,TRACK,7,4,mode=CITY
2026-03-17 20:38:48,TRACK,7,10,mode=CITY
2026-03-17 20:38:48,TRACK,3,9,mode=CITY
2026-03-17 20:38:48,TRACK,5,9,mode=CITY
2026-03-17 20:38:48,TRACK,2,4,mode=CITY
2026-03-17 20:38:48,TRACK,0,4,mode=CITY
2026-03-17 20:38:48,TRACK,0,10,mode=CITY
2026-03-17 20:38:48,TRACK,2,10,mode=CITY
2026-03-17 20:38:48,TRACK,6,4,mode=CITY
2026-03-17 20:38:48,TRACK,7,9,mode=CITY
2026-03-17 20:38:48,TRACK,6,10,mode=CITY
2026-03-17 20:38:48,TRACK,4,4,mode=CITY
2026-03-17 20:38:48,TRACK,4,10,mode=CITY
2026-03-17 20:38:48,TRACK,0,9,mode=CITY
2026-03-17 20:38:48,TRACK,1,4,mode=CITY
2026-03-17 20:38:48,TRACK,2,9,mode=CITY
2026-03-17 20:38:48,TRACK,1,10,mode=CITY
2026-03-17 20:38:48,TRACK,6,9,mode=CITY
2026-03-17 20:38:49,TRACK,4,3,mode=CITY
2026-03-17 20:38:49,TRACK,0,3,mode=CITY
2026-03-17 20:38:49,TRACK,7,3,mode=CITY
2026-03-17 20:38:49,TRACK,2,3,mode=CITY
2026-03-17 20:38:49,TRACK,3,3,mode=CITY
2026-03-17 20:38:49,TRACK,5,3,mode=CITY
2026-03-17 20:38:49,TRACK,6,3,mode=CITY
2026-03-17 20:38:49,TRACK,1,3,mode=CITY
2026-03-17 20:38:49,TRACK,6,2,mode=CITY
2026-03-17 20:38:49,TRACK,1,2,mode=CITY
2026-03-17 20:38:49,TRACK,4,2,mode=CITY
2026-03-17 20:38:49,TRACK,0,2,mode=CITY
2026-03-17 20:38:49,TRACK,7,2,mode=CITY
2026-03-17 20:38:49,TRACK,2,2,mode=CITY
2026-03-17 20:38:49,TRACK,3,2,mode=CITY
2026-03-17 20:38:49,TRACK,5,2,mode=CITY
2026-03-17 20:38:50,TRACK,0,1,mode=CITY
2026-03-17 20:38:50,TRACK,7,1,mode=CITY
2026-03-17 20:38:50,TRACK,2,1,mode=CITY
2026-03-17 20:38:50,TRACK,3,1,mode=CITY
2026-03-17 20:38:50,TRACK,6,1,mode=CITY
2026-03-17 20:38:50,TRACK,1,1,mode=CITY
2026-03-17 20:38:50,TRACK,5,1,mode=CITY
2026-03-17 20:38:50,TRACK,4,1,mode=CITY
2026-03-17 20:38:50,TRACK,4,0,mode=CITY
2026-03-17 20:38:50,TRACK,4,9,mode=CITY
2026-03-17 20:38:50,TRACK,3,7,mode=CITY
2026-03-17 20:38:50,TRACK,3,10,mode=CITY
2026-03-17 20:38:50,TRACK,5,7,mode=CITY
2026-03-17 20:38:50,TRACK,5,10,mode=CITY
2026-03-17 20:38:50,TRACK,1,0,mode=CITY
2026-03-17 20:38:50,TRACK,0,8,mode=CITY
2026-03-17 20:38:50,TRACK,1,9,mode=CITY
2026-03-17 20:38:50,TRACK,2,8,mode=CITY
2026-03-17 20:38:50,TRACK,7,7,mode=CITY
2026-03-17 20:38:50,TRACK,7,10,mode=CITY
2026-03-17 20:38:50,TRACK,6,8,mode=CITY
2026-03-17 20:38:50,TRACK,3,0,mode=CITY
2026-03-17 20:38:50,TRACK,5,0,mode=CITY
2026-03-17 20:38:50,TRACK,3,9,mode=CITY
2026-03-17 20:38:50,YOLO,4,8,mode=CITY
2026-03-17 20:38:50,TRACK,4,8,mode=CITY
2026-03-17 20:38:50,TRACK,5,9,mode=CITY
2026-03-17 20:38:50,TRACK,0,7,mode=CITY
2026-03-17 20:38:50,TRACK,0,10,mode=CITY
2026-03-17 20:38:50,TRACK,2,7,mode=CITY
2026-03-17 20:38:50,TRACK,2,10,mode=CITY
2026-03-17 20:38:50,TRACK,1,8,mode=CITY
2026-03-17 20:38:50,TRACK,7,0,mode=CITY
2026-03-17 20:38:50,TRACK,7,9,mode=CITY
2026-03-17 20:38:50,TRACK,6,7,mode=CITY
2026-03-17 20:38:50,TRACK,6,10,mode=CITY
2026-03-17 20:38:50,TRACK,4,7,mode=CITY
2026-03-17 20:38:50,TRACK,4,10,mode=CITY
2026-03-17 20:38:50,TRACK,3,8,mode=CITY
2026-03-17 20:38:50,TRACK,0,0,mode=CITY
2026-03-17 20:38:50,YOLO,5,8,mode=CITY
2026-03-17 20:38:50,TRACK,5,8,mode=CITY
2026-03-17 20:38:50,TRACK,0,9,mode=CITY
2026-03-17 20:38:50,TRACK,2,0,mode=CITY
2026-03-17 20:38:50,TRACK,2,9,mode=CITY
2026-03-17 20:38:50,TRACK,1,7,mode=CITY
2026-03-17 20:38:50,TRACK,1,10,mode=CITY
2026-03-17 20:38:50,TRACK,6,0,mode=CITY
2026-03-17 20:38:50,TRACK,6,9,mode=CITY
2026-03-17 20:38:50,TRACK,7,8,mode=CITY
2026-03-17 20:38:51,BLOB,2,11,mode=CITY
2026-03-17 20:38:52,BLOB,2,0,mode=CITY
2026-03-17 20:38:53,BLOB,2,0,mode=CITY
2026-03-18 06:04:44,TRACK,4,0,mode=CITY
2026-03-18 06:04:44,YOLO,4,0,mode=CITY
2026-03-18 06:04:44,TRACK,3,7,mode=CITY
2026-03-18 06:04:44,TRACK,5,4,mode=CITY
2026-03-18 06:04:44,YOLO,5,4,mode=CITY
2026-03-18 06:04:44,TRACK,4,6,mode=CITY
2026-03-18 06:04:44,YOLO,4,6,mode=CITY
2026-03-18 06:04:44,TRACK,5,1,mode=CITY
2026-03-18 06:04:44,YOLO,5,1,mode=CITY
2026-03-18 06:04:44,TRACK,0,5,mode=CITY
2026-03-18 06:04:44,TRACK,2,2,mode=CITY
2026-03-18 06:04:44,TRACK,1,0,mode=CITY
2026-03-18 06:04:44,TRACK,7,4,mode=CITY
2026-03-18 06:04:44,YOLO,7,4,mode=CITY
2026-03-18 06:04:44,TRACK,6,2,mode=CITY
2026-03-18 06:04:44,YOLO,6,2,mode=CITY
2026-03-18 06:04:44,TRACK,7,1,mode=CITY
2026-03-18 06:04:44,YOLO,7,1,mode=CITY
2026-03-18 06:04:44,TRACK,4,2,mode=CITY
2026-03-18 06:04:44,YOLO,4,2,mode=CITY
2026-03-18 06:04:44,TRACK,3,0,mode=CITY
2026-03-18 06:04:44,TRACK,5,6,mode=CITY
2026-03-18 06:04:44,YOLO,5,6,mode=CITY
2026-03-18 06:04:44,TRACK,3,6,mode=CITY
2026-03-18 06:04:44,TRACK,5,3,mode=CITY
2026-03-18 06:04:44,YOLO,5,3,mode=CITY
2026-03-18 06:04:44,TRACK,0,7,mode=CITY
2026-03-18 06:04:44,TRACK,2,4,mode=CITY
2026-03-18 06:04:44,TRACK,1,2,mode=CITY
2026-03-18 06:04:44,TRACK,0,4,mode=CITY
2026-03-18 06:04:44,TRACK,2,1,mode=CITY
2026-03-18 06:04:44,TRACK,6,4,mode=CITY
2026-03-18 06:04:44,YOLO,6,4,mode=CITY
2026-03-18 06:04:44,TRACK,7,3,mode=CITY
2026-03-18 06:04:44,YOLO,7,3,mode=CITY
2026-03-18 06:04:44,TRACK,3,2,mode=CITY
2026-03-18 06:04:44,TRACK,4,1,mode=CITY
2026-03-18 06:04:44,YOLO,4,1,mode=CITY
2026-03-18 06:04:44,TRACK,5,5,mode=CITY
2026-03-18 06:04:44,YOLO,5,5,mode=CITY
2026-03-18 06:04:44,TRACK,0,0,mode=CITY
2026-03-18 06:04:44,TRACK,1,4,mode=CITY
2026-03-18 06:04:44,TRACK,0,6,mode=CITY
2026-03-18 06:04:44,TRACK,2,3,mode=CITY
2026-03-18 06:04:44,TRACK,6,6,mode=CITY
2026-03-18 06:04:44,YOLO,6,6,mode=CITY
2026-03-18 06:04:44,TRACK,7,5,mode=CITY
2026-03-18 06:04:44,YOLO,7,5,mode=CITY
2026-03-18 06:04:44,TRACK,6,3,mode=CITY
2026-03-18 06:04:44,YOLO,6,3,mode=CITY
2026-03-18 06:04:44,TRACK,3,4,mode=CITY
2026-03-18 06:04:44,TRACK,4,3,mode=CITY
2026-03-18 06:04:44,YOLO,4,3,mode=CITY
2026-03-18 06:04:44,TRACK,3,1,mode=CITY
2026-03-18 06:04:44,TRACK,5,7,mode=CITY
2026-03-18 06:04:44,TRACK,0,2,mode=CITY
2026-03-18 06:04:44,TRACK,1,6,mode=CITY
2026-03-18 06:04:44,TRACK,2,5,mode=CITY
2026-03-18 06:04:44,TRACK,1,3,mode=CITY
2026-03-18 06:04:44,TRACK,7,7,mode=CITY
2026-03-18 06:04:44,TRACK,6,5,mode=CITY
2026-03-18 06:04:44,YOLO,6,5,mode=CITY
2026-03-18 06:04:44,TRACK,4,5,mode=CITY
2026-03-18 06:04:44,YOLO,4,5,mode=CITY
2026-03-18 06:04:44,TRACK,3,3,mode=CITY
2026-03-18 06:04:44,TRACK,5,0,mode=CITY
2026-03-18 06:04:44,YOLO,5,0,mode=CITY
2026-03-18 06:04:44,TRACK,0,1,mode=CITY
2026-03-18 06:04:44,TRACK,2,7,mode=CITY
2026-03-18 06:04:44,TRACK,1,5,mode=CITY
2026-03-18 06:04:44,TRACK,6,1,mode=CITY
2026-03-18 06:04:44,YOLO,6,1,mode=CITY
2026-03-18 06:04:44,TRACK,7,0,mode=CITY
2026-03-18 06:04:44,YOLO,7,0,mode=CITY
2026-03-18 06:04:44,TRACK,6,7,mode=CITY
2026-03-18 06:04:44,TRACK,7,6,mode=CITY
2026-03-18 06:04:44,YOLO,7,6,mode=CITY
2026-03-18 06:04:44,TRACK,4,7,mode=CITY
2026-03-18 06:04:44,TRACK,3,5,mode=CITY
2026-03-18 06:04:44,TRACK,5,2,mode=CITY
2026-03-18 06:04:44,YOLO,5,2,mode=CITY
2026-03-18 06:04:44,TRACK,4,4,mode=CITY
2026-03-18 06:04:44,YOLO,4,4,mode=CITY
2026-03-18 06:04:44,TRACK,1,1,mode=CITY
2026-03-18 06:04:44,TRACK,0,3,mode=CITY
2026-03-18 06:04:44,TRACK,2,0,mode=CITY
2026-03-18 06:04:44,TRACK,1,7,mode=CITY
2026-03-18 06:04:44,TRACK,2,6,mode=CITY
2026-03-18 06:04:44,TRACK,7,2,mode=CITY
2026-03-18 06:04:44,YOLO,7,2,mode=CITY
2026-03-18 06:04:44,TRACK,6,0,mode=CITY
2026-03-18 06:04:44,YOLO,6,0,mode=CITY
2026-03-18 06:04:48,BLOB,2,11,mode=CITY
2026-03-18 06:04:48,BLOB,2,12,mode=CITY
2026-03-18 06:04:48,BLOB,4,12,mode=CITY
2026-03-18 06:04:49,BLOB,4,13,mode=CITY
2026-03-18 06:04:49,BLOB,4,14,mode=CITY
2026-03-18 06:04:49,BLOB,4,15,mode=CITY
2026-03-18 06:04:50,TRACK,4,4,mode=CITY
2026-03-18 06:04:50,TRACK,7,4,mode=CITY
2026-03-18 06:04:50,TRACK,2,4,mode=CITY
2026-03-18 06:04:50,TRACK,0,4,mode=CITY
2026-03-18 06:04:50,TRACK,3,4,mode=CITY
2026-03-18 06:04:50,TRACK,4,3,mode=CITY
2026-03-18 06:04:50,YOLO,4,3,mode=CITY
2026-03-18 06:04:50,TRACK,5,4,mode=CITY
2026-03-18 06:04:50,TRACK,0,3,mode=CITY
2026-03-18 06:04:50,TRACK,6,4,mode=CITY
2026-03-18 06:04:50,TRACK,1,4,mode=CITY
2026-03-18 06:04:50,TRACK,7,3,mode=CITY
2026-03-18 06:04:50,TRACK,2,3,mode=CITY
2026-03-18 06:04:50,TRACK,3,3,mode=CITY
2026-03-18 06:04:50,TRACK,5,3,mode=CITY
2026-03-18 06:04:50,YOLO,5,3,mode=CITY
2026-03-18 06:04:50,TRACK,6,3,mode=CITY
2026-03-18 06:04:50,YOLO,6,3,mode=CITY
2026-03-18 06:04:50,TRACK,1,3,mode=CITY
2026-03-18 06:04:51,TRACK,5,5,mode=CITY
2026-03-18 06:04:51,TRACK,6,5,mode=CITY
2026-03-18 06:04:51,TRACK,1,5,mode=CITY
2026-03-18 06:04:51,TRACK,4,5,mode=CITY
2026-03-18 06:04:51,TRACK,0,5,mode=CITY
2026-03-18 06:04:51,TRACK,7,5,mode=CITY
2026-03-18 06:04:51,TRACK,2,5,mode=CITY
2026-03-18 06:04:51,TRACK,3,5,mode=CITY
2026-03-18 06:04:51,TRACK,4,6,mode=CITY
2026-03-18 06:04:51,TRACK,0,6,mode=CITY
2026-03-18 06:04:51,TRACK,7,6,mode=CITY
2026-03-18 06:04:51,TRACK,2,6,mode=CITY
2026-03-18 06:04:51,TRACK,5,6,mode=CITY
2026-03-18 06:04:51,TRACK,3,6,mode=CITY
2026-03-18 06:04:51,TRACK,6,6,mode=CITY
2026-03-18 06:04:51,TRACK,1,6,mode=CITY
2026-03-18 06:04:51,TRACK,4,9,mode=CITY
2026-03-18 06:04:51,TRACK,3,7,mode=CITY
2026-03-18 06:04:51,TRACK,3,10,mode=CITY
2026-03-18 06:04:51,TRACK,5,7,mode=CITY
2026-03-18 06:04:51,TRACK,5,10,mode=CITY
2026-03-18 06:04:51,TRACK,0,8,mode=CITY
2026-03-18 06:04:51,TRACK,1,9,mode=CITY
2026-03-18 06:04:51,TRACK,2,8,mode=CITY
2026-03-18 06:04:51,TRACK,7,7,mode=CITY
2026-03-18 06:04:51,TRACK,7,10,mode=CITY
2026-03-18 06:04:51,TRACK,6,8,mode=CITY
2026-03-18 06:04:51,TRACK,3,9,mode=CITY
2026-03-18 06:04:51,TRACK,4,8,mode=CITY
2026-03-18 06:04:51,YOLO,4,8,mode=CITY
2026-03-18 06:04:51,TRACK,5,9,mode=CITY
2026-03-18 06:04:51,TRACK,0,7,mode=CITY
2026-03-18 06:04:51,TRACK,0,10,mode=CITY
2026-03-18 06:04:51,TRACK,2,7,mode=CITY
2026-03-18 06:04:51,TRACK,2,10,mode=CITY
2026-03-18 06:04:51,TRACK,1,8,mode=CITY
2026-03-18 06:04:51,TRACK,7,9,mode=CITY
2026-03-18 06:04:51,TRACK,6,7,mode=CITY
2026-03-18 06:04:51,TRACK,6,10,mode=CITY
2026-03-18 06:04:51,TRACK,4,7,mode=CITY
2026-03-18 06:04:51,TRACK,4,10,mode=CITY
2026-03-18 06:04:51,TRACK,3,8,mode=CITY
2026-03-18 06:04:51,TRACK,5,8,mode=CITY
2026-03-18 06:04:51,TRACK,0,9,mode=CITY
2026-03-18 06:04:51,TRACK,2,9,mode=CITY
2026-03-18 06:04:51,TRACK,1,7,mode=CITY
2026-03-18 06:04:51,TRACK,1,10,mode=CITY
2026-03-18 06:04:51,TRACK,6,9,mode=CITY
2026-03-18 06:04:51,TRACK,7,8,mode=CITY
2026-03-18 06:04:51,TRACK,5,11,mode=CITY
2026-03-18 06:04:51,TRACK,6,11,mode=CITY
2026-03-18 06:04:51,TRACK,1,11,mode=CITY
2026-03-18 06:04:51,TRACK,4,11,mode=CITY
2026-03-18 06:04:51,TRACK,7,11,mode=CITY
2026-03-18 06:04:51,TRACK,2,11,mode=CITY
2026-03-18 06:04:51,TRACK,0,11,mode=CITY
2026-03-18 06:04:51,TRACK,3,11,mode=CITY
2026-03-18 06:04:52,BLOB,5,10,mode=CITY
2026-03-18 06:04:52,BLOB,6,10,mode=CITY
2026-03-18 06:04:53,BLOB,5,11,mode=CITY
2026-03-18 06:04:53,BLOB,6,11,mode=CITY
2026-03-18 06:04:53,TRACK,6,12,mode=CITY
2026-03-18 06:04:53,TRACK,4,12,mode=CITY
2026-03-18 06:04:53,TRACK,3,10,mode=CITY
2026-03-18 06:04:53,TRACK,2,11,mode=CITY
2026-03-18 06:04:53,TRACK,0,11,mode=CITY
2026-03-18 06:04:53,TRACK,1,12,mode=CITY
2026-03-18 06:04:53,TRACK,7,10,mode=CITY
2026-03-18 06:04:53,TRACK,3,12,mode=CITY
2026-03-18 06:04:53,TRACK,4,11,mode=CITY
2026-03-18 06:04:53,TRACK,5,12,mode=CITY
2026-03-18 06:04:53,TRACK,0,10,mode=CITY
2026-03-18 06:04:53,TRACK,1,11,mode=CITY
2026-03-18 06:04:53,TRACK,2,10,mode=CITY
2026-03-18 06:04:53,TRACK,7,12,mode=CITY
2026-03-18 06:04:53,TRACK,3,11,mode=CITY
2026-03-18 06:04:53,TRACK,4,10,mode=CITY
2026-03-18 06:04:53,TRACK,0,12,mode=CITY
2026-03-18 06:04:53,TRACK,2,12,mode=CITY
2026-03-18 06:04:53,TRACK,1,10,mode=CITY
2026-03-18 06:04:53,TRACK,7,11,mode=CITY
2026-03-18 06:04:53,TRACK,4,13,mode=CITY
2026-03-18 06:04:53,TRACK,0,13,mode=CITY
2026-03-18 06:04:53,TRACK,7,13,mode=CITY
2026-03-18 06:04:53,TRACK,2,13,mode=CITY
2026-03-18 06:04:53,TRACK,5,13,mode=CITY
2026-03-18 06:04:53,TRACK,3,13,mode=CITY
2026-03-18 06:04:53,TRACK,6,13,mode=CITY
2026-03-18 06:04:53,TRACK,1,13,mode=CITY
2026-03-18 06:04:53,TRACK,2,14,mode=CITY
2026-03-18 06:04:53,TRACK,3,14,mode=CITY
2026-03-18 06:04:53,TRACK,5,14,mode=CITY
2026-03-18 06:04:53,TRACK,6,14,mode=CITY
2026-03-18 06:04:53,TRACK,1,14,mode=CITY
2026-03-18 06:04:53,TRACK,4,14,mode=CITY
2026-03-18 06:04:53,TRACK,0,14,mode=CITY
2026-03-18 06:04:53,TRACK,7,14,mode=CITY
2026-03-18 06:04:54,TRACK,5,15,mode=CITY
2026-03-18 06:04:54,TRACK,6,15,mode=CITY
2026-03-18 06:04:54,TRACK,1,15,mode=CITY
2026-03-18 06:04:54,TRACK,4,15,mode=CITY
2026-03-18 06:04:54,TRACK,0,15,mode=CITY
2026-03-18 06:04:54,TRACK,7,15,mode=CITY
2026-03-18 06:04:54,TRACK,2,15,mode=CITY
2026-03-18 06:04:54,TRACK,3,15,mode=CITY
2026-03-18 06:04:55,TRACK,4,10,mode=CITY
2026-03-18 06:04:55,TRACK,0,10,mode=CITY
2026-03-18 06:04:55,TRACK,7,10,mode=CITY
2026-03-18 06:04:55,TRACK,2,10,mode=CITY
2026-03-18 06:04:55,TRACK,3,10,mode=CITY
2026-03-18 06:04:55,TRACK,5,10,mode=CITY
2026-03-18 06:04:55,TRACK,6,10,mode=CITY
2026-03-18 06:04:55,TRACK,1,10,mode=CITY
2026-03-18 06:04:55,TRACK,4,9,mode=CITY
2026-03-18 06:04:55,TRACK,0,9,mode=CITY
2026-03-18 06:04:55,TRACK,7,9,mode=CITY
2026-03-18 06:04:55,TRACK,2,9,mode=CITY
2026-03-18 06:04:55,TRACK,3,9,mode=CITY
2026-03-18 06:04:55,TRACK,5,9,mode=CITY
2026-03-18 06:04:55,TRACK,6,9,mode=CITY
2026-03-18 06:04:55,TRACK,1,9,mode=CITY
2026-03-18 06:04:56,TRACK,3,8,mode=CITY
2026-03-18 06:04:56,TRACK,5,8,mode=CITY
2026-03-18 06:04:56,TRACK,6,8,mode=CITY
2026-03-18 06:04:56,TRACK,1,8,mode=CITY
2026-03-18 06:04:56,TRACK,4,8,mode=CITY
2026-03-18 06:04:56,TRACK,0,8,mode=CITY
2026-03-18 06:04:56,TRACK,7,8,mode=CITY
2026-03-18 06:04:56,TRACK,2,8,mode=CITY
2026-03-18 06:04:56,TRACK,0,7,mode=CITY
2026-03-18 06:04:56,TRACK,7,7,mode=CITY
2026-03-18 06:04:56,TRACK,2,7,mode=CITY
2026-03-18 06:04:56,TRACK,3,7,mode=CITY
2026-03-18 06:04:56,TRACK,5,7,mode=CITY
2026-03-18 06:04:56,TRACK,6,7,mode=CITY
2026-03-18 06:04:56,TRACK,1,7,mode=CITY
2026-03-18 06:04:56,TRACK,4,7,mode=CITY
2026-03-18 06:04:56,TRACK,4,6,mode=CITY
2026-03-18 06:04:56,TRACK,0,6,mode=CITY
2026-03-18 06:04:56,TRACK,7,6,mode=CITY
2026-03-18 06:04:56,TRACK,2,6,mode=CITY
2026-03-18 06:04:56,TRACK,5,6,mode=CITY
2026-03-18 06:04:56,TRACK,3,6,mode=CITY
2026-03-18 06:04:56,TRACK,6,6,mode=CITY
2026-03-18 06:04:56,TRACK,1,6,mode=CITY
2026-03-18 06:04:56,TRACK,5,5,mode=CITY
2026-03-18 06:04:56,TRACK,6,5,mode=CITY
2026-03-18 06:04:56,TRACK,1,5,mode=CITY
2026-03-18 06:04:56,TRACK,4,5,mode=CITY
2026-03-18 06:04:56,TRACK,0,5,mode=CITY
2026-03-18 06:04:56,TRACK,7,5,mode=CITY
2026-03-18 06:04:56,TRACK,2,5,mode=CITY
2026-03-18 06:04:56,TRACK,3,5,mode=CITY
2026-03-18 06:04:57,TRACK,4,4,mode=CITY
2026-03-18 06:04:57,TRACK,7,4,mode=CITY
2026-03-18 06:04:57,TRACK,2,4,mode=CITY
2026-03-18 06:04:57,TRACK,0,4,mode=CITY
2026-03-18 06:04:57,TRACK,3,4,mode=CITY
2026-03-18 06:04:57,TRACK,5,4,mode=CITY
2026-03-18 06:04:57,TRACK,6,4,mode=CITY
2026-03-18 06:04:57,TRACK,1,4,mode=CITY
2026-03-18 06:04:57,TRACK,4,10,mode=CITY
2026-03-18 06:04:57,TRACK,0,10,mode=CITY
2026-03-18 06:04:57,TRACK,7,10,mode=CITY
2026-03-18 06:04:57,TRACK,2,10,mode=CITY
2026-03-18 06:04:57,TRACK,3,10,mode=CITY
2026-03-18 06:04:57,TRACK,5,10,mode=CITY
2026-03-18 06:04:57,TRACK,6,10,mode=CITY
2026-03-18 06:04:57,TRACK,1,10,mode=CITY
2026-03-18 06:04:57,TRACK,4,3,mode=CITY
2026-03-18 06:04:57,TRACK,0,3,mode=CITY
2026-03-18 06:04:57,TRACK,7,3,mode=CITY
2026-03-18 06:04:57,TRACK,2,3,mode=CITY
2026-03-18 06:04:57,TRACK,3,3,mode=CITY
2026-03-18 06:04:57,TRACK,5,3,mode=CITY
2026-03-18 06:04:57,TRACK,6,3,mode=CITY
2026-03-18 06:04:57,TRACK,1,3,mode=CITY
2026-03-18 06:04:57,TRACK,6,2,mode=CITY
2026-03-18 06:04:57,TRACK,1,2,mode=CITY
2026-03-18 06:04:57,TRACK,4,9,mode=CITY
2026-03-18 06:04:57,TRACK,0,9,mode=CITY
2026-03-18 06:04:57,TRACK,4,2,mode=CITY
2026-03-18 06:04:57,TRACK,7,9,mode=CITY
2026-03-18 06:04:57,TRACK,2,9,mode=CITY
2026-03-18 06:04:57,TRACK,0,2,mode=CITY
2026-03-18 06:04:57,TRACK,3,9,mode=CITY
2026-03-18 06:04:57,TRACK,7,2,mode=CITY
2026-03-18 06:04:57,TRACK,2,2,mode=CITY
2026-03-18 06:04:57,TRACK,5,9,mode=CITY
2026-03-18 06:04:57,TRACK,3,2,mode=CITY
2026-03-18 06:04:57,TRACK,6,9,mode=CITY
2026-03-18 06:04:57,TRACK,1,9,mode=CITY
2026-03-18 06:04:57,TRACK,5,2,mode=CITY
2026-03-18 06:04:57,TRACK,0,1,mode=CITY
2026-03-18 06:04:57,TRACK,7,1,mode=CITY
2026-03-18 06:04:57,TRACK,2,1,mode=CITY
2026-03-18 06:04:57,TRACK,3,1,mode=CITY
2026-03-18 06:04:57,TRACK,6,1,mode=CITY
2026-03-18 06:04:57,TRACK,1,1,mode=CITY
2026-03-18 06:04:57,TRACK,5,1,mode=CITY
2026-03-18 06:04:57,TRACK,4,1,mode=CITY
2026-03-18 06:04:58,TRACK,3,8,mode=CITY
2026-03-18 06:04:58,TRACK,5,8,mode=CITY
2026-03-18 06:04:58,TRACK,6,8,mode=CITY
2026-03-18 06:04:58,TRACK,1,8,mode=CITY
2026-03-18 06:04:58,TRACK,4,8,mode=CITY
2026-03-18 06:04:58,TRACK,0,8,mode=CITY
2026-03-18 06:04:58,TRACK,7,8,mode=CITY
2026-03-18 06:04:58,TRACK,2,8,mode=CITY
2026-03-18 06:04:58,TRACK,4,0,mode=CITY
2026-03-18 06:04:58,TRACK,3,7,mode=CITY
2026-03-18 06:04:58,TRACK,4,6,mode=CITY
2026-03-18 06:04:58,YOLO,4,6,mode=CITY
2026-03-18 06:04:58,TRACK,5,7,mode=CITY
2026-03-18 06:04:58,TRACK,1,0,mode=CITY
2026-03-18 06:04:58,TRACK,1,6,mode=CITY
2026-03-18 06:04:58,TRACK,7,7,mode=CITY
2026-03-18 06:04:58,TRACK,3,0,mode=CITY
2026-03-18 06:04:58,TRACK,5,0,mode=CITY
2026-03-18 06:04:58,TRACK,5,6,mode=CITY
2026-03-18 06:04:58,YOLO,5,6,mode=CITY
2026-03-18 06:04:58,TRACK,3,6,mode=CITY
2026-03-18 06:04:58,TRACK,0,7,mode=CITY
2026-03-18 06:04:58,TRACK,2,7,mode=CITY
2026-03-18 06:04:58,TRACK,7,0,mode=CITY
2026-03-18 06:04:58,TRACK,6,7,mode=CITY
2026-03-18 06:04:58,TRACK,7,6,mode=CITY
2026-03-18 06:04:58,TRACK,4,7,mode=CITY
2026-03-18 06:04:58,TRACK,0,0,mode=CITY
2026-03-18 06:04:58,TRACK,2,0,mode=CITY
2026-03-18 06:04:58,TRACK,0,6,mode=CITY
2026-03-18 06:04:58,TRACK,1,7,mode=CITY
2026-03-18 06:04:58,TRACK,2,6,mode=CITY
2026-03-18 06:04:58,TRACK,6,0,mode=CITY
2026-03-18 06:04:58,TRACK,6,6,mode=CITY
2026-03-18 06:05:00,TRACK,4,9,mode=CITY
2026-03-18 06:05:00,YOLO,4,9,mode=CITY
2026-03-18 06:05:00,TRACK,3,7,mode=CITY
2026-03-18 06:05:00,TRACK,3,10,mode=CITY
2026-03-18 06:05:00,TRACK,5,7,mode=CITY
2026-03-18 06:05:00,TRACK,5,10,mode=CITY
2026-03-18 06:05:00,YOLO,5,10,mode=CITY
2026-03-18 06:05:00,TRACK,0,8,mode=CITY
2026-03-18 06:05:00,TRACK,2,11,mode=CITY
2026-03-18 06:05:00,TRACK,1,9,mode=CITY
2026-03-18 06:05:00,TRACK,0,11,mode=CITY
2026-03-18 06:05:00,TRACK,2,8,mode=CITY
2026-03-18 06:05:00,TRACK,7,7,mode=CITY
2026-03-18 06:05:00,TRACK,6,11,mode=CITY
2026-03-18 06:05:00,TRACK,7,10,mode=CITY
2026-03-18 06:05:00,TRACK,6,8,mode=CITY
2026-03-18 06:05:00,TRACK,3,9,mode=CITY
2026-03-18 06:05:00,TRACK,4,8,mode=CITY
2026-03-18 06:05:00,YOLO,4,8,mode=CITY
2026-03-18 06:05:00,TRACK,5,9,mode=CITY
2026-03-18 06:05:00,YOLO,5,9,mode=CITY
2026-03-18 06:05:00,TRACK,4,11,mode=CITY
2026-03-18 06:05:00,TRACK,0,7,mode=CITY
2026-03-18 06:05:00,TRACK,0,10,mode=CITY
2026-03-18 06:05:00,TRACK,2,7,mode=CITY
2026-03-18 06:05:00,TRACK,1,11,mode=CITY
2026-03-18 06:05:00,TRACK,2,10,mode=CITY
2026-03-18 06:05:00,TRACK,1,8,mode=CITY
2026-03-18 06:05:00,TRACK,7,9,mode=CITY
2026-03-18 06:05:00,TRACK,6,7,mode=CITY
2026-03-18 06:05:00,TRACK,6,10,mode=CITY
2026-03-18 06:05:00,TRACK,4,7,mode=CITY
2026-03-18 06:05:00,TRACK,3,11,mode=CITY
2026-03-18 06:05:00,TRACK,4,10,mode=CITY
2026-03-18 06:05:00,YOLO,4,10,mode=CITY
2026-03-18 06:05:00,TRACK,3,8,mode=CITY
2026-03-18 06:05:00,TRACK,5,11,mode=CITY
2026-03-18 06:05:00,TRACK,5,8,mode=CITY
2026-03-18 06:05:00,YOLO,5,8,mode=CITY
2026-03-18 06:05:00,TRACK,0,9,mode=CITY
2026-03-18 06:05:00,TRACK,2,9,mode=CITY
2026-03-18 06:05:00,TRACK,1,7,mode=CITY
2026-03-18 06:05:00,TRACK,1,10,mode=CITY
2026-03-18 06:05:00,TRACK,7,11,mode=CITY
2026-03-18 06:05:00,TRACK,6,9,mode=CITY
2026-03-18 06:05:00,TRACK,7,8,mode=CITY
2026-03-18 06:05:01,TRACK,6,12,mode=CITY
2026-03-18 06:05:01,TRACK,1,12,mode=CITY
2026-03-18 06:05:01,TRACK,4,12,mode=CITY
2026-03-18 06:05:01,TRACK,0,12,mode=CITY
2026-03-18 06:05:01,TRACK,7,12,mode=CITY
2026-03-18 06:05:01,TRACK,2,12,mode=CITY
2026-03-18 06:05:01,TRACK,3,12,mode=CITY
2026-03-18 06:05:01,TRACK,5,12,mode=CITY
2026-03-18 06:05:02,TRACK,6,15,mode=CITY
2026-03-18 06:05:02,TRACK,5,13,mode=CITY
2026-03-18 06:05:02,YOLO,5,13,mode=CITY
2026-03-18 06:05:02,TRACK,4,15,mode=CITY
2026-03-18 06:05:02,YOLO,4,15,mode=CITY
2026-03-18 06:05:02,TRACK,3,13,mode=CITY
2026-03-18 06:05:02,TRACK,0,14,mode=CITY
2026-03-18 06:05:02,TRACK,2,14,mode=CITY
2026-03-18 06:05:02,TRACK,1,15,mode=CITY
2026-03-18 06:05:02,TRACK,6,14,mode=CITY
2026-03-18 06:05:02,TRACK,7,13,mode=CITY
2026-03-18 06:05:02,TRACK,4,14,mode=CITY
2026-03-18 06:05:02,YOLO,4,14,mode=CITY
2026-03-18 06:05:02,TRACK,3,15,mode=CITY
2026-03-18 06:05:02,TRACK,5,15,mode=CITY
2026-03-18 06:05:02,YOLO,5,15,mode=CITY
2026-03-18 06:05:02,TRACK,0,13,mode=CITY
2026-03-18 06:05:02,TRACK,1,14,mode=CITY
2026-03-18 06:05:02,TRACK,2,13,mode=CITY
2026-03-18 06:05:02,TRACK,6,13,mode=CITY
2026-03-18 06:05:02,TRACK,7,15,mode=CITY
2026-03-18 06:05:02,TRACK,3,14,mode=CITY
2026-03-18 06:05:02,TRACK,4,13,mode=CITY
2026-03-18 06:05:02,YOLO,4,13,mode=CITY
2026-03-18 06:05:02,TRACK,5,14,mode=CITY
2026-03-18 06:05:02,YOLO,5,14,mode=CITY
2026-03-18 06:05:02,TRACK,1,13,mode=CITY
2026-03-18 06:05:02,TRACK,0,15,mode=CITY
2026-03-18 06:05:02,TRACK,2,15,mode=CITY
2026-03-18 06:05:02,TRACK,7,14,mode=CITY
2026-03-18 06:05:05,TRACK,5,11,mode=CITY
2026-03-18 06:05:05,TRACK,6,11,mode=CITY
2026-03-18 06:05:05,TRACK,1,11,mode=CITY
2026-03-18 06:05:05,TRACK,4,11,mode=CITY
2026-03-18 06:05:05,TRACK,7,11,mode=CITY
2026-03-18 06:05:05,TRACK,2,11,mode=CITY
2026-03-18 06:05:05,TRACK,0,11,mode=CITY
2026-03-18 06:05:05,TRACK,3,11,mode=CITY
2026-03-18 06:05:06,TRACK,4,10,mode=CITY
2026-03-18 06:05:06,TRACK,0,10,mode=CITY
2026-03-18 06:05:06,TRACK,7,10,mode=CITY
2026-03-18 06:05:06,TRACK,2,10,mode=CITY
2026-03-18 06:05:06,TRACK,3,10,mode=CITY
2026-03-18 06:05:06,TRACK,5,10,mode=CITY
2026-03-18 06:05:06,TRACK,6,10,mode=CITY
2026-03-18 06:05:06,TRACK,1,10,mode=CITY
2026-03-18 06:05:06,TRACK,4,9,mode=CITY
2026-03-18 06:05:06,TRACK,0,9,mode=CITY
2026-03-18 06:05:06,TRACK,7,9,mode=CITY
2026-03-18 06:05:06,TRACK,2,9,mode=CITY
2026-03-18 06:05:06,TRACK,3,9,mode=CITY
2026-03-18 06:05:06,TRACK,5,9,mode=CITY
2026-03-18 06:05:06,TRACK,6,9,mode=CITY
2026-03-18 06:05:06,TRACK,1,9,mode=CITY
2026-03-18 06:05:07,TRACK,3,8,mode=CITY
2026-03-18 06:05:07,TRACK,5,8,mode=CITY
2026-03-18 06:05:07,TRACK,6,8,mode=CITY
2026-03-18 06:05:07,TRACK,1,8,mode=CITY
2026-03-18 06:05:07,TRACK,4,8,mode=CITY
2026-03-18 06:05:07,TRACK,0,8,mode=CITY
2026-03-18 06:05:07,TRACK,7,8,mode=CITY
2026-03-18 06:05:07,TRACK,2,8,mode=CITY
2026-03-18 06:05:08,TRACK,0,7,mode=CITY
2026-03-18 06:05:08,TRACK,7,7,mode=CITY
2026-03-18 06:05:08,TRACK,2,7,mode=CITY
2026-03-18 06:05:08,TRACK,3,7,mode=CITY
2026-03-18 06:05:08,TRACK,5,7,mode=CITY
2026-03-18 06:05:08,TRACK,6,7,mode=CITY
2026-03-18 06:05:08,TRACK,1,7,mode=CITY
2026-03-18 06:05:08,TRACK,4,7,mode=CITY
2026-03-18 06:05:08,BLOB,2,4,mode=CITY
2026-03-18 06:05:08,BLOB,2,5,mode=CITY
2026-03-18 06:05:08,BLOB,3,4,mode=CITY
2026-03-18 06:05:08,BLOB,3,5,mode=CITY
2026-03-18 06:05:09,BLOB,2,3,mode=CITY
2026-03-18 06:05:09,BLOB,2,2,mode=CITY
2026-03-18 06:05:09,BLOB,2,1,mode=CITY
2026-03-18 06:05:12,TRACK,5,11,mode=CITY
2026-03-18 06:05:12,TRACK,6,11,mode=CITY
2026-03-18 06:05:12,TRACK,1,11,mode=CITY
2026-03-18 06:05:12,TRACK,4,11,mode=CITY
2026-03-18 06:05:12,TRACK,7,11,mode=CITY
2026-03-18 06:05:12,TRACK,2,11,mode=CITY
2026-03-18 06:05:12,TRACK,0,11,mode=CITY
2026-03-18 06:05:12,TRACK,3,11,mode=CITY
2026-03-18 06:05:13,TRACK,6,12,mode=CITY
2026-03-18 06:05:13,TRACK,1,12,mode=CITY
2026-03-18 06:05:13,TRACK,4,12,mode=CITY
2026-03-18 06:05:13,TRACK,0,12,mode=CITY
2026-03-18 06:05:13,TRACK,7,12,mode=CITY
2026-03-18 06:05:13,TRACK,2,12,mode=CITY
2026-03-18 06:05:13,TRACK,3,12,mode=CITY
2026-03-18 06:05:13,TRACK,5,12,mode=CITY
2026-03-18 06:05:14,TRACK,4,13,mode=CITY
2026-03-18 06:05:14,TRACK,0,13,mode=CITY
2026-03-18 06:05:14,TRACK,7,13,mode=CITY
2026-03-18 06:05:14,TRACK,2,13,mode=CITY
2026-03-18 06:05:14,TRACK,5,13,mode=CITY
2026-03-18 06:05:14,TRACK,3,13,mode=CITY
2026-03-18 06:05:14,TRACK,6,13,mode=CITY
2026-03-18 06:05:14,TRACK,1,13,mode=CITY
2026-03-18 06:05:14,TRACK,2,14,mode=CITY
2026-03-18 06:05:14,TRACK,3,14,mode=CITY
2026-03-18 06:05:14,TRACK,5,14,mode=CITY
2026-03-18 06:05:14,TRACK,6,14,mode=CITY
2026-03-18 06:05:14,TRACK,1,14,mode=CITY
2026-03-18 06:05:14,TRACK,4,14,mode=CITY
2026-03-18 06:05:14,TRACK,0,14,mode=CITY
2026-03-18 06:05:14,TRACK,7,14,mode=CITY
2026-03-18 06:05:15,BLOB,4,9,mode=CITY
2026-03-18 06:05:16,TRACK,4,9,mode=CITY
2026-03-18 06:05:16,TRACK,0,9,mode=CITY
2026-03-18 06:05:16,TRACK,7,9,mode=CITY
2026-03-18 06:05:16,TRACK,2,9,mode=CITY
2026-03-18 06:05:16,TRACK,3,9,mode=CITY
2026-03-18 06:05:16,TRACK,5,9,mode=CITY
2026-03-18 06:05:16,TRACK,6,9,mode=CITY
2026-03-18 06:05:16,TRACK,1,9,mode=CITY
2026-03-18 06:05:16,TRACK,3,8,mode=CITY
2026-03-18 06:05:16,TRACK,5,8,mode=CITY
2026-03-18 06:05:16,TRACK,6,8,mode=CITY
2026-03-18 06:05:16,TRACK,1,8,mode=CITY
2026-03-18 06:05:16,TRACK,4,8,mode=CITY
2026-03-18 06:05:16,TRACK,0,8,mode=CITY
2026-03-18 06:05:16,TRACK,7,8,mode=CITY
2026-03-18 06:05:16,TRACK,2,8,mode=CITY
2026-03-18 06:05:16,BLOB,4,4,mode=CITY
2026-03-18 06:05:16,BLOB,4,3,mode=CITY
2026-03-18 06:05:17,TRACK,6,15,mode=CITY
2026-03-18 06:05:17,TRACK,5,13,mode=CITY
2026-03-18 06:05:17,YOLO,5,13,mode=CITY
2026-03-18 06:05:17,TRACK,4,15,mode=CITY
2026-03-18 06:05:17,YOLO,4,15,mode=CITY
2026-03-18 06:05:17,TRACK,3,13,mode=CITY
2026-03-18 06:05:17,TRACK,0,14,mode=CITY
2026-03-18 06:05:17,TRACK,2,14,mode=CITY
2026-03-18 06:05:17,TRACK,1,15,mode=CITY
2026-03-18 06:05:17,TRACK,6,14,mode=CITY
2026-03-18 06:05:17,TRACK,7,13,mode=CITY
2026-03-18 06:05:17,BLOB,4,2,mode=CITY
2026-03-18 06:05:17,TRACK,4,14,mode=CITY
2026-03-18 06:05:17,YOLO,4,14,mode=CITY
2026-03-18 06:05:17,TRACK,3,15,mode=CITY
2026-03-18 06:05:17,TRACK,5,15,mode=CITY
2026-03-18 06:05:17,YOLO,5,15,mode=CITY
2026-03-18 06:05:17,TRACK,0,13,mode=CITY
2026-03-18 06:05:17,TRACK,1,14,mode=CITY
2026-03-18 06:05:17,TRACK,2,13,mode=CITY
2026-03-18 06:05:17,TRACK,6,13,mode=CITY
2026-03-18 06:05:17,TRACK,7,15,mode=CITY
2026-03-18 06:05:17,TRACK,3,14,mode=CITY
2026-03-18 06:05:17,TRACK,4,13,mode=CITY
2026-03-18 06:05:17,YOLO,4,13,mode=CITY
2026-03-18 06:05:17,TRACK,5,14,mode=CITY
2026-03-18 06:05:17,YOLO,5,14,mode=CITY
2026-03-18 06:05:17,TRACK,1,13,mode=CITY
2026-03-18 06:05:17,TRACK,0,15,mode=CITY
2026-03-18 06:05:17,TRACK,2,15,mode=CITY
2026-03-18 06:05:17,TRACK,7,14,mode=CITY
2026-03-18 06:05:18,BLOB,4,1,mode=CITY
2026-03-18 06:05:18,BLOB,4,0,mode=CITY
2026-03-18 06:05:18,BLOB,4,2,mode=CITY
2026-03-18 06:05:18,TRACK,3,4,mode=CITY
2026-03-18 06:05:18,TRACK,3,7,mode=CITY
2026-03-18 06:05:18,TRACK,5,4,mode=CITY
2026-03-18 06:05:18,TRACK,4,6,mode=CITY
2026-03-18 06:05:18,TRACK,5,7,mode=CITY
2026-03-18 06:05:18,TRACK,0,5,mode=CITY
2026-03-18 06:05:18,TRACK,1,6,mode=CITY
2026-03-18 06:05:18,TRACK,2,5,mode=CITY
2026-03-18 06:05:18,TRACK,7,4,mode=CITY
2026-03-18 06:05:18,TRACK,7,7,mode=CITY
2026-03-18 06:05:18,TRACK,6,5,mode=CITY
2026-03-18 06:05:18,TRACK,4,5,mode=CITY
2026-03-18 06:05:18,TRACK,5,6,mode=CITY
2026-03-18 06:05:18,YOLO,5,6,mode=CITY
2026-03-18 06:05:18,TRACK,3,6,mode=CITY
2026-03-18 06:05:18,TRACK,0,7,mode=CITY
2026-03-18 06:05:18,TRACK,2,4,mode=CITY
2026-03-18 06:05:18,TRACK,0,4,mode=CITY
2026-03-18 06:05:18,TRACK,2,7,mode=CITY
2026-03-18 06:05:18,TRACK,1,5,mode=CITY
2026-03-18 06:05:18,TRACK,6,4,mode=CITY
2026-03-18 06:05:18,TRACK,6,7,mode=CITY
2026-03-18 06:05:18,TRACK,7,6,mode=CITY
2026-03-18 06:05:18,TRACK,4,7,mode=CITY
2026-03-18 06:05:18,TRACK,3,5,mode=CITY
2026-03-18 06:05:18,TRACK,4,4,mode=CITY
2026-03-18 06:05:18,TRACK,5,5,mode=CITY
2026-03-18 06:05:18,YOLO,5,5,mode=CITY
2026-03-18 06:05:18,TRACK,1,4,mode=CITY
2026-03-18 06:05:18,TRACK,0,6,mode=CITY
2026-03-18 06:05:18,TRACK,1,7,mode=CITY
2026-03-18 06:05:18,TRACK,2,6,mode=CITY
2026-03-18 06:05:18,TRACK,6,6,mode=CITY
2026-03-18 06:05:18,TRACK,7,5,mode=CITY
2026-03-18 06:05:19,BLOB,5,2,mode=CITY
2026-03-18 06:05:19,BLOB,5,1,mode=CITY
2026-03-18 06:05:19,TRACK,3,8,mode=CITY
2026-03-18 06:05:19,BLOB,4,3,mode=CITY
2026-03-18 06:05:19,TRACK,5,8,mode=CITY
2026-03-18 06:05:19,TRACK,6,8,mode=CITY
2026-03-18 06:05:19,TRACK,1,8,mode=CITY
2026-03-18 06:05:19,TRACK,4,8,mode=CITY
2026-03-18 06:05:19,BLOB,5,3,mode=CITY
2026-03-18 06:05:19,TRACK,0,8,mode=CITY
2026-03-18 06:05:19,TRACK,7,8,mode=CITY
2026-03-18 06:05:19,TRACK,2,8,mode=CITY
2026-03-18 06:05:21,BLOB,3,3,mode=CITY
2026-03-18 06:05:21,BLOB,4,2,mode=CITY
2026-03-18 06:05:21,BLOB,4,3,mode=CITY
2026-03-18 06:05:21,BLOB,3,2,mode=CITY
2026-03-18 06:05:21,BLOB,4,0,mode=CITY
2026-03-18 06:05:21,BLOB,4,1,mode=CITY
2026-03-18 06:05:21,TRACK,4,10,mode=CITY
2026-03-18 06:05:21,TRACK,0,10,mode=CITY
2026-03-18 06:05:21,TRACK,4,9,mode=CITY
2026-03-18 06:05:21,TRACK,7,10,mode=CITY
2026-03-18 06:05:21,TRACK,2,10,mode=CITY
2026-03-18 06:05:21,TRACK,0,9,mode=CITY
2026-03-18 06:05:21,TRACK,3,10,mode=CITY
2026-03-18 06:05:21,TRACK,7,9,mode=CITY
2026-03-18 06:05:21,TRACK,2,9,mode=CITY
2026-03-18 06:05:21,TRACK,5,10,mode=CITY
2026-03-18 06:05:21,TRACK,3,9,mode=CITY
2026-03-18 06:05:21,TRACK,6,10,mode=CITY
2026-03-18 06:05:21,TRACK,1,10,mode=CITY
2026-03-18 06:05:21,TRACK,5,9,mode=CITY
2026-03-18 06:05:21,YOLO,5,9,mode=CITY
2026-03-18 06:05:21,TRACK,6,9,mode=CITY
2026-03-18 06:05:21,TRACK,1,9,mode=CITY
2026-03-18 06:05:21,BLOB,3,1,mode=CITY
2026-03-18 06:05:21,BLOB,2,1,mode=CITY
2026-03-18 06:05:21,BLOB,2,2,mode=CITY
2026-03-18 06:05:21,BLOB,3,0,mode=CITY
2026-03-18 06:05:23,TRACK,4,6,mode=CITY
2026-03-18 06:05:23,TRACK,0,6,mode=CITY
2026-03-18 06:05:23,TRACK,7,6,mode=CITY
2026-03-18 06:05:23,TRACK,2,6,mode=CITY
2026-03-18 06:05:23,TRACK,5,6,mode=CITY
2026-03-18 06:05:23,TRACK,3,6,mode=CITY
2026-03-18 06:05:23,TRACK,6,6,mode=CITY
2026-03-18 06:05:23,TRACK,1,6,mode=CITY
2026-03-18 06:05:24,TRACK,5,5,mode=CITY
2026-03-18 06:05:24,TRACK,6,5,mode=CITY
2026-03-18 06:05:24,TRACK,1,5,mode=CITY
2026-03-18 06:05:24,TRACK,4,5,mode=CITY
2026-03-18 06:05:24,TRACK,0,5,mode=CITY
2026-03-18 06:05:24,TRACK,7,5,mode=CITY
2026-03-18 06:05:24,TRACK,2,5,mode=CITY
2026-03-18 06:05:24,TRACK,3,5,mode=CITY
2026-03-18 06:05:25,TRACK,4,4,mode=CITY
2026-03-18 06:05:25,TRACK,7,4,mode=CITY
2026-03-18 06:05:25,TRACK,2,4,mode=CITY
2026-03-18 06:05:25,TRACK,0,4,mode=CITY
2026-03-18 06:05:25,TRACK,3,4,mode=CITY
2026-03-18 06:05:25,TRACK,5,4,mode=CITY
2026-03-18 06:05:25,TRACK,6,4,mode=CITY
2026-03-18 06:05:25,TRACK,1,4,mode=CITY
2026-03-18 06:05:25,TRACK,4,3,mode=CITY
2026-03-18 06:05:25,TRACK,0,3,mode=CITY
2026-03-18 06:05:25,TRACK,7,3,mode=CITY
2026-03-18 06:05:25,TRACK,2,3,mode=CITY
2026-03-18 06:05:25,TRACK,3,3,mode=CITY
2026-03-18 06:05:25,TRACK,5,3,mode=CITY
2026-03-18 06:05:25,TRACK,6,3,mode=CITY
2026-03-18 06:05:25,TRACK,1,3,mode=CITY
2026-03-18 06:05:26,TRACK,6,2,mode=CITY
2026-03-18 06:05:26,TRACK,1,2,mode=CITY
2026-03-18 06:05:26,TRACK,4,2,mode=CITY
2026-03-18 06:05:26,TRACK,0,2,mode=CITY
2026-03-18 06:05:26,TRACK,7,2,mode=CITY
2026-03-18 06:05:26,TRACK,2,2,mode=CITY
2026-03-18 06:05:26,TRACK,3,2,mode=CITY
2026-03-18 06:05:26,TRACK,5,2,mode=CITY
2026-03-18 06:05:28,BLOB,2,1,mode=CITY
2026-03-18 06:05:28,TRACK,0,1,mode=CITY
2026-03-18 06:05:28,TRACK,7,1,mode=CITY
2026-03-18 06:05:28,TRACK,3,1,mode=CITY
2026-03-18 06:05:28,TRACK,6,1,mode=CITY
2026-03-18 06:05:28,TRACK,1,1,mode=CITY
2026-03-18 06:05:28,TRACK,5,1,mode=CITY
2026-03-18 06:05:28,TRACK,4,1,mode=CITY
2026-03-18 06:05:28,TRACK,0,7,mode=CITY
2026-03-18 06:05:28,TRACK,7,7,mode=CITY
2026-03-18 06:05:28,TRACK,2,7,mode=CITY
2026-03-18 06:05:28,TRACK,3,7,mode=CITY
2026-03-18 06:05:28,TRACK,5,7,mode=CITY
2026-03-18 06:05:28,TRACK,6,7,mode=CITY
2026-03-18 06:05:28,TRACK,1,7,mode=CITY
2026-03-18 06:05:28,TRACK,4,7,mode=CITY
2026-03-18 06:05:29,TRACK,3,8,mode=CITY
2026-03-18 06:05:29,TRACK,5,8,mode=CITY
2026-03-18 06:05:29,TRACK,6,8,mode=CITY
2026-03-18 06:05:29,TRACK,1,8,mode=CITY
2026-03-18 06:05:29,TRACK,4,8,mode=CITY
2026-03-18 06:05:29,TRACK,0,8,mode=CITY
2026-03-18 06:05:29,TRACK,7,8,mode=CITY
2026-03-18 06:05:29,TRACK,2,8,mode=CITY
2026-03-18 06:05:29,TRACK,4,9,mode=CITY
2026-03-18 06:05:29,TRACK,0,9,mode=CITY
2026-03-18 06:05:29,TRACK,7,9,mode=CITY
2026-03-18 06:05:29,TRACK,2,9,mode=CITY
2026-03-18 06:05:29,TRACK,3,9,mode=CITY
2026-03-18 06:05:29,TRACK,5,9,mode=CITY
2026-03-18 06:05:29,TRACK,6,9,mode=CITY
2026-03-18 06:05:29,TRACK,1,9,mode=CITY
2026-03-18 06:05:30,TRACK,4,10,mode=CITY
2026-03-18 06:05:30,TRACK,0,10,mode=CITY
2026-03-18 06:05:30,TRACK,7,10,mode=CITY
2026-03-18 06:05:30,TRACK,2,10,mode=CITY
2026-03-18 06:05:30,TRACK,3,10,mode=CITY
2026-03-18 06:05:30,TRACK,5,10,mode=CITY
2026-03-18 06:05:30,TRACK,6,10,mode=CITY
2026-03-18 06:05:30,TRACK,1,10,mode=CITY
2026-03-18 06:05:31,TRACK,5,11,mode=CITY
2026-03-18 06:05:31,TRACK,6,11,mode=CITY
2026-03-18 06:05:31,TRACK,1,11,mode=CITY
2026-03-18 06:05:31,TRACK,4,11,mode=CITY
2026-03-18 06:05:31,TRACK,7,11,mode=CITY
2026-03-18 06:05:31,TRACK,2,11,mode=CITY
2026-03-18 06:05:31,TRACK,0,11,mode=CITY
2026-03-18 06:05:31,TRACK,3,11,mode=CITY
2026-03-18 06:05:32,TRACK,5,5,mode=CITY
2026-03-18 06:05:32,TRACK,6,5,mode=CITY
2026-03-18 06:05:32,TRACK,1,5,mode=CITY
2026-03-18 06:05:32,TRACK,4,5,mode=CITY
2026-03-18 06:05:32,TRACK,0,5,mode=CITY
2026-03-18 06:05:32,TRACK,7,5,mode=CITY
2026-03-18 06:05:32,TRACK,2,5,mode=CITY
2026-03-18 06:05:32,TRACK,3,5,mode=CITY
2026-03-18 06:05:37,TRACK,5,5,mode=CITY
2026-03-18 06:05:37,TRACK,6,5,mode=CITY
2026-03-18 06:05:37,TRACK,1,5,mode=CITY
2026-03-18 06:05:37,TRACK,4,5,mode=CITY
2026-03-18 06:05:37,TRACK,0,5,mode=CITY
2026-03-18 06:05:37,TRACK,7,5,mode=CITY
2026-03-18 06:05:37,TRACK,2,5,mode=CITY
2026-03-18 06:05:37,TRACK,3,5,mode=CITY
2026-03-18 06:05:39,TRACK,4,4,mode=CITY
2026-03-18 06:05:39,TRACK,7,4,mode=CITY
2026-03-18 06:05:39,TRACK,2,4,mode=CITY
2026-03-18 06:05:39,TRACK,0,4,mode=CITY
2026-03-18 06:05:39,TRACK,3,4,mode=CITY
2026-03-18 06:05:39,TRACK,4,3,mode=CITY
2026-03-18 06:05:39,TRACK,5,4,mode=CITY
2026-03-18 06:05:39,TRACK,0,3,mode=CITY
2026-03-18 06:05:39,TRACK,6,4,mode=CITY
2026-03-18 06:05:39,TRACK,1,4,mode=CITY
2026-03-18 06:05:39,TRACK,7,3,mode=CITY
2026-03-18 06:05:39,TRACK,2,3,mode=CITY
2026-03-18 06:05:39,TRACK,3,3,mode=CITY
2026-03-18 06:05:39,TRACK,5,3,mode=CITY
2026-03-18 06:05:39,TRACK,6,3,mode=CITY
2026-03-18 06:05:39,TRACK,1,3,mode=CITY
2026-03-18 06:05:40,TRACK,4,4,mode=CITY
2026-03-18 06:05:40,TRACK,7,4,mode=CITY
2026-03-18 06:05:40,TRACK,2,4,mode=CITY
2026-03-18 06:05:40,TRACK,5,5,mode=CITY
2026-03-18 06:05:40,TRACK,0,4,mode=CITY
2026-03-18 06:05:40,TRACK,3,4,mode=CITY
2026-03-18 06:05:40,TRACK,6,5,mode=CITY
2026-03-18 06:05:40,TRACK,1,5,mode=CITY
2026-03-18 06:05:40,TRACK,5,4,mode=CITY
2026-03-18 06:05:40,TRACK,6,4,mode=CITY
2026-03-18 06:05:40,TRACK,1,4,mode=CITY
2026-03-18 06:05:40,TRACK,4,5,mode=CITY
2026-03-18 06:05:40,YOLO,4,5,mode=CITY
2026-03-18 06:05:40,TRACK,0,5,mode=CITY
2026-03-18 06:05:40,TRACK,7,5,mode=CITY
2026-03-18 06:05:40,TRACK,2,5,mode=CITY
2026-03-18 06:05:40,TRACK,3,5,mode=CITY
2026-03-18 06:05:42,TRACK,4,4,mode=CITY
2026-03-18 06:05:42,TRACK,7,4,mode=CITY
2026-03-18 06:05:42,TRACK,2,4,mode=CITY
2026-03-18 06:05:42,TRACK,5,5,mode=CITY
2026-03-18 06:05:42,TRACK,0,4,mode=CITY
2026-03-18 06:05:42,TRACK,3,4,mode=CITY
2026-03-18 06:05:42,TRACK,6,5,mode=CITY
2026-03-18 06:05:42,TRACK,1,5,mode=CITY
2026-03-18 06:05:42,TRACK,5,4,mode=CITY
2026-03-18 06:05:42,TRACK,6,4,mode=CITY
2026-03-18 06:05:42,TRACK,1,4,mode=CITY
2026-03-18 06:05:42,TRACK,4,5,mode=CITY
2026-03-18 06:05:42,YOLO,4,5,mode=CITY
2026-03-18 06:05:42,TRACK,0,5,mode=CITY
2026-03-18 06:05:42,TRACK,7,5,mode=CITY
2026-03-18 06:05:42,TRACK,2,5,mode=CITY
2026-03-18 06:05:42,TRACK,3,5,mode=CITY
2026-03-18 06:05:42,TRACK,6,12,mode=CITY
2026-03-18 06:05:42,TRACK,4,12,mode=CITY
2026-03-18 06:05:42,YOLO,4,12,mode=CITY
2026-03-18 06:05:42,TRACK,5,13,mode=CITY
2026-03-18 06:05:42,TRACK,3,13,mode=CITY
2026-03-18 06:05:42,TRACK,0,14,mode=CITY
2026-03-18 06:05:42,TRACK,2,14,mode=CITY
2026-03-18 06:05:42,TRACK,1,12,mode=CITY
2026-03-18 06:05:42,TRACK,6,14,mode=CITY
2026-03-18 06:05:42,TRACK,7,13,mode=CITY
2026-03-18 06:05:42,TRACK,4,14,mode=CITY
2026-03-18 06:05:42,TRACK,3,12,mode=CITY
2026-03-18 06:05:42,TRACK,5,12,mode=CITY
2026-03-18 06:05:42,TRACK,0,13,mode=CITY
2026-03-18 06:05:42,TRACK,1,14,mode=CITY
2026-03-18 06:05:42,TRACK,2,13,mode=CITY
2026-03-18 06:05:42,TRACK,6,13,mode=CITY
2026-03-18 06:05:42,TRACK,7,12,mode=CITY
2026-03-18 06:05:42,TRACK,3,14,mode=CITY
2026-03-18 06:05:42,TRACK,4,13,mode=CITY
2026-03-18 06:05:42,TRACK,5,14,mode=CITY
2026-03-18 06:05:42,TRACK,0,12,mode=CITY
2026-03-18 06:05:42,TRACK,1,13,mode=CITY
2026-03-18 06:05:42,TRACK,2,12,mode=CITY
2026-03-18 06:05:42,TRACK,7,14,mode=CITY
2026-03-18 06:05:43,TRACK,6,12,mode=CITY
2026-03-18 06:05:43,TRACK,4,3,mode=CITY
2026-03-18 06:05:43,TRACK,4,12,mode=CITY
2026-03-18 06:05:43,YOLO,4,12,mode=CITY
2026-03-18 06:05:43,TRACK,5,13,mode=CITY
2026-03-18 06:05:43,TRACK,3,13,mode=CITY
2026-03-18 06:05:43,TRACK,0,14,mode=CITY
2026-03-18 06:05:43,TRACK,1,3,mode=CITY
2026-03-18 06:05:43,TRACK,2,14,mode=CITY
2026-03-18 06:05:43,TRACK,1,12,mode=CITY
2026-03-18 06:05:43,TRACK,6,14,mode=CITY
2026-03-18 06:05:43,TRACK,7,13,mode=CITY
2026-03-18 06:05:43,TRACK,3,3,mode=CITY
2026-03-18 06:05:43,TRACK,4,14,mode=CITY
2026-03-18 06:05:43,TRACK,5,3,mode=CITY
2026-03-18 06:05:43,TRACK,3,12,mode=CITY
2026-03-18 06:05:43,TRACK,5,12,mode=CITY
2026-03-18 06:05:43,TRACK,0,13,mode=CITY
2026-03-18 06:05:43,TRACK,1,14,mode=CITY
2026-03-18 06:05:43,TRACK,2,13,mode=CITY
2026-03-18 06:05:43,TRACK,7,3,mode=CITY
2026-03-18 06:05:43,TRACK,6,13,mode=CITY
2026-03-18 06:05:43,TRACK,7,12,mode=CITY
2026-03-18 06:05:43,TRACK,3,14,mode=CITY
2026-03-18 06:05:43,TRACK,4,13,mode=CITY
2026-03-18 06:05:43,YOLO,4,13,mode=CITY
2026-03-18 06:05:43,TRACK,5,14,mode=CITY
2026-03-18 06:05:43,TRACK,0,3,mode=CITY
2026-03-18 06:05:43,TRACK,2,3,mode=CITY
2026-03-18 06:05:43,TRACK,0,12,mode=CITY
2026-03-18 06:05:43,TRACK,1,13,mode=CITY
2026-03-18 06:05:43,TRACK,2,12,mode=CITY
2026-03-18 06:05:43,TRACK,6,3,mode=CITY
2026-03-18 06:05:43,TRACK,7,14,mode=CITY
2026-03-18 06:05:45,TRACK,4,0,mode=CITY
2026-03-18 06:05:45,TRACK,4,3,mode=CITY
2026-03-18 06:05:45,TRACK,3,1,mode=CITY
2026-03-18 06:05:45,TRACK,5,1,mode=CITY
2026-03-18 06:05:45,TRACK,0,2,mode=CITY
2026-03-18 06:05:45,TRACK,2,2,mode=CITY
2026-03-18 06:05:45,TRACK,1,0,mode=CITY
2026-03-18 06:05:45,TRACK,1,3,mode=CITY
2026-03-18 06:05:45,TRACK,6,2,mode=CITY
2026-03-18 06:05:45,TRACK,7,1,mode=CITY
2026-03-18 06:05:45,TRACK,4,2,mode=CITY
2026-03-18 06:05:45,YOLO,4,2,mode=CITY
2026-03-18 06:05:45,TRACK,3,0,mode=CITY
2026-03-18 06:05:45,TRACK,3,3,mode=CITY
2026-03-18 06:05:45,TRACK,5,0,mode=CITY
2026-03-18 06:05:45,TRACK,5,3,mode=CITY
2026-03-18 06:05:45,TRACK,0,1,mode=CITY
2026-03-18 06:05:45,TRACK,1,2,mode=CITY
2026-03-18 06:05:45,TRACK,2,1,mode=CITY
2026-03-18 06:05:45,TRACK,6,1,mode=CITY
2026-03-18 06:05:45,TRACK,7,0,mode=CITY
2026-03-18 06:05:45,TRACK,7,3,mode=CITY
2026-03-18 06:05:45,TRACK,3,2,mode=CITY
2026-03-18 06:05:45,TRACK,4,1,mode=CITY
2026-03-18 06:05:45,YOLO,4,1,mode=CITY
2026-03-18 06:05:45,TRACK,5,2,mode=CITY
2026-03-18 06:05:45,YOLO,5,2,mode=CITY
2026-03-18 06:05:45,TRACK,0,0,mode=CITY
2026-03-18 06:05:45,TRACK,1,1,mode=CITY
2026-03-18 06:05:45,TRACK,0,3,mode=CITY
2026-03-18 06:05:45,TRACK,2,0,mode=CITY
2026-03-18 06:05:45,TRACK,2,3,mode=CITY
2026-03-18 06:05:45,TRACK,7,2,mode=CITY
2026-03-18 06:05:45,TRACK,6,0,mode=CITY
2026-03-18 06:05:45,TRACK,6,3,mode=CITY
2026-03-18 06:05:45,BLOB,4,10,mode=CITY
2026-03-18 06:05:45,BLOB,4,11,mode=CITY
2026-03-18 06:05:45,BLOB,5,11,mode=CITY
2026-03-18 06:05:46,TRACK,0,10,mode=CITY
2026-03-18 06:05:46,TRACK,7,10,mode=CITY
2026-03-18 06:05:46,TRACK,2,10,mode=CITY
2026-03-18 06:05:46,TRACK,3,10,mode=CITY
2026-03-18 06:05:46,TRACK,5,10,mode=CITY
2026-03-18 06:05:46,TRACK,6,10,mode=CITY
2026-03-18 06:05:46,TRACK,1,10,mode=CITY
2026-03-18 06:05:46,TRACK,6,11,mode=CITY
2026-03-18 06:05:46,TRACK,1,11,mode=CITY
2026-03-18 06:05:46,TRACK,7,11,mode=CITY
2026-03-18 06:05:46,TRACK,2,11,mode=CITY
2026-03-18 06:05:46,TRACK,0,11,mode=CITY
2026-03-18 06:05:46,TRACK,3,11,mode=CITY
2026-03-18 06:05:46,BLOB,4,12,mode=CITY
2026-03-18 06:05:46,TRACK,6,12,mode=CITY
2026-03-18 06:05:46,TRACK,4,0,mode=CITY
2026-03-18 06:05:46,YOLO,4,0,mode=CITY
2026-03-18 06:05:46,TRACK,3,1,mode=CITY
2026-03-18 06:05:46,TRACK,5,1,mode=CITY
2026-03-18 06:05:46,BLOB,4,15,mode=CITY
2026-03-18 06:05:46,TRACK,1,0,mode=CITY
2026-03-18 06:05:46,TRACK,1,12,mode=CITY
2026-03-18 06:05:46,TRACK,7,1,mode=CITY
2026-03-18 06:05:46,TRACK,3,0,mode=CITY
2026-03-18 06:05:46,TRACK,5,0,mode=CITY
2026-03-18 06:05:46,YOLO,5,0,mode=CITY
2026-03-18 06:05:46,BLOB,4,14,mode=CITY
2026-03-18 06:05:46,TRACK,3,12,mode=CITY
2026-03-18 06:05:46,TRACK,5,12,mode=CITY
2026-03-18 06:05:46,TRACK,0,1,mode=CITY
2026-03-18 06:05:46,BLOB,5,15,mode=CITY
2026-03-18 06:05:46,TRACK,2,1,mode=CITY
2026-03-18 06:05:46,TRACK,6,1,mode=CITY
2026-03-18 06:05:46,TRACK,7,0,mode=CITY
2026-03-18 06:05:46,TRACK,7,12,mode=CITY
2026-03-18 06:05:46,TRACK,4,1,mode=CITY
2026-03-18 06:05:46,TRACK,0,0,mode=CITY
2026-03-18 06:05:46,BLOB,5,14,mode=CITY
2026-03-18 06:05:46,TRACK,1,1,mode=CITY
2026-03-18 06:05:46,TRACK,2,0,mode=CITY
2026-03-18 06:05:46,TRACK,0,12,mode=CITY
2026-03-18 06:05:46,TRACK,2,12,mode=CITY
2026-03-18 06:05:46,TRACK,6,0,mode=CITY
2026-03-18 06:05:46,BLOB,4,13,mode=CITY
2026-03-18 06:05:46,TRACK,0,13,mode=CITY
2026-03-18 06:05:46,TRACK,7,13,mode=CITY
2026-03-18 06:05:46,TRACK,2,13,mode=CITY
2026-03-18 06:05:46,TRACK,5,13,mode=CITY
2026-03-18 06:05:46,TRACK,3,13,mode=CITY
2026-03-18 06:05:46,TRACK,6,13,mode=CITY
2026-03-18 06:05:46,TRACK,1,13,mode=CITY
2026-03-18 06:05:46,TRACK,2,14,mode=CITY
2026-03-18 06:05:46,TRACK,3,14,mode=CITY
2026-03-18 06:05:46,TRACK,6,14,mode=CITY
2026-03-18 06:05:46,TRACK,1,14,mode=CITY
2026-03-18 06:05:46,TRACK,0,14,mode=CITY
2026-03-18 06:05:46,TRACK,7,14,mode=CITY
2026-03-18 06:05:46,TRACK,5,15,mode=CITY
2026-03-18 06:05:46,TRACK,6,15,mode=CITY
2026-03-18 06:05:46,TRACK,1,15,mode=CITY
2026-03-18 06:05:46,TRACK,4,15,mode=CITY
2026-03-18 06:05:46,TRACK,0,15,mode=CITY
2026-03-18 06:05:46,TRACK,7,15,mode=CITY
2026-03-18 06:05:46,TRACK,2,15,mode=CITY
2026-03-18 06:05:46,TRACK,3,15,mode=CITY
2026-03-18 06:05:48,TRACK,4,13,mode=CITY
2026-03-18 06:05:48,TRACK,0,13,mode=CITY
2026-03-18 06:05:48,TRACK,7,13,mode=CITY
2026-03-18 06:05:48,TRACK,2,13,mode=CITY
2026-03-18 06:05:48,TRACK,5,13,mode=CITY
2026-03-18 06:05:48,TRACK,3,13,mode=CITY
2026-03-18 06:05:48,TRACK,6,13,mode=CITY
2026-03-18 06:05:48,TRACK,1,13,mode=CITY
2026-03-18 06:05:48,TRACK,2,14,mode=CITY
2026-03-18 06:05:48,TRACK,5,15,mode=CITY
2026-03-18 06:05:48,YOLO,5,15,mode=CITY
2026-03-18 06:05:48,TRACK,3,14,mode=CITY
2026-03-18 06:05:48,TRACK,6,15,mode=CITY
2026-03-18 06:05:48,TRACK,1,15,mode=CITY
2026-03-18 06:05:48,TRACK,5,14,mode=CITY
2026-03-18 06:05:48,YOLO,5,14,mode=CITY
2026-03-18 06:05:48,TRACK,6,14,mode=CITY
2026-03-18 06:05:48,TRACK,1,14,mode=CITY
2026-03-18 06:05:48,TRACK,4,15,mode=CITY
2026-03-18 06:05:48,YOLO,4,15,mode=CITY
2026-03-18 06:05:48,TRACK,0,15,mode=CITY
2026-03-18 06:05:48,TRACK,4,14,mode=CITY
2026-03-18 06:05:48,YOLO,4,14,mode=CITY
2026-03-18 06:05:48,TRACK,7,15,mode=CITY
2026-03-18 06:05:48,TRACK,2,15,mode=CITY
2026-03-18 06:05:48,TRACK,0,14,mode=CITY
2026-03-18 06:05:48,TRACK,3,15,mode=CITY
2026-03-18 06:05:48,TRACK,7,14,mode=CITY
2026-03-18 06:05:49,TRACK,4,10,mode=CITY
2026-03-18 06:05:49,TRACK,0,10,mode=CITY
2026-03-18 06:05:49,TRACK,7,10,mode=CITY
2026-03-18 06:05:49,TRACK,2,10,mode=CITY
2026-03-18 06:05:49,TRACK,3,10,mode=CITY
2026-03-18 06:05:49,TRACK,5,10,mode=CITY
2026-03-18 06:05:49,TRACK,6,10,mode=CITY
2026-03-18 06:05:49,TRACK,1,10,mode=CITY
2026-03-18 06:05:50,TRACK,6,12,mode=CITY
2026-03-18 06:05:50,TRACK,4,12,mode=CITY
2026-03-18 06:05:50,TRACK,5,13,mode=CITY
2026-03-18 06:05:50,TRACK,3,13,mode=CITY
2026-03-18 06:05:50,TRACK,0,11,mode=CITY
2026-03-18 06:05:50,TRACK,1,12,mode=CITY
2026-03-18 06:05:50,TRACK,6,11,mode=CITY
2026-03-18 06:05:50,TRACK,7,13,mode=CITY
2026-03-18 06:05:50,TRACK,3,12,mode=CITY
2026-03-18 06:05:50,TRACK,4,11,mode=CITY
2026-03-18 06:05:50,YOLO,4,11,mode=CITY
2026-03-18 06:05:50,TRACK,5,12,mode=CITY
2026-03-18 06:05:50,YOLO,5,12,mode=CITY
2026-03-18 06:05:50,TRACK,1,11,mode=CITY
2026-03-18 06:05:50,TRACK,0,13,mode=CITY
2026-03-18 06:05:50,TRACK,2,13,mode=CITY
2026-03-18 06:05:50,TRACK,6,13,mode=CITY
2026-03-18 06:05:50,TRACK,7,12,mode=CITY
2026-03-18 06:05:50,TRACK,3,11,mode=CITY
2026-03-18 06:05:50,TRACK,5,11,mode=CITY
2026-03-18 06:05:50,YOLO,5,11,mode=CITY
2026-03-18 06:05:50,TRACK,4,13,mode=CITY
2026-03-18 06:05:50,TRACK,0,12,mode=CITY
2026-03-18 06:05:50,TRACK,1,13,mode=CITY
2026-03-18 06:05:50,TRACK,7,11,mode=CITY
2026-03-18 06:05:50,TRACK,2,14,mode=CITY
2026-03-18 06:05:50,TRACK,3,14,mode=CITY
2026-03-18 06:05:50,TRACK,5,14,mode=CITY
2026-03-18 06:05:50,TRACK,6,14,mode=CITY
2026-03-18 06:05:50,TRACK,1,14,mode=CITY
2026-03-18 06:05:50,TRACK,4,14,mode=CITY
2026-03-18 06:05:50,TRACK,0,14,mode=CITY
2026-03-18 06:05:50,TRACK,7,14,mode=CITY
2026-03-18 06:05:50,TRACK,5,15,mode=CITY
2026-03-18 06:05:50,TRACK,6,15,mode=CITY
2026-03-18 06:05:50,TRACK,1,15,mode=CITY
2026-03-18 06:05:50,TRACK,7,15,mode=CITY
2026-03-18 06:05:50,TRACK,4,6,mode=CITY
2026-03-18 06:05:50,TRACK,0,6,mode=CITY
2026-03-18 06:05:50,TRACK,4,15,mode=CITY
2026-03-18 06:05:50,TRACK,7,6,mode=CITY
2026-03-18 06:05:50,TRACK,2,6,mode=CITY
2026-03-18 06:05:50,TRACK,5,6,mode=CITY
2026-03-18 06:05:50,TRACK,0,15,mode=CITY
2026-03-18 06:05:50,TRACK,3,6,mode=CITY
2026-03-18 06:05:50,TRACK,6,6,mode=CITY
2026-03-18 06:05:50,TRACK,2,15,mode=CITY
2026-03-18 06:05:50,TRACK,1,6,mode=CITY
2026-03-18 06:05:50,TRACK,3,15,mode=CITY
2026-03-18 06:05:52,TRACK,4,10,mode=CITY
2026-03-18 06:05:52,TRACK,0,10,mode=CITY
2026-03-18 06:05:52,TRACK,4,9,mode=CITY
2026-03-18 06:05:52,YOLO,4,9,mode=CITY
2026-03-18 06:05:52,TRACK,7,10,mode=CITY
2026-03-18 06:05:52,TRACK,2,10,mode=CITY
2026-03-18 06:05:52,TRACK,0,9,mode=CITY
2026-03-18 06:05:52,TRACK,3,10,mode=CITY
2026-03-18 06:05:52,TRACK,7,9,mode=CITY
2026-03-18 06:05:52,TRACK,2,9,mode=CITY
2026-03-18 06:05:52,TRACK,5,10,mode=CITY
2026-03-18 06:05:52,TRACK,3,9,mode=CITY
2026-03-18 06:05:52,TRACK,6,10,mode=CITY
2026-03-18 06:05:52,TRACK,1,10,mode=CITY
2026-03-18 06:05:52,TRACK,5,9,mode=CITY
2026-03-18 06:05:52,YOLO,5,9,mode=CITY
2026-03-18 06:05:52,TRACK,6,9,mode=CITY
2026-03-18 06:05:52,TRACK,1,9,mode=CITY
2026-03-18 06:05:52,TRACK,5,5,mode=CITY
2026-03-18 06:05:52,TRACK,6,5,mode=CITY
2026-03-18 06:05:52,TRACK,1,5,mode=CITY
2026-03-18 06:05:52,TRACK,4,5,mode=CITY
2026-03-18 06:05:52,TRACK,0,5,mode=CITY
2026-03-18 06:05:52,TRACK,7,5,mode=CITY
2026-03-18 06:05:52,TRACK,2,5,mode=CITY
2026-03-18 06:05:52,TRACK,3,5,mode=CITY
2026-03-18 06:05:54,TRACK,4,4,mode=CITY
2026-03-18 06:05:54,TRACK,7,4,mode=CITY
2026-03-18 06:05:54,TRACK,2,4,mode=CITY
2026-03-18 06:05:54,TRACK,0,4,mode=CITY
2026-03-18 06:05:54,TRACK,3,4,mode=CITY
2026-03-18 06:05:54,TRACK,5,4,mode=CITY
2026-03-18 06:05:54,TRACK,6,4,mode=CITY
2026-03-18 06:05:54,TRACK,1,4,mode=CITY
2026-03-18 06:05:55,TRACK,4,9,mode=CITY
2026-03-18 06:05:55,TRACK,0,9,mode=CITY
2026-03-18 06:05:55,TRACK,7,9,mode=CITY
2026-03-18 06:05:55,TRACK,2,9,mode=CITY
2026-03-18 06:05:55,TRACK,3,9,mode=CITY
2026-03-18 06:05:55,TRACK,5,9,mode=CITY
2026-03-18 06:05:55,TRACK,6,9,mode=CITY
2026-03-18 06:05:55,TRACK,1,9,mode=CITY
2026-03-18 06:05:57,TRACK,4,10,mode=CITY
2026-03-18 06:05:57,TRACK,0,10,mode=CITY
2026-03-18 06:05:57,TRACK,7,10,mode=CITY
2026-03-18 06:05:57,TRACK,2,10,mode=CITY
2026-03-18 06:05:57,TRACK,3,10,mode=CITY
2026-03-18 06:05:57,TRACK,5,10,mode=CITY
2026-03-18 06:05:57,TRACK,6,10,mode=CITY
2026-03-18 06:05:57,TRACK,1,10,mode=CITY
2026-03-18 06:05:57,BLOB,4,3,mode=CITY
2026-03-18 06:05:57,BLOB,3,3,mode=CITY
2026-03-18 06:05:57,BLOB,2,11,mode=CITY
2026-03-18 06:05:57,BLOB,2,12,mode=CITY
2026-03-18 06:05:58,BLOB,3,2,mode=CITY
2026-03-18 06:05:58,BLOB,4,2,mode=CITY
2026-03-18 06:05:58,TRACK,0,3,mode=CITY
2026-03-18 06:05:58,TRACK,7,3,mode=CITY
2026-03-18 06:05:58,TRACK,2,3,mode=CITY
2026-03-18 06:05:58,TRACK,5,3,mode=CITY
2026-03-18 06:05:58,TRACK,6,3,mode=CITY
2026-03-18 06:05:58,TRACK,1,3,mode=CITY
2026-03-18 06:05:58,BLOB,3,1,mode=CITY
2026-03-18 06:05:58,BLOB,2,1,mode=CITY
2026-03-18 06:05:58,BLOB,3,0,mode=CITY
2026-03-18 06:05:58,BLOB,2,0,mode=CITY
2026-03-18 06:05:58,BLOB,4,15,mode=CITY
2026-03-18 06:05:58,BLOB,5,15,mode=CITY
2026-03-18 06:05:58,BLOB,5,14,mode=CITY
2026-03-18 06:05:58,BLOB,4,14,mode=CITY
2026-03-18 06:05:59,TRACK,6,12,mode=CITY
2026-03-18 06:05:59,TRACK,4,12,mode=CITY
2026-03-18 06:05:59,YOLO,4,12,mode=CITY
2026-03-18 06:05:59,TRACK,5,13,mode=CITY
2026-03-18 06:05:59,TRACK,3,13,mode=CITY
2026-03-18 06:05:59,TRACK,2,11,mode=CITY
2026-03-18 06:05:59,TRACK,0,11,mode=CITY
2026-03-18 06:05:59,TRACK,1,12,mode=CITY
2026-03-18 06:05:59,TRACK,6,11,mode=CITY
2026-03-18 06:05:59,TRACK,7,13,mode=CITY
2026-03-18 06:05:59,TRACK,3,12,mode=CITY
2026-03-18 06:05:59,TRACK,4,11,mode=CITY
2026-03-18 06:05:59,YOLO,4,11,mode=CITY
2026-03-18 06:05:59,TRACK,5,12,mode=CITY
2026-03-18 06:05:59,TRACK,1,11,mode=CITY
2026-03-18 06:05:59,TRACK,0,13,mode=CITY
2026-03-18 06:05:59,TRACK,2,13,mode=CITY
2026-03-18 06:05:59,TRACK,6,13,mode=CITY
2026-03-18 06:05:59,TRACK,7,12,mode=CITY
2026-03-18 06:05:59,TRACK,3,11,mode=CITY
2026-03-18 06:05:59,TRACK,5,11,mode=CITY
2026-03-18 06:05:59,TRACK,4,13,mode=CITY
2026-03-18 06:05:59,TRACK,0,12,mode=CITY
2026-03-18 06:05:59,TRACK,1,13,mode=CITY
2026-03-18 06:05:59,TRACK,2,12,mode=CITY
2026-03-18 06:05:59,TRACK,7,11,mode=CITY
2026-03-18 06:05:59,TRACK,6,2,mode=CITY
2026-03-18 06:05:59,TRACK,1,2,mode=CITY
2026-03-18 06:05:59,TRACK,4,2,mode=CITY
2026-03-18 06:05:59,TRACK,0,2,mode=CITY
2026-03-18 06:05:59,TRACK,7,2,mode=CITY
2026-03-18 06:05:59,TRACK,2,2,mode=CITY
2026-03-18 06:05:59,TRACK,3,2,mode=CITY
2026-03-18 06:05:59,TRACK,5,2,mode=CITY
2026-03-18 06:05:59,TRACK,0,1,mode=CITY
2026-03-18 06:05:59,TRACK,7,1,mode=CITY
2026-03-18 06:05:59,TRACK,2,1,mode=CITY
2026-03-18 06:05:59,TRACK,3,1,mode=CITY
2026-03-18 06:05:59,TRACK,6,1,mode=CITY
2026-03-18 06:05:59,TRACK,1,1,mode=CITY
2026-03-18 06:05:59,TRACK,5,1,mode=CITY
2026-03-18 06:05:59,TRACK,4,1,mode=CITY
2026-03-18 06:06:00,TRACK,4,0,mode=CITY
2026-03-18 06:06:00,TRACK,0,0,mode=CITY
2026-03-18 06:06:00,TRACK,7,0,mode=CITY
2026-03-18 06:06:00,TRACK,2,0,mode=CITY
2026-03-18 06:06:00,TRACK,3,0,mode=CITY
2026-03-18 06:06:00,TRACK,5,0,mode=CITY
2026-03-18 06:06:00,TRACK,6,0,mode=CITY
2026-03-18 06:06:00,TRACK,1,0,mode=CITY
2026-03-18 06:06:03,BLOB,2,12,mode=CITY
2026-03-18 06:06:03,BLOB,2,13,mode=CITY
2026-03-18 06:06:04,TRACK,4,10,mode=CITY
2026-03-18 06:06:04,TRACK,0,10,mode=CITY
2026-03-18 06:06:04,TRACK,7,10,mode=CITY
2026-03-18 06:06:04,TRACK,2,10,mode=CITY
2026-03-18 06:06:04,TRACK,3,10,mode=CITY
2026-03-18 06:06:04,TRACK,5,10,mode=CITY
2026-03-18 06:06:04,TRACK,6,10,mode=CITY
2026-03-18 06:06:04,TRACK,1,10,mode=CITY
2026-03-18 06:06:10,BLOB,2,6,mode=CITY
2026-03-18 06:06:11,BLOB,2,6,mode=CITY
2026-03-18 06:06:11,BLOB,2,5,mode=CITY
2026-03-18 06:06:12,BLOB,2,6,mode=CITY
2026-03-18 06:06:13,BLOB,2,5,mode=CITY
2026-03-18 06:06:15,BLOB,4,1,mode=CITY
2026-03-18 06:06:15,BLOB,5,1,mode=CITY
2026-03-18 06:06:15,BLOB,4,0,mode=CITY
2026-03-18 06:06:15,BLOB,5,0,mode=CITY
2026-03-18 06:06:16,BLOB,2,15,mode=CITY
2026-03-18 06:06:17,BLOB,2,5,mode=CITY
2026-03-18 06:06:17,BLOB,2,6,mode=CITY
2026-03-18 06:06:18,TRACK,3,4,mode=CITY
2026-03-18 06:06:18,TRACK,5,4,mode=CITY
2026-03-18 06:06:18,TRACK,4,6,mode=CITY
2026-03-18 06:06:18,YOLO,4,6,mode=CITY
2026-03-18 06:06:18,TRACK,0,5,mode=CITY
2026-03-18 06:06:18,TRACK,1,6,mode=CITY
2026-03-18 06:06:18,TRACK,2,5,mode=CITY
2026-03-18 06:06:18,TRACK,7,4,mode=CITY
2026-03-18 06:06:18,TRACK,6,5,mode=CITY
2026-03-18 06:06:18,TRACK,4,5,mode=CITY
2026-03-18 06:06:18,YOLO,4,5,mode=CITY
2026-03-18 06:06:18,TRACK,5,6,mode=CITY
2026-03-18 06:06:18,YOLO,5,6,mode=CITY
2026-03-18 06:06:18,TRACK,3,6,mode=CITY
2026-03-18 06:06:18,TRACK,2,4,mode=CITY
2026-03-18 06:06:18,TRACK,0,4,mode=CITY
2026-03-18 06:06:18,TRACK,1,5,mode=CITY
2026-03-18 06:06:18,TRACK,6,4,mode=CITY
2026-03-18 06:06:18,TRACK,7,6,mode=CITY
2026-03-18 06:06:18,TRACK,3,5,mode=CITY
2026-03-18 06:06:18,TRACK,4,4,mode=CITY
2026-03-18 06:06:18,TRACK,5,5,mode=CITY
2026-03-18 06:06:18,YOLO,5,5,mode=CITY
2026-03-18 06:06:18,TRACK,1,4,mode=CITY
2026-03-18 06:06:18,TRACK,0,6,mode=CITY
2026-03-18 06:06:18,TRACK,2,6,mode=CITY
2026-03-18 06:06:18,TRACK,6,6,mode=CITY
2026-03-18 06:06:18,TRACK,7,5,mode=CITY
2026-03-18 06:06:18,TRACK,6,2,mode=CITY
2026-03-18 06:06:18,TRACK,1,2,mode=CITY
2026-03-18 06:06:18,TRACK,4,3,mode=CITY
2026-03-18 06:06:18,YOLO,4,3,mode=CITY
2026-03-18 06:06:18,TRACK,0,3,mode=CITY
2026-03-18 06:06:18,TRACK,4,2,mode=CITY
2026-03-18 06:06:18,TRACK,7,3,mode=CITY
2026-03-18 06:06:18,TRACK,2,3,mode=CITY
2026-03-18 06:06:18,TRACK,0,2,mode=CITY
2026-03-18 06:06:18,TRACK,3,3,mode=CITY
2026-03-18 06:06:18,TRACK,7,2,mode=CITY
2026-03-18 06:06:18,TRACK,2,2,mode=CITY
2026-03-18 06:06:18,TRACK,5,3,mode=CITY
2026-03-18 06:06:18,YOLO,5,3,mode=CITY
2026-03-18 06:06:18,TRACK,3,2,mode=CITY
2026-03-18 06:06:18,TRACK,6,3,mode=CITY
2026-03-18 06:06:18,TRACK,1,3,mode=CITY
2026-03-18 06:06:18,TRACK,5,2,mode=CITY
2026-03-18 06:06:18,TRACK,0,1,mode=CITY
2026-03-18 06:06:18,TRACK,7,1,mode=CITY
2026-03-18 06:06:18,TRACK,2,1,mode=CITY
2026-03-18 06:06:18,TRACK,3,1,mode=CITY
2026-03-18 06:06:18,TRACK,6,1,mode=CITY
2026-03-18 06:06:18,TRACK,1,1,mode=CITY
2026-03-18 06:06:18,TRACK,5,1,mode=CITY
2026-03-18 06:06:18,TRACK,4,1,mode=CITY
2026-03-18 06:06:22,BLOB,2,7,mode=CITY
2026-03-18 06:06:29,BLOB,2,11,mode=CITY
2026-03-18 06:06:29,BLOB,2,12,mode=CITY
2026-03-18 06:06:29,BLOB,2,13,mode=CITY
2026-03-18 06:06:32,BLOB,2,12,mode=CITY
2026-03-18 06:06:32,BLOB,2,13,mode=CITY
2026-03-18 06:06:33,BLOB,2,7,mode=CITY
2026-03-18 06:06:34,BLOB,5,0,mode=CITY
2026-03-18 06:06:35,BLOB,2,12,mode=CITY
2026-03-18 06:06:36,TRACK,4,9,mode=CITY
2026-03-18 06:06:36,TRACK,3,7,mode=CITY
2026-03-18 06:06:36,TRACK,5,7,mode=CITY
2026-03-18 06:06:36,TRACK,0,8,mode=CITY
2026-03-18 06:06:36,TRACK,1,9,mode=CITY
2026-03-18 06:06:36,TRACK,2,8,mode=CITY
2026-03-18 06:06:36,TRACK,7,7,mode=CITY
2026-03-18 06:06:36,TRACK,6,8,mode=CITY
2026-03-18 06:06:36,TRACK,3,9,mode=CITY
2026-03-18 06:06:36,TRACK,4,8,mode=CITY
2026-03-18 06:06:36,YOLO,4,8,mode=CITY
2026-03-18 06:06:36,TRACK,5,9,mode=CITY
2026-03-18 06:06:36,TRACK,0,7,mode=CITY
2026-03-18 06:06:36,TRACK,2,7,mode=CITY
2026-03-18 06:06:36,TRACK,1,8,mode=CITY
2026-03-18 06:06:36,TRACK,7,9,mode=CITY
2026-03-18 06:06:36,TRACK,6,7,mode=CITY
2026-03-18 06:06:36,TRACK,4,7,mode=CITY
2026-03-18 06:06:36,TRACK,3,8,mode=CITY
2026-03-18 06:06:36,TRACK,5,8,mode=CITY
2026-03-18 06:06:36,TRACK,0,9,mode=CITY
2026-03-18 06:06:36,TRACK,2,9,mode=CITY
2026-03-18 06:06:36,TRACK,1,7,mode=CITY
2026-03-18 06:06:36,TRACK,6,9,mode=CITY
2026-03-18 06:06:36,TRACK,7,8,mode=CITY
2026-03-18 06:06:37,TRACK,5,5,mode=CITY
2026-03-18 06:06:37,TRACK,6,5,mode=CITY
2026-03-18 06:06:37,TRACK,1,5,mode=CITY
2026-03-18 06:06:37,TRACK,4,5,mode=CITY
2026-03-18 06:06:37,TRACK,0,5,mode=CITY
2026-03-18 06:06:37,TRACK,7,5,mode=CITY
2026-03-18 06:06:37,TRACK,2,5,mode=CITY
2026-03-18 06:06:37,TRACK,3,5,mode=CITY
2026-03-18 06:06:37,TRACK,4,4,mode=CITY
2026-03-18 06:06:37,TRACK,7,4,mode=CITY
2026-03-18 06:06:37,TRACK,2,4,mode=CITY
2026-03-18 06:06:37,TRACK,0,4,mode=CITY
2026-03-18 06:06:37,TRACK,3,4,mode=CITY
2026-03-18 06:06:37,TRACK,5,4,mode=CITY
2026-03-18 06:06:37,TRACK,6,4,mode=CITY
2026-03-18 06:06:37,TRACK,1,4,mode=CITY
2026-03-18 06:06:38,BLOB,2,13,mode=CITY
2026-03-18 06:06:38,BLOB,2,14,mode=CITY
2026-03-18 06:06:38,TRACK,4,3,mode=CITY
2026-03-18 06:06:38,TRACK,0,3,mode=CITY
2026-03-18 06:06:38,TRACK,7,3,mode=CITY
2026-03-18 06:06:38,TRACK,2,3,mode=CITY
2026-03-18 06:06:38,TRACK,3,3,mode=CITY
2026-03-18 06:06:38,TRACK,5,3,mode=CITY
2026-03-18 06:06:38,TRACK,6,3,mode=CITY
2026-03-18 06:06:38,TRACK,1,3,mode=CITY
2026-03-18 06:06:38,BLOB,2,15,mode=CITY
2026-03-18 06:06:39,TRACK,0,1,mode=CITY
2026-03-18 06:06:39,TRACK,6,2,mode=CITY
2026-03-18 06:06:39,TRACK,1,2,mode=CITY
2026-03-18 06:06:39,TRACK,7,1,mode=CITY
2026-03-18 06:06:39,TRACK,2,1,mode=CITY
2026-03-18 06:06:39,TRACK,3,1,mode=CITY
2026-03-18 06:06:39,TRACK,6,1,mode=CITY
2026-03-18 06:06:39,TRACK,1,1,mode=CITY
2026-03-18 06:06:39,TRACK,5,1,mode=CITY
2026-03-18 06:06:39,TRACK,4,2,mode=CITY
2026-03-18 06:06:39,TRACK,0,2,mode=CITY
2026-03-18 06:06:39,TRACK,7,2,mode=CITY
2026-03-18 06:06:39,TRACK,2,2,mode=CITY
2026-03-18 06:06:39,TRACK,3,2,mode=CITY
2026-03-18 06:06:39,TRACK,4,1,mode=CITY
2026-03-18 06:06:39,TRACK,5,2,mode=CITY
2026-03-18 06:06:39,TRACK,4,0,mode=CITY
2026-03-18 06:06:39,TRACK,0,0,mode=CITY
2026-03-18 06:06:39,TRACK,7,0,mode=CITY
2026-03-18 06:06:39,TRACK,2,0,mode=CITY
2026-03-18 06:06:39,TRACK,3,0,mode=CITY
2026-03-18 06:06:39,TRACK,5,0,mode=CITY
2026-03-18 06:06:39,TRACK,6,0,mode=CITY
2026-03-18 06:06:39,TRACK,1,0,mode=CITY
2026-03-18 06:06:40,TRACK,0,7,mode=CITY
2026-03-18 06:06:40,TRACK,7,7,mode=CITY
2026-03-18 06:06:40,TRACK,2,7,mode=CITY
2026-03-18 06:06:40,TRACK,3,7,mode=CITY
2026-03-18 06:06:40,TRACK,5,7,mode=CITY
2026-03-18 06:06:40,TRACK,6,7,mode=CITY
2026-03-18 06:06:40,TRACK,1,7,mode=CITY
2026-03-18 06:06:40,TRACK,4,7,mode=CITY
2026-03-18 06:06:41,TRACK,3,8,mode=CITY
2026-03-18 06:06:41,TRACK,5,8,mode=CITY
2026-03-18 06:06:41,TRACK,6,8,mode=CITY
2026-03-18 06:06:41,TRACK,1,8,mode=CITY
2026-03-18 06:06:41,TRACK,4,8,mode=CITY
2026-03-18 06:06:41,TRACK,0,8,mode=CITY
2026-03-18 06:06:41,TRACK,7,8,mode=CITY
2026-03-18 06:06:41,TRACK,2,8,mode=CITY
2026-03-18 06:06:41,TRACK,4,4,mode=CITY
2026-03-18 06:06:41,TRACK,7,4,mode=CITY
2026-03-18 06:06:41,TRACK,2,4,mode=CITY
2026-03-18 06:06:41,TRACK,0,4,mode=CITY
2026-03-18 06:06:41,TRACK,3,4,mode=CITY
2026-03-18 06:06:41,TRACK,4,9,mode=CITY
2026-03-18 06:06:41,TRACK,5,4,mode=CITY
2026-03-18 06:06:41,TRACK,0,9,mode=CITY
2026-03-18 06:06:41,TRACK,6,4,mode=CITY
2026-03-18 06:06:41,TRACK,1,4,mode=CITY
2026-03-18 06:06:41,TRACK,7,9,mode=CITY
2026-03-18 06:06:41,TRACK,2,9,mode=CITY
2026-03-18 06:06:41,TRACK,3,9,mode=CITY
2026-03-18 06:06:41,TRACK,5,9,mode=CITY
2026-03-18 06:06:41,TRACK,6,9,mode=CITY
2026-03-18 06:06:41,TRACK,1,9,mode=CITY
2026-03-18 06:06:41,TRACK,4,10,mode=CITY
2026-03-18 06:06:41,TRACK,0,10,mode=CITY
2026-03-18 06:06:41,TRACK,7,10,mode=CITY
2026-03-18 06:06:41,TRACK,2,10,mode=CITY
2026-03-18 06:06:41,TRACK,3,10,mode=CITY
2026-03-18 06:06:41,TRACK,5,10,mode=CITY
2026-03-18 06:06:41,TRACK,6,10,mode=CITY
2026-03-18 06:06:41,TRACK,1,10,mode=CITY
2026-03-18 06:06:42,TRACK,5,11,mode=CITY
2026-03-18 06:06:42,TRACK,6,11,mode=CITY
2026-03-18 06:06:42,TRACK,1,11,mode=CITY
2026-03-18 06:06:42,TRACK,4,11,mode=CITY
2026-03-18 06:06:42,TRACK,7,11,mode=CITY
2026-03-18 06:06:42,TRACK,2,11,mode=CITY
2026-03-18 06:06:42,TRACK,0,11,mode=CITY
2026-03-18 06:06:42,TRACK,3,11,mode=CITY
2026-03-18 06:06:42,TRACK,6,12,mode=CITY
2026-03-18 06:06:42,TRACK,1,12,mode=CITY
2026-03-18 06:06:42,TRACK,4,12,mode=CITY
2026-03-18 06:06:42,TRACK,0,12,mode=CITY
2026-03-18 06:06:42,TRACK,7,12,mode=CITY
2026-03-18 06:06:42,TRACK,2,12,mode=CITY
2026-03-18 06:06:42,TRACK,3,12,mode=CITY
2026-03-18 06:06:42,TRACK,5,12,mode=CITY
2026-03-18 06:06:43,TRACK,4,13,mode=CITY
2026-03-18 06:06:43,TRACK,0,13,mode=CITY
2026-03-18 06:06:43,TRACK,7,13,mode=CITY
2026-03-18 06:06:43,TRACK,2,13,mode=CITY
2026-03-18 06:06:43,TRACK,5,13,mode=CITY
2026-03-18 06:06:43,TRACK,3,13,mode=CITY
2026-03-18 06:06:43,TRACK,6,13,mode=CITY
2026-03-18 06:06:43,TRACK,1,13,mode=CITY
2026-03-18 06:06:43,TRACK,4,4,mode=CITY
2026-03-18 06:06:43,TRACK,7,4,mode=CITY
2026-03-18 06:06:43,TRACK,2,4,mode=CITY
2026-03-18 06:06:43,TRACK,0,4,mode=CITY
2026-03-18 06:06:43,TRACK,3,4,mode=CITY
2026-03-18 06:06:43,TRACK,5,4,mode=CITY
2026-03-18 06:06:43,TRACK,6,4,mode=CITY
2026-03-18 06:06:43,TRACK,1,4,mode=CITY
2026-03-18 06:06:43,TRACK,4,3,mode=CITY
2026-03-18 06:06:43,TRACK,0,3,mode=CITY
2026-03-18 06:06:43,TRACK,7,3,mode=CITY
2026-03-18 06:06:43,TRACK,2,3,mode=CITY
2026-03-18 06:06:43,TRACK,3,3,mode=CITY
2026-03-18 06:06:43,TRACK,5,3,mode=CITY
2026-03-18 06:06:43,TRACK,6,3,mode=CITY
2026-03-18 06:06:43,TRACK,1,3,mode=CITY
2026-03-18 06:06:43,TRACK,6,2,mode=CITY
2026-03-18 06:06:43,TRACK,1,2,mode=CITY
2026-03-18 06:06:43,TRACK,4,2,mode=CITY
2026-03-18 06:06:43,TRACK,0,2,mode=CITY
2026-03-18 06:06:43,TRACK,7,2,mode=CITY
2026-03-18 06:06:43,TRACK,2,2,mode=CITY
2026-03-18 06:06:43,TRACK,3,2,mode=CITY
2026-03-18 06:06:43,TRACK,5,2,mode=CITY
2026-03-18 06:06:43,TRACK,0,1,mode=CITY
2026-03-18 06:06:43,TRACK,7,1,mode=CITY
2026-03-18 06:06:43,TRACK,2,1,mode=CITY
2026-03-18 06:06:43,TRACK,3,1,mode=CITY
2026-03-18 06:06:43,TRACK,6,1,mode=CITY
2026-03-18 06:06:43,TRACK,1,1,mode=CITY
2026-03-18 06:06:43,TRACK,5,1,mode=CITY
2026-03-18 06:06:43,TRACK,4,1,mode=CITY
2026-03-18 06:06:44,TRACK,4,0,mode=CITY
2026-03-18 06:06:44,TRACK,0,0,mode=CITY
2026-03-18 06:06:44,TRACK,7,0,mode=CITY
2026-03-18 06:06:44,TRACK,2,0,mode=CITY
2026-03-18 06:06:44,TRACK,3,0,mode=CITY
2026-03-18 06:06:44,TRACK,5,0,mode=CITY
2026-03-18 06:06:44,TRACK,6,0,mode=CITY
2026-03-18 06:06:44,TRACK,1,0,mode=CITY
2026-03-18 06:06:45,BLOB,2,9,mode=CITY
2026-03-18 06:06:45,BLOB,2,8,mode=CITY
2026-03-18 06:06:45,BLOB,2,7,mode=CITY
2026-03-18 06:06:46,BLOB,2,6,mode=CITY
2026-03-18 06:06:46,BLOB,2,5,mode=CITY
2026-03-18 06:06:46,TRACK,3,4,mode=CITY
2026-03-18 06:06:46,TRACK,3,7,mode=CITY
2026-03-18 06:06:46,TRACK,5,4,mode=CITY
2026-03-18 06:06:46,TRACK,4,6,mode=CITY
2026-03-18 06:06:46,YOLO,4,6,mode=CITY
2026-03-18 06:06:46,TRACK,5,7,mode=CITY
2026-03-18 06:06:46,TRACK,0,5,mode=CITY
2026-03-18 06:06:46,TRACK,1,6,mode=CITY
2026-03-18 06:06:46,TRACK,7,4,mode=CITY
2026-03-18 06:06:46,TRACK,7,7,mode=CITY
2026-03-18 06:06:46,TRACK,6,5,mode=CITY
2026-03-18 06:06:46,TRACK,4,5,mode=CITY
2026-03-18 06:06:46,TRACK,5,6,mode=CITY
2026-03-18 06:06:46,TRACK,3,6,mode=CITY
2026-03-18 06:06:46,TRACK,0,7,mode=CITY
2026-03-18 06:06:46,TRACK,2,4,mode=CITY
2026-03-18 06:06:46,TRACK,0,4,mode=CITY
2026-03-18 06:06:46,TRACK,1,5,mode=CITY
2026-03-18 06:06:46,TRACK,6,4,mode=CITY
2026-03-18 06:06:46,TRACK,6,7,mode=CITY
2026-03-18 06:06:46,TRACK,7,6,mode=CITY
2026-03-18 06:06:46,TRACK,4,7,mode=CITY
2026-03-18 06:06:46,TRACK,3,5,mode=CITY
2026-03-18 06:06:46,TRACK,4,4,mode=CITY
2026-03-18 06:06:46,TRACK,5,5,mode=CITY
2026-03-18 06:06:46,TRACK,1,4,mode=CITY
2026-03-18 06:06:46,TRACK,0,6,mode=CITY
2026-03-18 06:06:46,TRACK,1,7,mode=CITY
2026-03-18 06:06:46,TRACK,6,6,mode=CITY
2026-03-18 06:06:46,TRACK,7,5,mode=CITY
2026-03-18 06:06:47,BLOB,4,5,mode=CITY
2026-03-18 06:06:47,BLOB,4,6,mode=CITY
2026-03-18 06:06:47,BLOB,5,6,mode=CITY
2026-03-18 06:06:47,BLOB,5,5,mode=CITY
2026-03-18 06:06:47,TRACK,4,3,mode=CITY
2026-03-18 06:06:47,TRACK,3,1,mode=CITY
2026-03-18 06:06:47,TRACK,5,1,mode=CITY
2026-03-18 06:06:47,TRACK,0,2,mode=CITY
2026-03-18 06:06:47,TRACK,2,2,mode=CITY
2026-03-18 06:06:47,TRACK,1,3,mode=CITY
2026-03-18 06:06:47,TRACK,6,2,mode=CITY
2026-03-18 06:06:47,TRACK,7,1,mode=CITY
2026-03-18 06:06:47,TRACK,4,2,mode=CITY
2026-03-18 06:06:47,YOLO,4,2,mode=CITY
2026-03-18 06:06:47,TRACK,3,3,mode=CITY
2026-03-18 06:06:47,TRACK,5,3,mode=CITY
2026-03-18 06:06:47,TRACK,0,1,mode=CITY
2026-03-18 06:06:47,TRACK,1,2,mode=CITY
2026-03-18 06:06:47,TRACK,2,1,mode=CITY
2026-03-18 06:06:47,TRACK,6,1,mode=CITY
2026-03-18 06:06:47,TRACK,7,3,mode=CITY
2026-03-18 06:06:47,TRACK,3,2,mode=CITY
2026-03-18 06:06:47,TRACK,4,1,mode=CITY
2026-03-18 06:06:47,TRACK,5,2,mode=CITY
2026-03-18 06:06:47,TRACK,1,1,mode=CITY
2026-03-18 06:06:47,TRACK,0,3,mode=CITY
2026-03-18 06:06:47,TRACK,2,3,mode=CITY
2026-03-18 06:06:47,TRACK,7,2,mode=CITY
2026-03-18 06:06:47,TRACK,6,3,mode=CITY
2026-03-18 06:06:47,BLOB,4,4,mode=CITY
2026-03-18 06:06:47,BLOB,5,4,mode=CITY
2026-03-18 06:06:47,BLOB,4,0,mode=CITY
2026-03-18 06:06:47,BLOB,5,0,mode=CITY
2026-03-18 06:06:47,BLOB,2,0,mode=CITY
2026-03-18 06:06:47,TRACK,4,9,mode=CITY
2026-03-18 06:06:47,TRACK,0,9,mode=CITY
2026-03-18 06:06:47,TRACK,7,9,mode=CITY
2026-03-18 06:06:47,TRACK,2,9,mode=CITY
2026-03-18 06:06:47,TRACK,3,9,mode=CITY
2026-03-18 06:06:47,TRACK,5,9,mode=CITY
2026-03-18 06:06:47,TRACK,6,9,mode=CITY
2026-03-18 06:06:47,TRACK,1,9,mode=CITY
2026-03-18 06:06:48,TRACK,3,8,mode=CITY
2026-03-18 06:06:48,TRACK,5,8,mode=CITY
2026-03-18 06:06:48,TRACK,6,8,mode=CITY
2026-03-18 06:06:48,TRACK,1,8,mode=CITY
2026-03-18 06:06:48,TRACK,4,8,mode=CITY
2026-03-18 06:06:48,TRACK,0,8,mode=CITY
2026-03-18 06:06:48,TRACK,7,8,mode=CITY
2026-03-18 06:06:48,TRACK,2,8,mode=CITY
2026-03-18 06:06:49,TRACK,0,7,mode=CITY
2026-03-18 06:06:49,TRACK,7,7,mode=CITY
2026-03-18 06:06:49,TRACK,2,7,mode=CITY
2026-03-18 06:06:49,TRACK,3,7,mode=CITY
2026-03-18 06:06:49,TRACK,5,7,mode=CITY
2026-03-18 06:06:49,TRACK,6,7,mode=CITY
2026-03-18 06:06:49,TRACK,1,7,mode=CITY
2026-03-18 06:06:49,TRACK,4,7,mode=CITY
2026-03-18 06:06:49,TRACK,4,6,mode=CITY
2026-03-18 06:06:49,TRACK,0,6,mode=CITY
2026-03-18 06:06:49,TRACK,7,6,mode=CITY
2026-03-18 06:06:49,TRACK,2,6,mode=CITY
2026-03-18 06:06:49,TRACK,5,6,mode=CITY
2026-03-18 06:06:49,TRACK,3,6,mode=CITY
2026-03-18 06:06:49,TRACK,6,6,mode=CITY
2026-03-18 06:06:49,TRACK,1,6,mode=CITY
2026-03-18 06:06:49,BLOB,3,12,mode=CITY
2026-03-18 06:06:49,BLOB,3,11,mode=CITY
2026-03-18 06:06:50,TRACK,5,5,mode=CITY
2026-03-18 06:06:50,TRACK,6,5,mode=CITY
2026-03-18 06:06:50,TRACK,1,5,mode=CITY
2026-03-18 06:06:50,TRACK,4,5,mode=CITY
2026-03-18 06:06:50,TRACK,0,5,mode=CITY
2026-03-18 06:06:50,TRACK,7,5,mode=CITY
2026-03-18 06:06:50,TRACK,2,5,mode=CITY
2026-03-18 06:06:50,TRACK,3,5,mode=CITY
2026-03-18 06:06:51,BLOB,5,14,mode=CITY
2026-03-18 06:06:51,BLOB,4,14,mode=CITY
2026-03-18 06:06:51,BLOB,4,13,mode=CITY
2026-03-18 06:06:51,BLOB,5,13,mode=CITY
2026-03-18 06:06:51,BLOB,2,9,mode=CITY
2026-03-18 06:06:51,BLOB,2,10,mode=CITY
2026-03-18 06:06:53,TRACK,4,9,mode=CITY
2026-03-18 06:06:53,TRACK,0,9,mode=CITY
2026-03-18 06:06:53,TRACK,7,9,mode=CITY
2026-03-18 06:06:53,TRACK,2,9,mode=CITY
2026-03-18 06:06:53,TRACK,3,9,mode=CITY
2026-03-18 06:06:53,TRACK,5,9,mode=CITY
2026-03-18 06:06:53,TRACK,6,9,mode=CITY
2026-03-18 06:06:53,TRACK,1,9,mode=CITY
2026-03-18 06:06:53,BLOB,5,10,mode=CITY
2026-03-18 06:06:53,BLOB,6,10,mode=CITY
2026-03-18 06:06:53,BLOB,2,10,mode=CITY
2026-03-18 06:06:55,TRACK,4,10,mode=CITY
2026-03-18 06:06:55,TRACK,0,10,mode=CITY
2026-03-18 06:06:55,TRACK,7,10,mode=CITY
2026-03-18 06:06:55,TRACK,2,10,mode=CITY
2026-03-18 06:06:55,TRACK,3,10,mode=CITY
2026-03-18 06:06:55,TRACK,5,10,mode=CITY
2026-03-18 06:06:55,TRACK,6,10,mode=CITY
2026-03-18 06:06:55,TRACK,1,10,mode=CITY
2026-03-18 06:06:57,TRACK,4,6,mode=CITY
2026-03-18 06:06:57,TRACK,0,6,mode=CITY
2026-03-18 06:06:57,TRACK,7,6,mode=CITY
2026-03-18 06:06:57,TRACK,2,6,mode=CITY
2026-03-18 06:06:57,TRACK,5,6,mode=CITY
2026-03-18 06:06:57,TRACK,3,6,mode=CITY
2026-03-18 06:06:57,TRACK,6,6,mode=CITY
2026-03-18 06:06:57,TRACK,1,6,mode=CITY
2026-03-18 06:06:58,TRACK,5,5,mode=CITY
2026-03-18 06:06:58,TRACK,6,5,mode=CITY
2026-03-18 06:06:58,TRACK,1,5,mode=CITY
2026-03-18 06:06:58,TRACK,4,5,mode=CITY
2026-03-18 06:06:58,TRACK,0,5,mode=CITY
2026-03-18 06:06:58,TRACK,7,5,mode=CITY
2026-03-18 06:06:58,TRACK,2,5,mode=CITY
2026-03-18 06:06:58,TRACK,3,5,mode=CITY
2026-03-18 06:06:59,TRACK,3,4,mode=CITY
2026-03-18 06:06:59,TRACK,4,9,mode=CITY
2026-03-18 06:06:59,TRACK,5,4,mode=CITY
2026-03-18 06:06:59,TRACK,3,10,mode=CITY
2026-03-18 06:06:59,TRACK,5,10,mode=CITY
2026-03-18 06:06:59,TRACK,1,9,mode=CITY
2026-03-18 06:06:59,TRACK,7,4,mode=CITY
2026-03-18 06:06:59,TRACK,7,10,mode=CITY
2026-03-18 06:06:59,TRACK,3,9,mode=CITY
2026-03-18 06:06:59,TRACK,5,9,mode=CITY
2026-03-18 06:06:59,TRACK,2,4,mode=CITY
2026-03-18 06:06:59,TRACK,0,4,mode=CITY
2026-03-18 06:06:59,TRACK,0,10,mode=CITY
2026-03-18 06:06:59,TRACK,2,10,mode=CITY
2026-03-18 06:06:59,TRACK,6,4,mode=CITY
2026-03-18 06:06:59,TRACK,7,9,mode=CITY
2026-03-18 06:06:59,TRACK,6,10,mode=CITY
2026-03-18 06:06:59,TRACK,4,4,mode=CITY
2026-03-18 06:06:59,TRACK,4,10,mode=CITY
2026-03-18 06:06:59,TRACK,0,9,mode=CITY
2026-03-18 06:06:59,TRACK,1,4,mode=CITY
2026-03-18 06:06:59,TRACK,2,9,mode=CITY
2026-03-18 06:06:59,TRACK,1,10,mode=CITY
2026-03-18 06:06:59,TRACK,6,9,mode=CITY
2026-03-18 06:07:00,TRACK,4,3,mode=CITY
2026-03-18 06:07:00,TRACK,0,3,mode=CITY
2026-03-18 06:07:00,TRACK,7,3,mode=CITY
2026-03-18 06:07:00,TRACK,2,3,mode=CITY
2026-03-18 06:07:00,TRACK,3,3,mode=CITY
2026-03-18 06:07:00,TRACK,5,3,mode=CITY
2026-03-18 06:07:00,TRACK,6,3,mode=CITY
2026-03-18 06:07:00,TRACK,1,3,mode=CITY
2026-03-18 06:07:00,TRACK,6,2,mode=CITY
2026-03-18 06:07:00,TRACK,1,2,mode=CITY
2026-03-18 06:07:00,TRACK,4,2,mode=CITY
2026-03-18 06:07:00,TRACK,0,2,mode=CITY
2026-03-18 06:07:00,TRACK,7,2,mode=CITY
2026-03-18 06:07:00,TRACK,2,2,mode=CITY
2026-03-18 06:07:00,TRACK,3,2,mode=CITY
2026-03-18 06:07:00,TRACK,5,2,mode=CITY
2026-03-18 06:07:01,TRACK,0,1,mode=CITY
2026-03-18 06:07:01,TRACK,7,1,mode=CITY
2026-03-18 06:07:01,TRACK,2,1,mode=CITY
2026-03-18 06:07:01,TRACK,3,1,mode=CITY
2026-03-18 06:07:01,TRACK,6,1,mode=CITY
2026-03-18 06:07:01,TRACK,1,1,mode=CITY
2026-03-18 06:07:01,TRACK,5,1,mode=CITY
2026-03-18 06:07:01,TRACK,4,1,mode=CITY
2026-03-18 06:07:01,TRACK,4,0,mode=CITY
2026-03-18 06:07:01,TRACK,4,9,mode=CITY
2026-03-18 06:07:01,TRACK,3,10,mode=CITY
2026-03-18 06:07:01,TRACK,5,10,mode=CITY
2026-03-18 06:07:01,TRACK,1,0,mode=CITY
2026-03-18 06:07:01,TRACK,0,8,mode=CITY
2026-03-18 06:07:01,TRACK,1,9,mode=CITY
2026-03-18 06:07:01,TRACK,2,8,mode=CITY
2026-03-18 06:07:01,TRACK,7,10,mode=CITY
2026-03-18 06:07:01,TRACK,6,8,mode=CITY
2026-03-18 06:07:01,TRACK,3,0,mode=CITY
2026-03-18 06:07:01,TRACK,5,0,mode=CITY
2026-03-18 06:07:01,TRACK,3,9,mode=CITY
2026-03-18 06:07:01,TRACK,4,8,mode=CITY
2026-03-18 06:07:01,YOLO,4,8,mode=CITY
2026-03-18 06:07:01,TRACK,5,9,mode=CITY
2026-03-18 06:07:01,TRACK,0,10,mode=CITY
2026-03-18 06:07:01,TRACK,2,10,mode=CITY
2026-03-18 06:07:01,TRACK,1,8,mode=CITY
2026-03-18 06:07:01,TRACK,7,0,mode=CITY
2026-03-18 06:07:01,TRACK,7,9,mode=CITY
2026-03-18 06:07:01,TRACK,6,10,mode=CITY
2026-03-18 06:07:01,TRACK,4,10,mode=CITY
2026-03-18 06:07:01,TRACK,3,8,mode=CITY
2026-03-18 06:07:01,TRACK,0,0,mode=CITY
2026-03-18 06:07:01,TRACK,5,8,mode=CITY
2026-03-18 06:07:01,YOLO,5,8,mode=CITY
2026-03-18 06:07:01,TRACK,0,9,mode=CITY
2026-03-18 06:07:01,TRACK,2,0,mode=CITY
2026-03-18 06:07:01,TRACK,2,9,mode=CITY
2026-03-18 06:07:01,TRACK,1,10,mode=CITY
2026-03-18 06:07:01,TRACK,6,0,mode=CITY
2026-03-18 06:07:01,TRACK,6,9,mode=CITY
2026-03-18 06:07:01,TRACK,7,8,mode=CITY
2026-03-18 06:07:02,BLOB,2,11,mode=CITY
2026-03-18 06:07:03,BLOB,2,0,mode=CITY
2026-03-18 06:07:04,BLOB,2,0,mode=CITY
2026-03-18 06:07:11,BLOB,6,15,mode=CITY
2026-03-18 06:07:19,BLOB,4,11,mode=CITY
2026-03-18 06:07:19,BLOB,5,11,mode=CITY
2026-03-18 06:07:19,BLOB,5,12,mode=CITY
2026-03-18 06:07:19,BLOB,4,12,mode=CITY
2026-03-18 06:07:19,BLOB,4,13,mode=CITY
2026-03-18 06:07:19,BLOB,5,13,mode=CITY
2026-03-18 06:07:19,BLOB,6,13,mode=CITY
2026-03-18 06:07:20,TRACK,4,6,mode=CITY
2026-03-18 06:07:20,TRACK,0,6,mode=CITY
2026-03-18 06:07:20,TRACK,7,6,mode=CITY
2026-03-18 06:07:20,TRACK,2,6,mode=CITY
2026-03-18 06:07:20,TRACK,5,6,mode=CITY
2026-03-18 06:07:20,TRACK,3,6,mode=CITY
2026-03-18 06:07:20,TRACK,6,6,mode=CITY
2026-03-18 06:07:20,TRACK,1,6,mode=CITY
2026-03-18 06:07:21,BLOB,2,10,mode=CITY
2026-03-18 06:07:22,TRACK,5,5,mode=CITY
2026-03-18 06:07:22,TRACK,6,5,mode=CITY
2026-03-18 06:07:22,TRACK,1,5,mode=CITY
2026-03-18 06:07:22,TRACK,4,5,mode=CITY
2026-03-18 06:07:22,TRACK,0,5,mode=CITY
2026-03-18 06:07:22,TRACK,7,5,mode=CITY
2026-03-18 06:07:22,TRACK,2,5,mode=CITY
2026-03-18 06:07:22,TRACK,3,5,mode=CITY
2026-03-18 06:07:22,TRACK,4,4,mode=CITY
2026-03-18 06:07:22,TRACK,7,4,mode=CITY
2026-03-18 06:07:22,TRACK,2,4,mode=CITY
2026-03-18 06:07:22,TRACK,0,4,mode=CITY
2026-03-18 06:07:22,TRACK,3,4,mode=CITY
2026-03-18 06:07:22,TRACK,4,3,mode=CITY
2026-03-18 06:07:22,TRACK,5,4,mode=CITY
2026-03-18 06:07:22,TRACK,0,3,mode=CITY
2026-03-18 06:07:22,TRACK,6,4,mode=CITY
2026-03-18 06:07:22,TRACK,1,4,mode=CITY
2026-03-18 06:07:22,TRACK,7,3,mode=CITY
2026-03-18 06:07:22,TRACK,2,3,mode=CITY
2026-03-18 06:07:22,TRACK,3,3,mode=CITY
2026-03-18 06:07:22,TRACK,5,3,mode=CITY
2026-03-18 06:07:22,TRACK,6,3,mode=CITY
2026-03-18 06:07:22,TRACK,1,3,mode=CITY
2026-03-18 06:07:23,TRACK,4,4,mode=CITY
2026-03-18 06:07:23,TRACK,7,4,mode=CITY
2026-03-18 06:07:23,TRACK,2,4,mode=CITY
2026-03-18 06:07:23,TRACK,0,4,mode=CITY
2026-03-18 06:07:23,TRACK,3,4,mode=CITY
2026-03-18 06:07:23,TRACK,5,4,mode=CITY
2026-03-18 06:07:23,TRACK,6,4,mode=CITY
2026-03-18 06:07:23,TRACK,1,4,mode=CITY
2026-03-18 06:07:23,TRACK,4,0,mode=CITY
2026-03-18 06:07:23,YOLO,4,0,mode=CITY
2026-03-18 06:07:23,TRACK,3,1,mode=CITY
2026-03-18 06:07:23,TRACK,5,1,mode=CITY
2026-03-18 06:07:23,YOLO,5,1,mode=CITY
2026-03-18 06:07:23,TRACK,0,2,mode=CITY
2026-03-18 06:07:23,TRACK,2,2,mode=CITY
2026-03-18 06:07:23,TRACK,1,0,mode=CITY
2026-03-18 06:07:23,TRACK,6,2,mode=CITY
2026-03-18 06:07:23,TRACK,7,1,mode=CITY
2026-03-18 06:07:23,TRACK,4,2,mode=CITY
2026-03-18 06:07:23,TRACK,3,0,mode=CITY
2026-03-18 06:07:23,TRACK,5,0,mode=CITY
2026-03-18 06:07:23,YOLO,5,0,mode=CITY
2026-03-18 06:07:23,TRACK,0,1,mode=CITY
2026-03-18 06:07:23,TRACK,1,2,mode=CITY
2026-03-18 06:07:23,TRACK,2,1,mode=CITY
2026-03-18 06:07:23,TRACK,6,1,mode=CITY
2026-03-18 06:07:23,TRACK,7,0,mode=CITY
2026-03-18 06:07:23,TRACK,3,2,mode=CITY
2026-03-18 06:07:23,TRACK,4,1,mode=CITY
2026-03-18 06:07:23,YOLO,4,1,mode=CITY
2026-03-18 06:07:23,TRACK,5,2,mode=CITY
2026-03-18 06:07:23,TRACK,0,0,mode=CITY
2026-03-18 06:07:23,TRACK,1,1,mode=CITY
2026-03-18 06:07:23,TRACK,2,0,mode=CITY
2026-03-18 06:07:23,TRACK,7,2,mode=CITY
2026-03-18 06:07:23,TRACK,6,0,mode=CITY
2026-03-18 06:07:23,BLOB,5,9,mode=CITY
2026-03-18 06:07:23,BLOB,6,8,mode=CITY
2026-03-18 06:07:23,BLOB,5,8,mode=CITY
2026-03-18 06:07:23,BLOB,6,9,mode=CITY
2026-03-18 06:07:23,TRACK,4,3,mode=CITY
2026-03-18 06:07:23,TRACK,0,3,mode=CITY
2026-03-18 06:07:23,TRACK,7,3,mode=CITY
2026-03-18 06:07:23,TRACK,2,3,mode=CITY
2026-03-18 06:07:23,TRACK,3,3,mode=CITY
2026-03-18 06:07:23,TRACK,5,3,mode=CITY
2026-03-18 06:07:23,TRACK,6,3,mode=CITY
2026-03-18 06:07:23,TRACK,1,3,mode=CITY
2026-03-18 06:07:23,BLOB,2,8,mode=CITY
2026-03-18 06:07:24,BLOB,6,10,mode=CITY
2026-03-18 06:07:24,TRACK,6,2,mode=CITY
2026-03-18 06:07:24,TRACK,1,2,mode=CITY
2026-03-18 06:07:24,TRACK,4,2,mode=CITY
2026-03-18 06:07:24,TRACK,0,2,mode=CITY
2026-03-18 06:07:24,TRACK,7,2,mode=CITY
2026-03-18 06:07:24,TRACK,2,2,mode=CITY
2026-03-18 06:07:24,TRACK,3,2,mode=CITY
2026-03-18 06:07:24,TRACK,5,2,mode=CITY
2026-03-18 06:07:24,TRACK,0,1,mode=CITY
2026-03-18 06:07:24,TRACK,7,1,mode=CITY
2026-03-18 06:07:24,TRACK,2,1,mode=CITY
2026-03-18 06:07:24,TRACK,3,1,mode=CITY
2026-03-18 06:07:24,TRACK,6,1,mode=CITY
2026-03-18 06:07:24,TRACK,1,1,mode=CITY
2026-03-18 06:07:24,TRACK,5,1,mode=CITY
2026-03-18 06:07:24,TRACK,4,1,mode=CITY
2026-03-18 06:07:24,TRACK,4,0,mode=CITY
2026-03-18 06:07:24,TRACK,4,9,mode=CITY
2026-03-18 06:07:24,TRACK,3,7,mode=CITY
2026-03-18 06:07:24,TRACK,5,7,mode=CITY
2026-03-18 06:07:24,TRACK,1,0,mode=CITY
2026-03-18 06:07:24,TRACK,0,8,mode=CITY
2026-03-18 06:07:24,TRACK,1,9,mode=CITY
2026-03-18 06:07:24,TRACK,2,8,mode=CITY
2026-03-18 06:07:24,TRACK,7,7,mode=CITY
2026-03-18 06:07:24,TRACK,6,8,mode=CITY
2026-03-18 06:07:24,TRACK,3,0,mode=CITY
2026-03-18 06:07:24,TRACK,5,0,mode=CITY
2026-03-18 06:07:24,TRACK,3,9,mode=CITY
2026-03-18 06:07:24,TRACK,4,8,mode=CITY
2026-03-18 06:07:24,TRACK,5,9,mode=CITY
2026-03-18 06:07:24,TRACK,0,7,mode=CITY
2026-03-18 06:07:24,TRACK,2,7,mode=CITY
2026-03-18 06:07:24,TRACK,1,8,mode=CITY
2026-03-18 06:07:24,TRACK,7,0,mode=CITY
2026-03-18 06:07:24,TRACK,7,9,mode=CITY
2026-03-18 06:07:24,TRACK,6,7,mode=CITY
2026-03-18 06:07:24,TRACK,4,7,mode=CITY
2026-03-18 06:07:24,TRACK,3,8,mode=CITY
2026-03-18 06:07:24,TRACK,0,0,mode=CITY
2026-03-18 06:07:24,TRACK,5,8,mode=CITY
2026-03-18 06:07:24,TRACK,0,9,mode=CITY
2026-03-18 06:07:24,TRACK,2,0,mode=CITY
2026-03-18 06:07:24,TRACK,2,9,mode=CITY
2026-03-18 06:07:24,TRACK,1,7,mode=CITY
2026-03-18 06:07:24,TRACK,6,0,mode=CITY
2026-03-18 06:07:24,TRACK,6,9,mode=CITY
2026-03-18 06:07:24,TRACK,7,8,mode=CITY
2026-03-18 06:07:29,BLOB,2,10,mode=CITY
2026-03-18 06:07:30,TRACK,4,4,mode=CITY
2026-03-18 06:07:30,TRACK,7,4,mode=CITY
2026-03-18 06:07:30,TRACK,2,4,mode=CITY
2026-03-18 06:07:30,TRACK,0,4,mode=CITY
2026-03-18 06:07:30,TRACK,3,4,mode=CITY
2026-03-18 06:07:30,TRACK,4,3,mode=CITY
2026-03-18 06:07:30,YOLO,4,3,mode=CITY
2026-03-18 06:07:30,TRACK,5,4,mode=CITY
2026-03-18 06:07:30,TRACK,0,3,mode=CITY
2026-03-18 06:07:30,TRACK,6,4,mode=CITY
2026-03-18 06:07:30,TRACK,1,4,mode=CITY
2026-03-18 06:07:30,TRACK,7,3,mode=CITY
2026-03-18 06:07:30,TRACK,2,3,mode=CITY
2026-03-18 06:07:30,TRACK,3,3,mode=CITY
2026-03-18 06:07:30,TRACK,5,3,mode=CITY
2026-03-18 06:07:30,TRACK,6,3,mode=CITY
2026-03-18 06:07:30,TRACK,1,3,mode=CITY
2026-03-18 06:07:31,TRACK,3,4,mode=CITY
2026-03-18 06:07:31,TRACK,5,4,mode=CITY
2026-03-18 06:07:31,YOLO,5,4,mode=CITY
2026-03-18 06:07:31,TRACK,4,6,mode=CITY
2026-03-18 06:07:31,TRACK,0,5,mode=CITY
2026-03-18 06:07:31,TRACK,1,6,mode=CITY
2026-03-18 06:07:31,TRACK,2,5,mode=CITY
2026-03-18 06:07:31,TRACK,7,4,mode=CITY
2026-03-18 06:07:31,TRACK,6,5,mode=CITY
2026-03-18 06:07:31,TRACK,4,5,mode=CITY
2026-03-18 06:07:31,YOLO,4,5,mode=CITY
2026-03-18 06:07:31,TRACK,5,6,mode=CITY
2026-03-18 06:07:31,TRACK,3,6,mode=CITY
2026-03-18 06:07:31,TRACK,2,4,mode=CITY
2026-03-18 06:07:31,TRACK,0,4,mode=CITY
2026-03-18 06:07:31,TRACK,1,5,mode=CITY
2026-03-18 06:07:31,TRACK,6,4,mode=CITY
2026-03-18 06:07:31,TRACK,7,6,mode=CITY
2026-03-18 06:07:31,TRACK,3,5,mode=CITY
2026-03-18 06:07:31,TRACK,4,4,mode=CITY
2026-03-18 06:07:31,YOLO,4,4,mode=CITY
2026-03-18 06:07:31,TRACK,5,5,mode=CITY
2026-03-18 06:07:31,TRACK,1,4,mode=CITY
2026-03-18 06:07:31,TRACK,0,6,mode=CITY
2026-03-18 06:07:31,TRACK,2,6,mode=CITY
2026-03-18 06:07:31,TRACK,6,6,mode=CITY
2026-03-18 06:07:31,TRACK,7,5,mode=CITY
2026-03-18 06:07:32,BLOB,4,12,mode=CITY
2026-03-18 06:07:32,BLOB,5,12,mode=CITY
2026-03-18 06:07:32,BLOB,4,13,mode=CITY
2026-03-18 06:07:32,BLOB,5,13,mode=CITY
2026-03-18 06:07:32,BLOB,5,14,mode=CITY
2026-03-18 06:07:32,BLOB,6,13,mode=CITY
2026-03-18 06:07:32,BLOB,6,14,mode=CITY
2026-03-18 06:07:32,BLOB,4,14,mode=CITY
2026-03-18 06:07:32,BLOB,5,15,mode=CITY
2026-03-18 06:07:32,BLOB,6,15,mode=CITY
2026-03-18 06:07:34,BLOB,2,7,mode=CITY
2026-03-18 06:07:34,BLOB,2,8,mode=CITY
2026-03-18 06:07:35,TRACK,3,7,mode=CITY
2026-03-18 06:07:35,TRACK,4,6,mode=CITY
2026-03-18 06:07:35,TRACK,5,7,mode=CITY
2026-03-18 06:07:35,TRACK,0,5,mode=CITY
2026-03-18 06:07:35,TRACK,1,6,mode=CITY
2026-03-18 06:07:35,TRACK,0,8,mode=CITY
2026-03-18 06:07:35,TRACK,2,5,mode=CITY
2026-03-18 06:07:35,TRACK,7,7,mode=CITY
2026-03-18 06:07:35,TRACK,6,5,mode=CITY
2026-03-18 06:07:35,TRACK,6,8,mode=CITY
2026-03-18 06:07:35,TRACK,4,5,mode=CITY
2026-03-18 06:07:35,TRACK,5,6,mode=CITY
2026-03-18 06:07:35,TRACK,4,8,mode=CITY
2026-03-18 06:07:35,TRACK,3,6,mode=CITY
2026-03-18 06:07:35,TRACK,0,7,mode=CITY
2026-03-18 06:07:35,TRACK,1,5,mode=CITY
2026-03-18 06:07:35,TRACK,1,8,mode=CITY
2026-03-18 06:07:35,TRACK,6,7,mode=CITY
2026-03-18 06:07:35,TRACK,7,6,mode=CITY
2026-03-18 06:07:35,TRACK,4,7,mode=CITY
2026-03-18 06:07:35,YOLO,4,7,mode=CITY
2026-03-18 06:07:35,TRACK,3,5,mode=CITY
2026-03-18 06:07:35,TRACK,3,8,mode=CITY
2026-03-18 06:07:35,TRACK,5,5,mode=CITY
2026-03-18 06:07:35,TRACK,5,8,mode=CITY
2026-03-18 06:07:35,TRACK,0,6,mode=CITY
2026-03-18 06:07:35,TRACK,1,7,mode=CITY
2026-03-18 06:07:35,TRACK,2,6,mode=CITY
2026-03-18 06:07:35,TRACK,6,6,mode=CITY
2026-03-18 06:07:35,TRACK,7,5,mode=CITY
2026-03-18 06:07:35,TRACK,7,8,mode=CITY
2026-03-18 06:07:36,TRACK,3,4,mode=CITY
2026-03-18 06:07:36,TRACK,4,3,mode=CITY
2026-03-18 06:07:36,YOLO,4,3,mode=CITY
2026-03-18 06:07:36,TRACK,3,1,mode=CITY
2026-03-18 06:07:36,TRACK,5,4,mode=CITY
2026-03-18 06:07:36,YOLO,5,4,mode=CITY
2026-03-18 06:07:36,TRACK,5,1,mode=CITY
2026-03-18 06:07:36,TRACK,0,2,mode=CITY
2026-03-18 06:07:36,TRACK,2,2,mode=CITY
2026-03-18 06:07:36,TRACK,1,3,mode=CITY
2026-03-18 06:07:36,TRACK,7,4,mode=CITY
2026-03-18 06:07:36,TRACK,6,2,mode=CITY
2026-03-18 06:07:36,TRACK,7,1,mode=CITY
2026-03-18 06:07:36,TRACK,4,2,mode=CITY
2026-03-18 06:07:36,YOLO,4,2,mode=CITY
2026-03-18 06:07:36,TRACK,3,3,mode=CITY
2026-03-18 06:07:36,TRACK,5,3,mode=CITY
2026-03-18 06:07:36,YOLO,5,3,mode=CITY
2026-03-18 06:07:36,TRACK,0,1,mode=CITY
2026-03-18 06:07:36,TRACK,2,4,mode=CITY
2026-03-18 06:07:36,TRACK,1,2,mode=CITY
2026-03-18 06:07:36,TRACK,0,4,mode=CITY
2026-03-18 06:07:36,TRACK,2,1,mode=CITY
2026-03-18 06:07:36,TRACK,6,1,mode=CITY
2026-03-18 06:07:36,TRACK,6,4,mode=CITY
2026-03-18 06:07:36,TRACK,7,3,mode=CITY
2026-03-18 06:07:36,TRACK,3,2,mode=CITY
2026-03-18 06:07:36,TRACK,4,1,mode=CITY
2026-03-18 06:07:36,TRACK,5,2,mode=CITY
2026-03-18 06:07:36,YOLO,5,2,mode=CITY
2026-03-18 06:07:36,TRACK,4,4,mode=CITY
2026-03-18 06:07:36,YOLO,4,4,mode=CITY
2026-03-18 06:07:36,TRACK,1,1,mode=CITY
2026-03-18 06:07:36,TRACK,0,3,mode=CITY
2026-03-18 06:07:36,TRACK,1,4,mode=CITY
2026-03-18 06:07:36,TRACK,2,3,mode=CITY
2026-03-18 06:07:36,TRACK,7,2,mode=CITY
2026-03-18 06:07:36,TRACK,6,3,mode=CITY
2026-03-18 06:07:36,TRACK,0,7,mode=CITY
2026-03-18 06:07:36,TRACK,7,7,mode=CITY
2026-03-18 06:07:36,TRACK,2,7,mode=CITY
2026-03-18 06:07:36,TRACK,3,7,mode=CITY
2026-03-18 06:07:36,TRACK,4,6,mode=CITY
2026-03-18 06:07:36,TRACK,5,7,mode=CITY
2026-03-18 06:07:36,TRACK,0,6,mode=CITY
2026-03-18 06:07:36,TRACK,6,7,mode=CITY
2026-03-18 06:07:36,TRACK,1,7,mode=CITY
2026-03-18 06:07:36,TRACK,7,6,mode=CITY
2026-03-18 06:07:36,TRACK,2,6,mode=CITY
2026-03-18 06:07:36,TRACK,5,6,mode=CITY
2026-03-18 06:07:36,TRACK,3,6,mode=CITY
2026-03-18 06:07:36,TRACK,6,6,mode=CITY
2026-03-18 06:07:36,TRACK,1,6,mode=CITY
2026-03-18 06:07:36,TRACK,4,7,mode=CITY
2026-03-18 06:07:37,TRACK,3,8,mode=CITY
2026-03-18 06:07:37,TRACK,5,8,mode=CITY
2026-03-18 06:07:37,TRACK,4,9,mode=CITY
2026-03-18 06:07:37,TRACK,6,8,mode=CITY
2026-03-18 06:07:37,TRACK,1,8,mode=CITY
2026-03-18 06:07:37,TRACK,0,9,mode=CITY
2026-03-18 06:07:37,TRACK,7,9,mode=CITY
2026-03-18 06:07:37,TRACK,2,9,mode=CITY
2026-03-18 06:07:37,TRACK,3,9,mode=CITY
2026-03-18 06:07:37,TRACK,4,8,mode=CITY
2026-03-18 06:07:37,TRACK,5,9,mode=CITY
2026-03-18 06:07:37,TRACK,0,8,mode=CITY
2026-03-18 06:07:37,TRACK,6,9,mode=CITY
2026-03-18 06:07:37,TRACK,1,9,mode=CITY
2026-03-18 06:07:37,TRACK,7,8,mode=CITY
2026-03-18 06:07:37,TRACK,2,8,mode=CITY
2026-03-18 06:07:37,TRACK,4,0,mode=CITY
2026-03-18 06:07:37,TRACK,0,0,mode=CITY
2026-03-18 06:07:37,TRACK,7,0,mode=CITY
2026-03-18 06:07:37,TRACK,2,0,mode=CITY
2026-03-18 06:07:37,TRACK,3,0,mode=CITY
2026-03-18 06:07:37,TRACK,5,0,mode=CITY
2026-03-18 06:07:37,TRACK,6,0,mode=CITY
2026-03-18 06:07:37,TRACK,1,0,mode=CITY
2026-03-18 06:07:38,TRACK,3,8,mode=CITY
2026-03-18 06:07:38,TRACK,5,8,mode=CITY
2026-03-18 06:07:38,TRACK,4,9,mode=CITY
2026-03-18 06:07:38,TRACK,6,8,mode=CITY
2026-03-18 06:07:38,TRACK,1,8,mode=CITY
2026-03-18 06:07:38,TRACK,0,9,mode=CITY
2026-03-18 06:07:38,TRACK,7,9,mode=CITY
2026-03-18 06:07:38,TRACK,2,9,mode=CITY
2026-03-18 06:07:38,TRACK,3,9,mode=CITY
2026-03-18 06:07:38,TRACK,4,8,mode=CITY
2026-03-18 06:07:38,TRACK,5,9,mode=CITY
2026-03-18 06:07:38,TRACK,0,8,mode=CITY
2026-03-18 06:07:38,TRACK,6,9,mode=CITY
2026-03-18 06:07:38,TRACK,1,9,mode=CITY
2026-03-18 06:07:38,TRACK,7,8,mode=CITY
2026-03-18 06:07:38,TRACK,2,8,mode=CITY
2026-03-18 06:07:38,TRACK,5,5,mode=CITY
2026-03-18 06:07:38,TRACK,6,5,mode=CITY
2026-03-18 06:07:38,TRACK,1,5,mode=CITY
2026-03-18 06:07:38,TRACK,4,6,mode=CITY
2026-03-18 06:07:38,TRACK,0,6,mode=CITY
2026-03-18 06:07:38,TRACK,4,5,mode=CITY
2026-03-18 06:07:38,TRACK,7,6,mode=CITY
2026-03-18 06:07:38,TRACK,2,6,mode=CITY
2026-03-18 06:07:38,TRACK,5,6,mode=CITY
2026-03-18 06:07:38,TRACK,0,5,mode=CITY
2026-03-18 06:07:38,TRACK,3,6,mode=CITY
2026-03-18 06:07:38,TRACK,6,6,mode=CITY
2026-03-18 06:07:38,TRACK,1,6,mode=CITY
2026-03-18 06:07:38,TRACK,7,5,mode=CITY
2026-03-18 06:07:38,TRACK,2,5,mode=CITY
2026-03-18 06:07:38,TRACK,3,5,mode=CITY
2026-03-18 06:07:39,TRACK,4,0,mode=CITY
2026-03-18 06:07:39,YOLO,4,0,mode=CITY
2026-03-18 06:07:39,TRACK,3,4,mode=CITY
2026-03-18 06:07:39,TRACK,3,1,mode=CITY
2026-03-18 06:07:39,TRACK,5,4,mode=CITY
2026-03-18 06:07:39,TRACK,5,1,mode=CITY
2026-03-18 06:07:39,TRACK,0,2,mode=CITY
2026-03-18 06:07:39,TRACK,2,2,mode=CITY
2026-03-18 06:07:39,TRACK,1,0,mode=CITY
2026-03-18 06:07:39,TRACK,7,4,mode=CITY
2026-03-18 06:07:39,TRACK,6,2,mode=CITY
2026-03-18 06:07:39,TRACK,7,1,mode=CITY
2026-03-18 06:07:39,TRACK,4,2,mode=CITY
2026-03-18 06:07:39,TRACK,3,0,mode=CITY
2026-03-18 06:07:39,TRACK,5,0,mode=CITY
2026-03-18 06:07:39,YOLO,5,0,mode=CITY
2026-03-18 06:07:39,TRACK,0,1,mode=CITY
2026-03-18 06:07:39,TRACK,2,4,mode=CITY
2026-03-18 06:07:39,TRACK,1,2,mode=CITY
2026-03-18 06:07:39,TRACK,0,4,mode=CITY
2026-03-18 06:07:39,TRACK,2,1,mode=CITY
2026-03-18 06:07:39,TRACK,6,1,mode=CITY
2026-03-18 06:07:39,TRACK,7,0,mode=CITY
2026-03-18 06:07:39,TRACK,6,4,mode=CITY
2026-03-18 06:07:39,TRACK,3,2,mode=CITY
2026-03-18 06:07:39,TRACK,4,1,mode=CITY
2026-03-18 06:07:39,TRACK,5,2,mode=CITY
2026-03-18 06:07:39,TRACK,4,4,mode=CITY
2026-03-18 06:07:39,TRACK,0,0,mode=CITY
2026-03-18 06:07:39,TRACK,1,1,mode=CITY
2026-03-18 06:07:39,TRACK,2,0,mode=CITY
2026-03-18 06:07:39,TRACK,1,4,mode=CITY
2026-03-18 06:07:39,TRACK,7,2,mode=CITY
2026-03-18 06:07:39,TRACK,6,0,mode=CITY
2026-03-18 06:07:40,TRACK,4,3,mode=CITY
2026-03-18 06:07:40,TRACK,0,3,mode=CITY
2026-03-18 06:07:40,TRACK,7,3,mode=CITY
2026-03-18 06:07:40,TRACK,2,3,mode=CITY
2026-03-18 06:07:40,TRACK,3,3,mode=CITY
2026-03-18 06:07:40,TRACK,5,3,mode=CITY
2026-03-18 06:07:40,TRACK,6,3,mode=CITY
2026-03-18 06:07:40,TRACK,1,3,mode=CITY
2026-03-18 06:07:40,TRACK,6,2,mode=CITY
2026-03-18 06:07:40,TRACK,1,2,mode=CITY
2026-03-18 06:07:40,TRACK,4,2,mode=CITY
2026-03-18 06:07:40,TRACK,0,2,mode=CITY
2026-03-18 06:07:40,TRACK,7,2,mode=CITY
2026-03-18 06:07:40,TRACK,2,2,mode=CITY
2026-03-18 06:07:40,TRACK,3,2,mode=CITY
2026-03-18 06:07:40,TRACK,5,2,mode=CITY
2026-03-18 06:07:40,TRACK,0,1,mode=CITY
2026-03-18 06:07:40,TRACK,7,1,mode=CITY
2026-03-18 06:07:40,TRACK,2,1,mode=CITY
2026-03-18 06:07:40,TRACK,3,1,mode=CITY
2026-03-18 06:07:40,TRACK,6,1,mode=CITY
2026-03-18 06:07:40,TRACK,1,1,mode=CITY
2026-03-18 06:07:40,TRACK,5,1,mode=CITY
2026-03-18 06:07:40,TRACK,4,1,mode=CITY
2026-03-18 06:07:40,TRACK,4,0,mode=CITY
2026-03-18 06:07:40,TRACK,0,0,mode=CITY
2026-03-18 06:07:40,TRACK,7,0,mode=CITY
2026-03-18 06:07:40,TRACK,2,0,mode=CITY
2026-03-18 06:07:40,TRACK,3,0,mode=CITY
2026-03-18 06:07:40,TRACK,5,0,mode=CITY
2026-03-18 06:07:40,TRACK,6,0,mode=CITY
2026-03-18 06:07:40,TRACK,1,0,mode=CITY
2026-03-18 06:07:40,TRACK,4,9,mode=CITY
2026-03-18 06:07:40,TRACK,0,9,mode=CITY
2026-03-18 06:07:40,TRACK,7,9,mode=CITY
2026-03-18 06:07:40,TRACK,2,9,mode=CITY
2026-03-18 06:07:40,TRACK,3,9,mode=CITY
2026-03-18 06:07:40,TRACK,5,9,mode=CITY
2026-03-18 06:07:40,TRACK,6,9,mode=CITY
2026-03-18 06:07:40,TRACK,1,9,mode=CITY
2026-03-18 06:07:41,TRACK,0,1,mode=CITY
2026-03-18 06:07:41,TRACK,7,1,mode=CITY
2026-03-18 06:07:41,TRACK,2,1,mode=CITY
2026-03-18 06:07:41,TRACK,3,1,mode=CITY
2026-03-18 06:07:41,TRACK,6,1,mode=CITY
2026-03-18 06:07:41,TRACK,1,1,mode=CITY
2026-03-18 06:07:41,TRACK,5,1,mode=CITY
2026-03-18 06:07:41,TRACK,4,1,mode=CITY
2026-03-18 06:07:41,TRACK,4,0,mode=CITY
2026-03-18 06:07:41,TRACK,0,0,mode=CITY
2026-03-18 06:07:41,TRACK,7,0,mode=CITY
2026-03-18 06:07:41,TRACK,2,0,mode=CITY
2026-03-18 06:07:41,TRACK,3,0,mode=CITY
2026-03-18 06:07:41,TRACK,5,0,mode=CITY
2026-03-18 06:07:41,TRACK,6,0,mode=CITY
2026-03-18 06:07:41,TRACK,1,0,mode=CITY
2026-03-18 06:07:41,TRACK,3,8,mode=CITY
2026-03-18 06:07:41,TRACK,5,8,mode=CITY
2026-03-18 06:07:41,TRACK,4,9,mode=CITY
2026-03-18 06:07:41,TRACK,6,8,mode=CITY
2026-03-18 06:07:41,TRACK,1,8,mode=CITY
2026-03-18 06:07:41,TRACK,0,9,mode=CITY
2026-03-18 06:07:41,TRACK,7,9,mode=CITY
2026-03-18 06:07:41,TRACK,2,9,mode=CITY
2026-03-18 06:07:41,TRACK,3,9,mode=CITY
2026-03-18 06:07:41,TRACK,4,8,mode=CITY
2026-03-18 06:07:41,YOLO,4,8,mode=CITY
2026-03-18 06:07:41,TRACK,5,9,mode=CITY
2026-03-18 06:07:41,TRACK,0,8,mode=CITY
2026-03-18 06:07:41,TRACK,6,9,mode=CITY
2026-03-18 06:07:41,TRACK,1,9,mode=CITY
2026-03-18 06:07:41,TRACK,7,8,mode=CITY
2026-03-18 06:07:41,TRACK,2,8,mode=CITY
2026-03-18 06:07:43,TRACK,6,12,mode=CITY
2026-03-18 06:07:43,TRACK,6,15,mode=CITY
2026-03-18 06:07:43,TRACK,4,12,mode=CITY
2026-03-18 06:07:43,TRACK,5,13,mode=CITY
2026-03-18 06:07:43,TRACK,4,15,mode=CITY
2026-03-18 06:07:43,YOLO,4,15,mode=CITY
2026-03-18 06:07:43,TRACK,3,13,mode=CITY
2026-03-18 06:07:43,TRACK,0,14,mode=CITY
2026-03-18 06:07:43,TRACK,2,14,mode=CITY
2026-03-18 06:07:43,TRACK,1,12,mode=CITY
2026-03-18 06:07:43,TRACK,1,15,mode=CITY
2026-03-18 06:07:43,TRACK,6,14,mode=CITY
2026-03-18 06:07:43,TRACK,7,13,mode=CITY
2026-03-18 06:07:43,TRACK,4,14,mode=CITY
2026-03-18 06:07:43,YOLO,4,14,mode=CITY
2026-03-18 06:07:43,TRACK,3,12,mode=CITY
2026-03-18 06:07:43,TRACK,3,15,mode=CITY
2026-03-18 06:07:43,TRACK,5,12,mode=CITY
2026-03-18 06:07:43,TRACK,5,15,mode=CITY
2026-03-18 06:07:43,TRACK,0,13,mode=CITY
2026-03-18 06:07:43,TRACK,1,14,mode=CITY
2026-03-18 06:07:43,TRACK,2,13,mode=CITY
2026-03-18 06:07:43,TRACK,6,13,mode=CITY
2026-03-18 06:07:43,TRACK,7,12,mode=CITY
2026-03-18 06:07:43,TRACK,7,15,mode=CITY
2026-03-18 06:07:43,TRACK,3,14,mode=CITY
2026-03-18 06:07:43,YOLO,3,14,mode=CITY
2026-03-18 06:07:43,TRACK,4,13,mode=CITY
2026-03-18 06:07:43,YOLO,4,13,mode=CITY
2026-03-18 06:07:43,TRACK,5,14,mode=CITY
2026-03-18 06:07:43,TRACK,0,12,mode=CITY
2026-03-18 06:07:43,TRACK,1,13,mode=CITY
2026-03-18 06:07:43,TRACK,0,15,mode=CITY
2026-03-18 06:07:43,TRACK,2,12,mode=CITY
2026-03-18 06:07:43,TRACK,2,15,mode=CITY
2026-03-18 06:07:43,TRACK,7,14,mode=CITY
2026-03-18 06:07:45,TRACK,4,9,mode=CITY
2026-03-18 06:07:45,TRACK,3,7,mode=CITY
2026-03-18 06:07:45,TRACK,3,10,mode=CITY
2026-03-18 06:07:45,TRACK,5,7,mode=CITY
2026-03-18 06:07:45,TRACK,5,10,mode=CITY
2026-03-18 06:07:45,TRACK,0,8,mode=CITY
2026-03-18 06:07:45,TRACK,1,9,mode=CITY
2026-03-18 06:07:45,TRACK,2,8,mode=CITY
2026-03-18 06:07:45,TRACK,7,7,mode=CITY
2026-03-18 06:07:45,TRACK,7,10,mode=CITY
2026-03-18 06:07:45,TRACK,6,8,mode=CITY
2026-03-18 06:07:45,TRACK,3,9,mode=CITY
2026-03-18 06:07:45,TRACK,4,8,mode=CITY
2026-03-18 06:07:45,TRACK,5,9,mode=CITY
2026-03-18 06:07:45,TRACK,0,7,mode=CITY
2026-03-18 06:07:45,TRACK,0,10,mode=CITY
2026-03-18 06:07:45,TRACK,2,7,mode=CITY
2026-03-18 06:07:45,TRACK,2,10,mode=CITY
2026-03-18 06:07:45,TRACK,1,8,mode=CITY
2026-03-18 06:07:45,TRACK,7,9,mode=CITY
2026-03-18 06:07:45,TRACK,6,7,mode=CITY
2026-03-18 06:07:45,TRACK,6,10,mode=CITY
2026-03-18 06:07:45,TRACK,4,7,mode=CITY
2026-03-18 06:07:45,TRACK,4,10,mode=CITY
2026-03-18 06:07:45,TRACK,3,8,mode=CITY
2026-03-18 06:07:45,TRACK,5,8,mode=CITY
2026-03-18 06:07:45,TRACK,0,9,mode=CITY
2026-03-18 06:07:45,TRACK,2,9,mode=CITY
2026-03-18 06:07:45,TRACK,1,7,mode=CITY
2026-03-18 06:07:45,TRACK,1,10,mode=CITY
2026-03-18 06:07:45,TRACK,6,9,mode=CITY
2026-03-18 06:07:45,TRACK,7,8,mode=CITY
2026-03-18 06:07:50,TRACK,5,11,mode=CITY
2026-03-18 06:07:50,TRACK,6,11,mode=CITY
2026-03-18 06:07:50,TRACK,1,11,mode=CITY
2026-03-18 06:07:50,TRACK,4,11,mode=CITY
2026-03-18 06:07:50,TRACK,7,11,mode=CITY
2026-03-18 06:07:50,TRACK,2,11,mode=CITY
2026-03-18 06:07:50,TRACK,0,11,mode=CITY
2026-03-18 06:07:50,TRACK,3,11,mode=CITY
2026-03-18 06:07:51,BLOB,2,1,mode=CITY
2026-03-18 06:07:51,BLOB,2,2,mode=CITY
2026-03-18 06:07:51,TRACK,0,7,mode=CITY
2026-03-18 06:07:51,TRACK,7,7,mode=CITY
2026-03-18 06:07:51,TRACK,2,7,mode=CITY
2026-03-18 06:07:51,TRACK,3,7,mode=CITY
2026-03-18 06:07:51,TRACK,4,6,mode=CITY
2026-03-18 06:07:51,TRACK,5,7,mode=CITY
2026-03-18 06:07:51,YOLO,5,7,mode=CITY
2026-03-18 06:07:51,TRACK,0,6,mode=CITY
2026-03-18 06:07:51,TRACK,6,7,mode=CITY
2026-03-18 06:07:51,TRACK,1,7,mode=CITY
2026-03-18 06:07:51,TRACK,7,6,mode=CITY
2026-03-18 06:07:51,TRACK,2,6,mode=CITY
2026-03-18 06:07:51,TRACK,5,6,mode=CITY
2026-03-18 06:07:51,TRACK,3,6,mode=CITY
2026-03-18 06:07:51,TRACK,6,6,mode=CITY
2026-03-18 06:07:51,TRACK,1,6,mode=CITY
2026-03-18 06:07:51,TRACK,4,7,mode=CITY
2026-03-18 06:07:51,YOLO,4,7,mode=CITY
2026-03-18 06:07:51,BLOB,2,0,mode=CITY
2026-03-18 06:07:51,TRACK,3,4,mode=CITY
2026-03-18 06:07:51,TRACK,4,9,mode=CITY
2026-03-18 06:07:51,YOLO,4,9,mode=CITY
2026-03-18 06:07:51,TRACK,5,4,mode=CITY
2026-03-18 06:07:51,TRACK,3,10,mode=CITY
2026-03-18 06:07:51,TRACK,5,10,mode=CITY
2026-03-18 06:07:51,TRACK,0,5,mode=CITY
2026-03-18 06:07:51,TRACK,2,5,mode=CITY
2026-03-18 06:07:51,TRACK,2,11,mode=CITY
2026-03-18 06:07:51,TRACK,1,9,mode=CITY
2026-03-18 06:07:51,TRACK,0,11,mode=CITY
2026-03-18 06:07:51,TRACK,7,4,mode=CITY
2026-03-18 06:07:51,TRACK,6,5,mode=CITY
2026-03-18 06:07:51,TRACK,6,11,mode=CITY
2026-03-18 06:07:51,TRACK,7,10,mode=CITY
2026-03-18 06:07:51,TRACK,4,5,mode=CITY
2026-03-18 06:07:51,YOLO,4,5,mode=CITY
2026-03-18 06:07:51,TRACK,3,9,mode=CITY
2026-03-18 06:07:51,TRACK,5,9,mode=CITY
2026-03-18 06:07:51,YOLO,5,9,mode=CITY
2026-03-18 06:07:51,TRACK,4,11,mode=CITY
2026-03-18 06:07:51,TRACK,2,4,mode=CITY
2026-03-18 06:07:51,TRACK,0,4,mode=CITY
2026-03-18 06:07:51,TRACK,0,10,mode=CITY
2026-03-18 06:07:51,TRACK,1,5,mode=CITY
2026-03-18 06:07:51,TRACK,1,11,mode=CITY
2026-03-18 06:07:51,TRACK,2,10,mode=CITY
2026-03-18 06:07:51,TRACK,6,4,mode=CITY
2026-03-18 06:07:51,TRACK,7,9,mode=CITY
2026-03-18 06:07:51,TRACK,6,10,mode=CITY
2026-03-18 06:07:51,TRACK,3,5,mode=CITY
2026-03-18 06:07:51,TRACK,3,11,mode=CITY
2026-03-18 06:07:51,TRACK,4,4,mode=CITY
2026-03-18 06:07:51,TRACK,4,10,mode=CITY
2026-03-18 06:07:51,TRACK,5,5,mode=CITY
2026-03-18 06:07:51,YOLO,5,5,mode=CITY
2026-03-18 06:07:51,TRACK,5,11,mode=CITY
2026-03-18 06:07:51,TRACK,0,9,mode=CITY
2026-03-18 06:07:51,TRACK,1,4,mode=CITY
2026-03-18 06:07:51,TRACK,2,9,mode=CITY
2026-03-18 06:07:51,TRACK,1,10,mode=CITY
2026-03-18 06:07:51,TRACK,7,5,mode=CITY
2026-03-18 06:07:51,TRACK,7,11,mode=CITY
2026-03-18 06:07:51,TRACK,6,9,mode=CITY
2026-03-18 06:07:52,TRACK,4,3,mode=CITY
2026-03-18 06:07:52,TRACK,0,3,mode=CITY
2026-03-18 06:07:52,TRACK,7,3,mode=CITY
2026-03-18 06:07:52,TRACK,2,3,mode=CITY
2026-03-18 06:07:52,TRACK,3,3,mode=CITY
2026-03-18 06:07:52,TRACK,5,3,mode=CITY
2026-03-18 06:07:52,TRACK,6,3,mode=CITY
2026-03-18 06:07:52,TRACK,1,3,mode=CITY
2026-03-18 06:07:52,TRACK,6,2,mode=CITY
2026-03-18 06:07:52,TRACK,1,2,mode=CITY
2026-03-18 06:07:52,TRACK,4,2,mode=CITY
2026-03-18 06:07:52,TRACK,0,2,mode=CITY
2026-03-18 06:07:52,TRACK,7,2,mode=CITY
2026-03-18 06:07:52,TRACK,2,2,mode=CITY
2026-03-18 06:07:52,TRACK,3,2,mode=CITY
2026-03-18 06:07:52,TRACK,5,2,mode=CITY
2026-03-18 06:07:52,TRACK,0,1,mode=CITY
2026-03-18 06:07:52,TRACK,7,1,mode=CITY
2026-03-18 06:07:52,TRACK,2,1,mode=CITY
2026-03-18 06:07:52,TRACK,3,1,mode=CITY
2026-03-18 06:07:52,TRACK,6,1,mode=CITY
2026-03-18 06:07:52,TRACK,1,1,mode=CITY
2026-03-18 06:07:52,TRACK,5,1,mode=CITY
2026-03-18 06:07:52,TRACK,4,1,mode=CITY
2026-03-18 06:07:52,TRACK,6,12,mode=CITY
2026-03-18 06:07:52,TRACK,4,12,mode=CITY
2026-03-18 06:07:52,YOLO,4,12,mode=CITY
2026-03-18 06:07:52,TRACK,5,13,mode=CITY
2026-03-18 06:07:52,TRACK,3,13,mode=CITY
2026-03-18 06:07:52,TRACK,0,14,mode=CITY
2026-03-18 06:07:52,TRACK,2,11,mode=CITY
2026-03-18 06:07:52,TRACK,0,11,mode=CITY
2026-03-18 06:07:52,TRACK,2,14,mode=CITY
2026-03-18 06:07:52,TRACK,1,12,mode=CITY
2026-03-18 06:07:52,TRACK,6,11,mode=CITY
2026-03-18 06:07:52,TRACK,6,14,mode=CITY
2026-03-18 06:07:52,TRACK,7,13,mode=CITY
2026-03-18 06:07:52,TRACK,4,14,mode=CITY
2026-03-18 06:07:52,TRACK,3,12,mode=CITY
2026-03-18 06:07:52,TRACK,4,11,mode=CITY
2026-03-18 06:07:52,TRACK,5,12,mode=CITY
2026-03-18 06:07:52,TRACK,1,11,mode=CITY
2026-03-18 06:07:52,TRACK,0,13,mode=CITY
2026-03-18 06:07:52,TRACK,1,14,mode=CITY
2026-03-18 06:07:52,TRACK,2,13,mode=CITY
2026-03-18 06:07:52,TRACK,6,13,mode=CITY
2026-03-18 06:07:52,TRACK,7,12,mode=CITY
2026-03-18 06:07:52,TRACK,3,11,mode=CITY
2026-03-18 06:07:52,TRACK,3,14,mode=CITY
2026-03-18 06:07:52,TRACK,5,11,mode=CITY
2026-03-18 06:07:52,TRACK,4,13,mode=CITY
2026-03-18 06:07:52,YOLO,4,13,mode=CITY
2026-03-18 06:07:52,TRACK,5,14,mode=CITY
2026-03-18 06:07:52,TRACK,0,12,mode=CITY
2026-03-18 06:07:52,TRACK,1,13,mode=CITY
2026-03-18 06:07:52,TRACK,2,12,mode=CITY
2026-03-18 06:07:52,TRACK,7,11,mode=CITY
2026-03-18 06:07:52,TRACK,7,14,mode=CITY
2026-03-18 06:07:53,TRACK,4,0,mode=CITY
2026-03-18 06:07:53,YOLO,4,0,mode=CITY
2026-03-18 06:07:53,TRACK,0,0,mode=CITY
2026-03-18 06:07:53,TRACK,7,0,mode=CITY
2026-03-18 06:07:53,TRACK,2,0,mode=CITY
2026-03-18 06:07:53,TRACK,3,0,mode=CITY
2026-03-18 06:07:53,TRACK,5,0,mode=CITY
2026-03-18 06:07:53,YOLO,5,0,mode=CITY
2026-03-18 06:07:53,TRACK,6,0,mode=CITY
2026-03-18 06:07:53,TRACK,1,0,mode=CITY
2026-03-18 06:07:53,BLOB,6,12,mode=CITY
2026-03-18 06:07:53,BLOB,5,12,mode=CITY
2026-03-18 06:07:53,BLOB,6,13,mode=CITY
2026-03-18 06:07:54,TRACK,4,9,mode=CITY
2026-03-18 06:07:54,YOLO,4,9,mode=CITY
2026-03-18 06:07:54,TRACK,3,7,mode=CITY
2026-03-18 06:07:54,TRACK,5,4,mode=CITY
2026-03-18 06:07:54,YOLO,5,4,mode=CITY
2026-03-18 06:07:54,TRACK,4,6,mode=CITY
2026-03-18 06:07:54,YOLO,4,6,mode=CITY
2026-03-18 06:07:54,TRACK,5,10,mode=CITY
2026-03-18 06:07:54,TRACK,0,5,mode=CITY
2026-03-18 06:07:54,TRACK,2,2,mode=CITY
2026-03-18 06:07:54,YOLO,2,2,mode=CITY
2026-03-18 06:07:54,TRACK,1,9,mode=CITY
2026-03-18 06:07:54,TRACK,2,8,mode=CITY
2026-03-18 06:07:54,TRACK,7,4,mode=CITY
2026-03-18 06:07:54,TRACK,6,2,mode=CITY
2026-03-18 06:07:54,TRACK,7,10,mode=CITY
2026-03-18 06:07:54,TRACK,6,8,mode=CITY
2026-03-18 06:07:54,TRACK,4,2,mode=CITY
2026-03-18 06:07:54,YOLO,4,2,mode=CITY
2026-03-18 06:07:54,TRACK,3,9,mode=CITY
2026-03-18 06:07:54,TRACK,5,6,mode=CITY
2026-03-18 06:07:54,YOLO,5,6,mode=CITY
2026-03-18 06:07:54,TRACK,4,8,mode=CITY
2026-03-18 06:07:54,YOLO,4,8,mode=CITY
2026-03-18 06:07:54,TRACK,3,6,mode=CITY
2026-03-18 06:07:54,YOLO,3,6,mode=CITY
2026-03-18 06:07:54,TRACK,5,3,mode=CITY
2026-03-18 06:07:54,YOLO,5,3,mode=CITY
2026-03-18 06:07:54,TRACK,0,7,mode=CITY
2026-03-18 06:07:54,TRACK,2,4,mode=CITY
2026-03-18 06:07:54,YOLO,2,4,mode=CITY
2026-03-18 06:07:54,TRACK,1,2,mode=CITY
2026-03-18 06:07:54,YOLO,1,2,mode=CITY
2026-03-18 06:07:54,TRACK,0,4,mode=CITY
2026-03-18 06:07:54,TRACK,2,10,mode=CITY
2026-03-18 06:07:54,TRACK,1,8,mode=CITY
2026-03-18 06:07:54,TRACK,6,4,mode=CITY
2026-03-18 06:07:54,TRACK,7,3,mode=CITY
2026-03-18 06:07:54,TRACK,6,10,mode=CITY
2026-03-18 06:07:54,TRACK,3,2,mode=CITY
2026-03-18 06:07:54,YOLO,3,2,mode=CITY
2026-03-18 06:07:54,TRACK,4,10,mode=CITY
2026-03-18 06:07:54,TRACK,3,8,mode=CITY
2026-03-18 06:07:54,TRACK,5,5,mode=CITY
2026-03-18 06:07:54,YOLO,5,5,mode=CITY
2026-03-18 06:07:54,TRACK,0,9,mode=CITY
2026-03-18 06:07:54,TRACK,1,4,mode=CITY
2026-03-18 06:07:54,YOLO,1,4,mode=CITY
2026-03-18 06:07:54,TRACK,0,6,mode=CITY
2026-03-18 06:07:54,TRACK,2,3,mode=CITY
2026-03-18 06:07:54,YOLO,2,3,mode=CITY
2026-03-18 06:07:54,TRACK,1,10,mode=CITY
2026-03-18 06:07:54,TRACK,6,6,mode=CITY
2026-03-18 06:07:54,TRACK,7,5,mode=CITY
2026-03-18 06:07:54,TRACK,6,3,mode=CITY
2026-03-18 06:07:54,TRACK,3,4,mode=CITY
2026-03-18 06:07:54,YOLO,3,4,mode=CITY
2026-03-18 06:07:54,TRACK,4,3,mode=CITY
2026-03-18 06:07:54,YOLO,4,3,mode=CITY
2026-03-18 06:07:54,TRACK,3,10,mode=CITY
2026-03-18 06:07:54,TRACK,5,7,mode=CITY
2026-03-18 06:07:54,TRACK,0,2,mode=CITY
2026-03-18 06:07:54,TRACK,1,6,mode=CITY
2026-03-18 06:07:54,TRACK,0,8,mode=CITY
2026-03-18 06:07:54,TRACK,2,5,mode=CITY
2026-03-18 06:07:54,YOLO,2,5,mode=CITY
2026-03-18 06:07:54,TRACK,1,3,mode=CITY
2026-03-18 06:07:54,YOLO,1,3,mode=CITY
2026-03-18 06:07:54,TRACK,7,7,mode=CITY
2026-03-18 06:07:54,TRACK,6,5,mode=CITY
2026-03-18 06:07:54,TRACK,4,5,mode=CITY
2026-03-18 06:07:54,YOLO,4,5,mode=CITY
2026-03-18 06:07:54,TRACK,3,3,mode=CITY
2026-03-18 06:07:54,YOLO,3,3,mode=CITY
2026-03-18 06:07:54,TRACK,5,9,mode=CITY
2026-03-18 06:07:54,YOLO,5,9,mode=CITY
2026-03-18 06:07:54,TRACK,0,10,mode=CITY
2026-03-18 06:07:54,TRACK,2,7,mode=CITY
2026-03-18 06:07:54,TRACK,1,5,mode=CITY
2026-03-18 06:07:54,YOLO,1,5,mode=CITY
2026-03-18 06:07:54,TRACK,7,9,mode=CITY
2026-03-18 06:07:54,TRACK,6,7,mode=CITY
2026-03-18 06:07:54,TRACK,7,6,mode=CITY
2026-03-18 06:07:54,TRACK,4,7,mode=CITY
2026-03-18 06:07:54,TRACK,3,5,mode=CITY
2026-03-18 06:07:54,YOLO,3,5,mode=CITY
2026-03-18 06:07:54,TRACK,5,2,mode=CITY
2026-03-18 06:07:54,YOLO,5,2,mode=CITY
2026-03-18 06:07:54,TRACK,4,4,mode=CITY
2026-03-18 06:07:54,YOLO,4,4,mode=CITY
2026-03-18 06:07:54,TRACK,5,8,mode=CITY
2026-03-18 06:07:54,YOLO,5,8,mode=CITY
2026-03-18 06:07:54,TRACK,0,3,mode=CITY
2026-03-18 06:07:54,TRACK,2,9,mode=CITY
2026-03-18 06:07:54,TRACK,1,7,mode=CITY
2026-03-18 06:07:54,TRACK,2,6,mode=CITY
2026-03-18 06:07:54,YOLO,2,6,mode=CITY
2026-03-18 06:07:54,TRACK,7,2,mode=CITY
2026-03-18 06:07:54,TRACK,6,9,mode=CITY
2026-03-18 06:07:54,TRACK,7,8,mode=CITY
2026-03-18 06:07:54,BLOB,6,12,mode=CITY
2026-03-18 06:07:54,BLOB,5,12,mode=CITY
2026-03-18 06:07:55,BLOB,3,1,mode=CITY
2026-03-18 06:07:55,BLOB,4,1,mode=CITY
2026-03-18 06:07:55,BLOB,4,0,mode=CITY
2026-03-18 06:07:55,BLOB,3,0,mode=CITY
2026-03-18 06:07:55,BLOB,3,2,mode=CITY
2026-03-18 06:07:55,TRACK,6,12,mode=CITY
2026-03-18 06:07:55,YOLO,6,12,mode=CITY
2026-03-18 06:07:55,TRACK,6,15,mode=CITY
2026-03-18 06:07:55,YOLO,6,15,mode=CITY
2026-03-18 06:07:55,TRACK,4,12,mode=CITY
2026-03-18 06:07:55,YOLO,4,12,mode=CITY
2026-03-18 06:07:55,TRACK,5,13,mode=CITY
2026-03-18 06:07:55,YOLO,5,13,mode=CITY
2026-03-18 06:07:55,TRACK,4,15,mode=CITY
2026-03-18 06:07:55,YOLO,4,15,mode=CITY
2026-03-18 06:07:55,TRACK,3,13,mode=CITY
2026-03-18 06:07:55,YOLO,3,13,mode=CITY
2026-03-18 06:07:55,TRACK,0,14,mode=CITY
2026-03-18 06:07:55,TRACK,2,11,mode=CITY
2026-03-18 06:07:55,YOLO,2,11,mode=CITY
2026-03-18 06:07:55,TRACK,0,11,mode=CITY
2026-03-18 06:07:55,TRACK,2,14,mode=CITY
2026-03-18 06:07:55,YOLO,2,14,mode=CITY
2026-03-18 06:07:55,TRACK,1,12,mode=CITY
2026-03-18 06:07:55,TRACK,1,15,mode=CITY
2026-03-18 06:07:55,TRACK,6,11,mode=CITY
2026-03-18 06:07:55,YOLO,6,11,mode=CITY
2026-03-18 06:07:55,TRACK,6,14,mode=CITY
2026-03-18 06:07:55,YOLO,6,14,mode=CITY
2026-03-18 06:07:55,TRACK,7,13,mode=CITY
2026-03-18 06:07:55,YOLO,7,13,mode=CITY
2026-03-18 06:07:55,TRACK,4,14,mode=CITY
2026-03-18 06:07:55,YOLO,4,14,mode=CITY
2026-03-18 06:07:55,TRACK,3,12,mode=CITY
2026-03-18 06:07:55,YOLO,3,12,mode=CITY
2026-03-18 06:07:55,TRACK,4,11,mode=CITY
2026-03-18 06:07:55,YOLO,4,11,mode=CITY
2026-03-18 06:07:55,TRACK,3,15,mode=CITY
2026-03-18 06:07:55,YOLO,3,15,mode=CITY
2026-03-18 06:07:55,TRACK,5,12,mode=CITY
2026-03-18 06:07:55,YOLO,5,12,mode=CITY
2026-03-18 06:07:55,TRACK,5,15,mode=CITY
2026-03-18 06:07:55,YOLO,5,15,mode=CITY
2026-03-18 06:07:55,TRACK,1,11,mode=CITY
2026-03-18 06:07:55,TRACK,0,13,mode=CITY
2026-03-18 06:07:55,TRACK,1,14,mode=CITY
2026-03-18 06:07:55,TRACK,2,13,mode=CITY
2026-03-18 06:07:55,YOLO,2,13,mode=CITY
2026-03-18 06:07:55,TRACK,6,13,mode=CITY
2026-03-18 06:07:55,YOLO,6,13,mode=CITY
2026-03-18 06:07:55,TRACK,7,12,mode=CITY
2026-03-18 06:07:55,YOLO,7,12,mode=CITY
2026-03-18 06:07:55,TRACK,7,15,mode=CITY
2026-03-18 06:07:55,YOLO,7,15,mode=CITY
2026-03-18 06:07:55,TRACK,3,11,mode=CITY
2026-03-18 06:07:55,YOLO,3,11,mode=CITY
2026-03-18 06:07:55,TRACK,3,14,mode=CITY
2026-03-18 06:07:55,YOLO,3,14,mode=CITY
2026-03-18 06:07:55,TRACK,5,11,mode=CITY
2026-03-18 06:07:55,YOLO,5,11,mode=CITY
2026-03-18 06:07:55,TRACK,4,13,mode=CITY
2026-03-18 06:07:55,YOLO,4,13,mode=CITY
2026-03-18 06:07:55,TRACK,5,14,mode=CITY
2026-03-18 06:07:55,YOLO,5,14,mode=CITY
2026-03-18 06:07:55,TRACK,0,12,mode=CITY
2026-03-18 06:07:55,TRACK,1,13,mode=CITY
2026-03-18 06:07:55,TRACK,0,15,mode=CITY
2026-03-18 06:07:55,TRACK,2,12,mode=CITY
2026-03-18 06:07:55,YOLO,2,12,mode=CITY
2026-03-18 06:07:55,TRACK,2,15,mode=CITY
2026-03-18 06:07:55,YOLO,2,15,mode=CITY
2026-03-18 06:07:55,TRACK,7,11,mode=CITY
2026-03-18 06:07:55,YOLO,7,11,mode=CITY
2026-03-18 06:07:55,TRACK,7,14,mode=CITY
2026-03-18 06:07:55,YOLO,7,14,mode=CITY
2026-03-18 06:07:56,BLOB,4,4,mode=CITY
2026-03-18 06:07:56,BLOB,3,1,mode=CITY
2026-03-18 06:07:56,BLOB,4,0,mode=CITY
2026-03-18 06:07:56,BLOB,4,1,mode=CITY
2026-03-18 06:07:56,BLOB,3,0,mode=CITY
2026-03-18 06:07:56,BLOB,3,2,mode=CITY
2026-03-18 06:07:56,BLOB,3,3,mode=CITY
2026-03-18 06:07:56,BLOB,4,3,mode=CITY
2026-03-18 06:07:56,BLOB,4,2,mode=CITY
2026-03-18 06:07:56,BLOB,3,1,mode=CITY
2026-03-18 06:07:57,BLOB,4,1,mode=CITY
2026-03-18 06:07:57,BLOB,3,0,mode=CITY
2026-03-18 06:07:57,BLOB,4,0,mode=CITY
2026-03-18 06:07:58,BLOB,6,12,mode=CITY
2026-03-18 06:07:58,BLOB,5,12,mode=CITY
2026-03-18 06:07:58,BLOB,5,11,mode=CITY
2026-03-18 06:07:58,BLOB,6,11,mode=CITY
2026-03-18 06:07:59,TRACK,6,15,mode=CITY
2026-03-18 06:07:59,YOLO,6,15,mode=CITY
2026-03-18 06:07:59,TRACK,4,12,mode=CITY
2026-03-18 06:07:59,YOLO,4,12,mode=CITY
2026-03-18 06:07:59,TRACK,5,13,mode=CITY
2026-03-18 06:07:59,YOLO,5,13,mode=CITY
2026-03-18 06:07:59,TRACK,4,15,mode=CITY
2026-03-18 06:07:59,YOLO,4,15,mode=CITY
2026-03-18 06:07:59,TRACK,3,13,mode=CITY
2026-03-18 06:07:59,YOLO,3,13,mode=CITY
2026-03-18 06:07:59,TRACK,0,14,mode=CITY
2026-03-18 06:07:59,TRACK,2,11,mode=CITY
2026-03-18 06:07:59,YOLO,2,11,mode=CITY
2026-03-18 06:07:59,TRACK,0,11,mode=CITY
2026-03-18 06:07:59,TRACK,2,14,mode=CITY
2026-03-18 06:07:59,YOLO,2,14,mode=CITY
2026-03-18 06:07:59,TRACK,1,12,mode=CITY
2026-03-18 06:07:59,TRACK,1,15,mode=CITY
2026-03-18 06:07:59,TRACK,6,11,mode=CITY
2026-03-18 06:07:59,YOLO,6,11,mode=CITY
2026-03-18 06:07:59,TRACK,6,14,mode=CITY
2026-03-18 06:07:59,YOLO,6,14,mode=CITY
2026-03-18 06:07:59,TRACK,7,13,mode=CITY
2026-03-18 06:07:59,YOLO,7,13,mode=CITY
2026-03-18 06:07:59,TRACK,4,14,mode=CITY
2026-03-18 06:07:59,YOLO,4,14,mode=CITY
2026-03-18 06:07:59,TRACK,3,12,mode=CITY
2026-03-18 06:07:59,YOLO,3,12,mode=CITY
2026-03-18 06:07:59,TRACK,4,11,mode=CITY
2026-03-18 06:07:59,YOLO,4,11,mode=CITY
2026-03-18 06:07:59,TRACK,3,15,mode=CITY
2026-03-18 06:07:59,YOLO,3,15,mode=CITY
2026-03-18 06:07:59,TRACK,5,15,mode=CITY
2026-03-18 06:07:59,YOLO,5,15,mode=CITY
2026-03-18 06:07:59,TRACK,1,11,mode=CITY
2026-03-18 06:07:59,TRACK,0,13,mode=CITY
2026-03-18 06:07:59,TRACK,1,14,mode=CITY
2026-03-18 06:07:59,TRACK,2,13,mode=CITY
2026-03-18 06:07:59,YOLO,2,13,mode=CITY
2026-03-18 06:07:59,TRACK,6,13,mode=CITY
2026-03-18 06:07:59,YOLO,6,13,mode=CITY
2026-03-18 06:07:59,TRACK,7,12,mode=CITY
2026-03-18 06:07:59,YOLO,7,12,mode=CITY
2026-03-18 06:07:59,TRACK,7,15,mode=CITY
2026-03-18 06:07:59,YOLO,7,15,mode=CITY
2026-03-18 06:07:59,TRACK,3,11,mode=CITY
2026-03-18 06:07:59,YOLO,3,11,mode=CITY
2026-03-18 06:07:59,TRACK,3,14,mode=CITY
2026-03-18 06:07:59,YOLO,3,14,mode=CITY
2026-03-18 06:07:59,TRACK,4,13,mode=CITY
2026-03-18 06:07:59,YOLO,4,13,mode=CITY
2026-03-18 06:07:59,TRACK,5,14,mode=CITY
2026-03-18 06:07:59,YOLO,5,14,mode=CITY
2026-03-18 06:07:59,TRACK,0,12,mode=CITY
2026-03-18 06:07:59,TRACK,1,13,mode=CITY
2026-03-18 06:07:59,TRACK,0,15,mode=CITY
2026-03-18 06:07:59,TRACK,2,12,mode=CITY
2026-03-18 06:07:59,YOLO,2,12,mode=CITY
2026-03-18 06:07:59,TRACK,2,15,mode=CITY
2026-03-18 06:07:59,YOLO,2,15,mode=CITY
2026-03-18 06:07:59,TRACK,7,11,mode=CITY
2026-03-18 06:07:59,YOLO,7,11,mode=CITY
2026-03-18 06:07:59,TRACK,7,14,mode=CITY
2026-03-18 06:07:59,YOLO,7,14,mode=CITY
2026-03-18 06:08:01,TRACK,0,7,mode=CITY
2026-03-18 06:08:01,TRACK,7,7,mode=CITY
2026-03-18 06:08:01,TRACK,2,7,mode=CITY
2026-03-18 06:08:01,TRACK,3,7,mode=CITY
2026-03-18 06:08:01,TRACK,5,7,mode=CITY
2026-03-18 06:08:01,TRACK,6,7,mode=CITY
2026-03-18 06:08:01,TRACK,1,7,mode=CITY
2026-03-18 06:08:01,TRACK,4,7,mode=CITY
2026-03-18 06:08:04,BLOB,3,4,mode=CITY
2026-03-18 06:08:05,BLOB,3,3,mode=CITY
2026-03-18 06:08:05,BLOB,3,2,mode=CITY
2026-03-18 06:08:05,TRACK,4,9,mode=CITY
2026-03-18 06:08:05,YOLO,4,9,mode=CITY
2026-03-18 06:08:05,TRACK,3,7,mode=CITY
2026-03-18 06:08:05,TRACK,5,7,mode=CITY
2026-03-18 06:08:05,TRACK,0,8,mode=CITY
2026-03-18 06:08:05,TRACK,1,9,mode=CITY
2026-03-18 06:08:05,TRACK,2,8,mode=CITY
2026-03-18 06:08:05,TRACK,7,7,mode=CITY
2026-03-18 06:08:05,TRACK,6,8,mode=CITY
2026-03-18 06:08:05,TRACK,3,9,mode=CITY
2026-03-18 06:08:05,TRACK,4,8,mode=CITY
2026-03-18 06:08:05,YOLO,4,8,mode=CITY
2026-03-18 06:08:05,TRACK,5,9,mode=CITY
2026-03-18 06:08:05,YOLO,5,9,mode=CITY
2026-03-18 06:08:05,TRACK,0,7,mode=CITY
2026-03-18 06:08:05,TRACK,2,7,mode=CITY
2026-03-18 06:08:05,TRACK,1,8,mode=CITY
2026-03-18 06:08:05,TRACK,7,9,mode=CITY
2026-03-18 06:08:05,TRACK,6,7,mode=CITY
2026-03-18 06:08:05,TRACK,4,7,mode=CITY
2026-03-18 06:08:05,TRACK,3,8,mode=CITY
2026-03-18 06:08:05,TRACK,5,8,mode=CITY
2026-03-18 06:08:05,YOLO,5,8,mode=CITY
2026-03-18 06:08:05,TRACK,0,9,mode=CITY
2026-03-18 06:08:05,BLOB,2,3,mode=CITY
2026-03-18 06:08:05,TRACK,2,9,mode=CITY
2026-03-18 06:08:05,TRACK,1,7,mode=CITY
2026-03-18 06:08:05,TRACK,6,9,mode=CITY
2026-03-18 06:08:05,TRACK,7,8,mode=CITY
2026-03-18 06:08:05,BLOB,2,2,mode=CITY
2026-03-18 06:08:06,BLOB,3,1,mode=CITY
2026-03-18 06:08:06,BLOB,2,1,mode=CITY
2026-03-18 06:08:06,BLOB,2,0,mode=CITY
2026-03-18 06:08:06,BLOB,3,0,mode=CITY
2026-03-18 06:08:07,TRACK,3,4,mode=CITY
2026-03-18 06:08:07,TRACK,4,3,mode=CITY
2026-03-18 06:08:07,TRACK,5,4,mode=CITY
2026-03-18 06:08:07,YOLO,5,4,mode=CITY
2026-03-18 06:08:07,TRACK,4,6,mode=CITY
2026-03-18 06:08:07,TRACK,0,2,mode=CITY
2026-03-18 06:08:07,TRACK,0,5,mode=CITY
2026-03-18 06:08:07,TRACK,2,2,mode=CITY
2026-03-18 06:08:07,TRACK,1,6,mode=CITY
2026-03-18 06:08:07,TRACK,2,5,mode=CITY
2026-03-18 06:08:07,TRACK,1,3,mode=CITY
2026-03-18 06:08:07,TRACK,7,4,mode=CITY
2026-03-18 06:08:07,TRACK,6,2,mode=CITY
2026-03-18 06:08:07,TRACK,6,5,mode=CITY
2026-03-18 06:08:07,TRACK,4,2,mode=CITY
2026-03-18 06:08:07,TRACK,4,5,mode=CITY
2026-03-18 06:08:07,TRACK,3,3,mode=CITY
2026-03-18 06:08:07,TRACK,5,6,mode=CITY
2026-03-18 06:08:07,TRACK,3,6,mode=CITY
2026-03-18 06:08:07,TRACK,5,3,mode=CITY
2026-03-18 06:08:07,TRACK,2,4,mode=CITY
2026-03-18 06:08:07,TRACK,1,2,mode=CITY
2026-03-18 06:08:07,TRACK,0,4,mode=CITY
2026-03-18 06:08:07,TRACK,1,5,mode=CITY
2026-03-18 06:08:07,TRACK,6,4,mode=CITY
2026-03-18 06:08:07,TRACK,7,3,mode=CITY
2026-03-18 06:08:07,TRACK,7,6,mode=CITY
2026-03-18 06:08:07,TRACK,3,2,mode=CITY
2026-03-18 06:08:07,TRACK,3,5,mode=CITY
2026-03-18 06:08:07,TRACK,5,2,mode=CITY
2026-03-18 06:08:07,TRACK,4,4,mode=CITY
2026-03-18 06:08:07,YOLO,4,4,mode=CITY
2026-03-18 06:08:07,TRACK,5,5,mode=CITY
2026-03-18 06:08:07,TRACK,0,3,mode=CITY
2026-03-18 06:08:07,TRACK,1,4,mode=CITY
2026-03-18 06:08:07,TRACK,0,6,mode=CITY
2026-03-18 06:08:07,TRACK,2,3,mode=CITY
2026-03-18 06:08:07,TRACK,2,6,mode=CITY
2026-03-18 06:08:07,TRACK,7,2,mode=CITY
2026-03-18 06:08:07,TRACK,6,6,mode=CITY
2026-03-18 06:08:07,TRACK,7,5,mode=CITY
2026-03-18 06:08:07,TRACK,6,3,mode=CITY
2026-03-18 06:08:07,BLOB,4,15,mode=CITY
2026-03-18 06:08:07,BLOB,3,15,mode=CITY
2026-03-18 06:08:07,BLOB,4,14,mode=CITY
2026-03-18 06:08:07,TRACK,0,1,mode=CITY
2026-03-18 06:08:07,TRACK,4,0,mode=CITY
2026-03-18 06:08:07,TRACK,7,1,mode=CITY
2026-03-18 06:08:07,TRACK,2,1,mode=CITY
2026-03-18 06:08:07,TRACK,0,0,mode=CITY
2026-03-18 06:08:07,TRACK,3,1,mode=CITY
2026-03-18 06:08:07,TRACK,6,1,mode=CITY
2026-03-18 06:08:07,TRACK,1,1,mode=CITY
2026-03-18 06:08:07,TRACK,7,0,mode=CITY
2026-03-18 06:08:07,TRACK,2,0,mode=CITY
2026-03-18 06:08:07,TRACK,5,1,mode=CITY
2026-03-18 06:08:07,YOLO,5,1,mode=CITY
2026-03-18 06:08:07,TRACK,3,0,mode=CITY
2026-03-18 06:08:07,TRACK,5,0,mode=CITY
2026-03-18 06:08:07,YOLO,5,0,mode=CITY
2026-03-18 06:08:07,TRACK,6,0,mode=CITY
2026-03-18 06:08:07,TRACK,1,0,mode=CITY
2026-03-18 06:08:07,TRACK,4,1,mode=CITY
2026-03-18 06:08:07,YOLO,4,1,mode=CITY
2026-03-18 06:08:08,TRACK,4,6,mode=CITY
2026-03-18 06:08:08,TRACK,0,6,mode=CITY
2026-03-18 06:08:08,TRACK,7,6,mode=CITY
2026-03-18 06:08:08,TRACK,2,6,mode=CITY
2026-03-18 06:08:08,TRACK,5,6,mode=CITY
2026-03-18 06:08:08,TRACK,3,6,mode=CITY
2026-03-18 06:08:08,TRACK,6,6,mode=CITY
2026-03-18 06:08:08,TRACK,1,6,mode=CITY
2026-03-18 06:08:08,BLOB,6,12,mode=CITY
2026-03-18 06:08:08,BLOB,5,12,mode=CITY
2026-03-18 06:08:08,BLOB,5,13,mode=CITY
2026-03-18 06:08:08,TRACK,4,4,mode=CITY
2026-03-18 06:08:08,TRACK,7,4,mode=CITY
2026-03-18 06:08:08,TRACK,2,4,mode=CITY
2026-03-18 06:08:08,TRACK,5,5,mode=CITY
2026-03-18 06:08:08,YOLO,5,5,mode=CITY
2026-03-18 06:08:08,TRACK,0,4,mode=CITY
2026-03-18 06:08:08,TRACK,3,4,mode=CITY
2026-03-18 06:08:08,TRACK,6,5,mode=CITY
2026-03-18 06:08:08,TRACK,1,5,mode=CITY
2026-03-18 06:08:08,TRACK,5,4,mode=CITY
2026-03-18 06:08:08,TRACK,6,4,mode=CITY
2026-03-18 06:08:08,TRACK,1,4,mode=CITY
2026-03-18 06:08:08,TRACK,4,5,mode=CITY
2026-03-18 06:08:08,YOLO,4,5,mode=CITY
2026-03-18 06:08:08,TRACK,0,5,mode=CITY
2026-03-18 06:08:08,TRACK,7,5,mode=CITY
2026-03-18 06:08:08,TRACK,2,5,mode=CITY
2026-03-18 06:08:08,TRACK,3,5,mode=CITY
2026-03-18 06:08:08,TRACK,6,15,mode=CITY
2026-03-18 06:08:08,YOLO,6,15,mode=CITY
2026-03-18 06:08:08,TRACK,4,3,mode=CITY
2026-03-18 06:08:08,TRACK,4,12,mode=CITY
2026-03-18 06:08:08,YOLO,4,12,mode=CITY
2026-03-18 06:08:08,TRACK,4,15,mode=CITY
2026-03-18 06:08:08,YOLO,4,15,mode=CITY
2026-03-18 06:08:08,TRACK,3,13,mode=CITY
2026-03-18 06:08:08,YOLO,3,13,mode=CITY
2026-03-18 06:08:08,TRACK,0,14,mode=CITY
2026-03-18 06:08:08,TRACK,1,3,mode=CITY
2026-03-18 06:08:08,TRACK,2,11,mode=CITY
2026-03-18 06:08:08,TRACK,0,11,mode=CITY
2026-03-18 06:08:08,TRACK,2,14,mode=CITY
2026-03-18 06:08:08,TRACK,1,12,mode=CITY
2026-03-18 06:08:08,TRACK,1,15,mode=CITY
2026-03-18 06:08:08,TRACK,6,11,mode=CITY
2026-03-18 06:08:08,YOLO,6,11,mode=CITY
2026-03-18 06:08:08,TRACK,6,14,mode=CITY
2026-03-18 06:08:08,YOLO,6,14,mode=CITY
2026-03-18 06:08:08,TRACK,7,13,mode=CITY
2026-03-18 06:08:08,YOLO,7,13,mode=CITY
2026-03-18 06:08:08,TRACK,3,3,mode=CITY
2026-03-18 06:08:08,TRACK,4,14,mode=CITY
2026-03-18 06:08:08,YOLO,4,14,mode=CITY
2026-03-18 06:08:08,TRACK,5,3,mode=CITY
2026-03-18 06:08:09,TRACK,3,12,mode=CITY
2026-03-18 06:08:09,YOLO,3,12,mode=CITY
2026-03-18 06:08:09,TRACK,4,11,mode=CITY
2026-03-18 06:08:09,YOLO,4,11,mode=CITY
2026-03-18 06:08:09,TRACK,3,15,mode=CITY
2026-03-18 06:08:09,YOLO,3,15,mode=CITY
2026-03-18 06:08:09,TRACK,5,15,mode=CITY
2026-03-18 06:08:09,YOLO,5,15,mode=CITY
2026-03-18 06:08:09,TRACK,1,11,mode=CITY
2026-03-18 06:08:09,TRACK,0,13,mode=CITY
2026-03-18 06:08:09,TRACK,1,14,mode=CITY
2026-03-18 06:08:09,TRACK,2,13,mode=CITY
2026-03-18 06:08:09,TRACK,7,3,mode=CITY
2026-03-18 06:08:09,TRACK,6,13,mode=CITY
2026-03-18 06:08:09,YOLO,6,13,mode=CITY
2026-03-18 06:08:09,TRACK,6,3,mode=CITY
2026-03-18 06:08:09,TRACK,7,12,mode=CITY
2026-03-18 06:08:09,YOLO,7,12,mode=CITY
2026-03-18 06:08:09,TRACK,7,15,mode=CITY
2026-03-18 06:08:09,YOLO,7,15,mode=CITY
2026-03-18 06:08:09,TRACK,3,11,mode=CITY
2026-03-18 06:08:09,YOLO,3,11,mode=CITY
2026-03-18 06:08:09,TRACK,3,14,mode=CITY
2026-03-18 06:08:09,YOLO,3,14,mode=CITY
2026-03-18 06:08:09,TRACK,5,11,mode=CITY
2026-03-18 06:08:09,YOLO,5,11,mode=CITY
2026-03-18 06:08:09,TRACK,4,13,mode=CITY
2026-03-18 06:08:09,YOLO,4,13,mode=CITY
2026-03-18 06:08:09,TRACK,5,14,mode=CITY
2026-03-18 06:08:09,YOLO,5,14,mode=CITY
2026-03-18 06:08:09,TRACK,0,3,mode=CITY
2026-03-18 06:08:09,TRACK,2,3,mode=CITY
2026-03-18 06:08:09,TRACK,0,12,mode=CITY
2026-03-18 06:08:09,TRACK,1,13,mode=CITY
2026-03-18 06:08:09,TRACK,0,15,mode=CITY
2026-03-18 06:08:09,TRACK,2,12,mode=CITY
2026-03-18 06:08:09,TRACK,2,15,mode=CITY
2026-03-18 06:08:09,TRACK,7,11,mode=CITY
2026-03-18 06:08:09,YOLO,7,11,mode=CITY
2026-03-18 06:08:09,TRACK,7,14,mode=CITY
2026-03-18 06:08:09,YOLO,7,14,mode=CITY
2026-03-18 06:08:09,TRACK,6,2,mode=CITY
2026-03-18 06:08:09,TRACK,1,2,mode=CITY
2026-03-18 06:08:09,TRACK,4,2,mode=CITY
2026-03-18 06:08:09,TRACK,0,2,mode=CITY
2026-03-18 06:08:09,TRACK,7,2,mode=CITY
2026-03-18 06:08:09,TRACK,2,2,mode=CITY
2026-03-18 06:08:09,TRACK,3,2,mode=CITY
2026-03-18 06:08:09,TRACK,5,2,mode=CITY
2026-03-18 06:08:09,TRACK,0,1,mode=CITY
2026-03-18 06:08:09,TRACK,7,1,mode=CITY
2026-03-18 06:08:09,TRACK,2,1,mode=CITY
2026-03-18 06:08:09,TRACK,3,1,mode=CITY
2026-03-18 06:08:09,TRACK,6,1,mode=CITY
2026-03-18 06:08:09,TRACK,1,1,mode=CITY
2026-03-18 06:08:09,TRACK,5,1,mode=CITY
2026-03-18 06:08:09,TRACK,4,1,mode=CITY
2026-03-18 06:08:09,TRACK,4,0,mode=CITY
2026-03-18 06:08:09,YOLO,4,0,mode=CITY
2026-03-18 06:08:09,TRACK,0,0,mode=CITY
2026-03-18 06:08:09,TRACK,7,0,mode=CITY
2026-03-18 06:08:09,TRACK,2,0,mode=CITY
2026-03-18 06:08:09,TRACK,3,0,mode=CITY
2026-03-18 06:08:09,TRACK,5,0,mode=CITY
2026-03-18 06:08:09,YOLO,5,0,mode=CITY
2026-03-18 06:08:09,TRACK,6,0,mode=CITY
2026-03-18 06:08:09,YOLO,6,0,mode=CITY
2026-03-18 06:08:09,TRACK,1,0,mode=CITY
2026-03-18 06:08:10,TRACK,0,1,mode=CITY
2026-03-18 06:08:10,TRACK,7,1,mode=CITY
2026-03-18 06:08:10,TRACK,2,1,mode=CITY
2026-03-18 06:08:10,TRACK,3,1,mode=CITY
2026-03-18 06:08:10,TRACK,6,1,mode=CITY
2026-03-18 06:08:10,TRACK,1,1,mode=CITY
2026-03-18 06:08:10,TRACK,5,1,mode=CITY
2026-03-18 06:08:10,TRACK,4,1,mode=CITY
2026-03-18 06:08:10,TRACK,4,0,mode=CITY
2026-03-18 06:08:10,TRACK,0,0,mode=CITY
2026-03-18 06:08:10,TRACK,7,0,mode=CITY
2026-03-18 06:08:10,TRACK,2,0,mode=CITY
2026-03-18 06:08:10,TRACK,3,0,mode=CITY
2026-03-18 06:08:10,TRACK,5,0,mode=CITY
2026-03-18 06:08:10,TRACK,6,0,mode=CITY
2026-03-18 06:08:10,TRACK,1,0,mode=CITY
2026-03-18 06:08:10,TRACK,4,9,mode=CITY
2026-03-18 06:08:10,YOLO,4,9,mode=CITY
2026-03-18 06:08:10,TRACK,3,7,mode=CITY
2026-03-18 06:08:10,TRACK,3,10,mode=CITY
2026-03-18 06:08:10,TRACK,5,7,mode=CITY
2026-03-18 06:08:10,TRACK,5,10,mode=CITY
2026-03-18 06:08:10,TRACK,0,8,mode=CITY
2026-03-18 06:08:10,TRACK,1,9,mode=CITY
2026-03-18 06:08:10,TRACK,2,8,mode=CITY
2026-03-18 06:08:10,TRACK,7,7,mode=CITY
2026-03-18 06:08:10,TRACK,7,10,mode=CITY
2026-03-18 06:08:10,TRACK,6,8,mode=CITY
2026-03-18 06:08:10,TRACK,3,9,mode=CITY
2026-03-18 06:08:10,TRACK,4,8,mode=CITY
2026-03-18 06:08:10,YOLO,4,8,mode=CITY
2026-03-18 06:08:10,TRACK,5,9,mode=CITY
2026-03-18 06:08:10,YOLO,5,9,mode=CITY
2026-03-18 06:08:10,TRACK,0,7,mode=CITY
2026-03-18 06:08:10,TRACK,0,10,mode=CITY
2026-03-18 06:08:10,TRACK,2,7,mode=CITY
2026-03-18 06:08:10,TRACK,2,10,mode=CITY
2026-03-18 06:08:10,TRACK,1,8,mode=CITY
2026-03-18 06:08:10,TRACK,7,9,mode=CITY
2026-03-18 06:08:10,TRACK,6,7,mode=CITY
2026-03-18 06:08:10,TRACK,6,10,mode=CITY
2026-03-18 06:08:10,TRACK,4,7,mode=CITY
2026-03-18 06:08:10,TRACK,4,10,mode=CITY
2026-03-18 06:08:10,TRACK,3,8,mode=CITY
2026-03-18 06:08:10,TRACK,5,8,mode=CITY
2026-03-18 06:08:10,YOLO,5,8,mode=CITY
2026-03-18 06:08:10,TRACK,0,9,mode=CITY
2026-03-18 06:08:10,TRACK,2,9,mode=CITY
2026-03-18 06:08:10,TRACK,1,7,mode=CITY
2026-03-18 06:08:10,TRACK,1,10,mode=CITY
2026-03-18 06:08:10,TRACK,6,9,mode=CITY
2026-03-18 06:08:10,TRACK,7,8,mode=CITY
2026-03-18 06:08:11,BLOB,6,12,mode=CITY
2026-03-18 06:08:11,BLOB,6,13,mode=CITY
2026-03-18 06:08:11,BLOB,5,12,mode=CITY
2026-03-18 06:08:11,BLOB,5,13,mode=CITY
2026-03-18 06:08:17,BLOB,3,2,mode=CITY
2026-03-18 06:08:17,BLOB,3,3,mode=CITY
2026-03-18 06:08:21,BLOB,4,15,mode=CITY
2026-03-18 06:08:21,BLOB,4,14,mode=CITY
2026-03-18 06:08:22,BLOB,4,2,mode=CITY
2026-03-18 06:08:22,BLOB,4,3,mode=CITY
2026-03-18 06:08:22,BLOB,4,1,mode=CITY
2026-03-18 06:08:22,BLOB,4,4,mode=CITY
2026-03-18 06:08:22,BLOB,3,3,mode=CITY
2026-03-18 06:08:22,BLOB,3,4,mode=CITY
2026-03-18 06:08:22,BLOB,4,0,mode=CITY
2026-03-18 06:08:22,BLOB,3,2,mode=CITY
2026-03-18 06:08:23,BLOB,3,0,mode=CITY
2026-03-18 06:08:23,BLOB,2,2,mode=CITY
2026-03-18 06:08:23,BLOB,3,1,mode=CITY
2026-03-18 06:08:23,BLOB,2,0,mode=CITY
2026-03-18 06:08:23,BLOB,2,1,mode=CITY
2026-03-18 06:08:23,BLOB,4,0,mode=CITY
2026-03-18 06:08:23,BLOB,3,0,mode=CITY
2026-03-18 06:08:25,TRACK,4,6,mode=CITY
2026-03-18 06:08:25,TRACK,0,6,mode=CITY
2026-03-18 06:08:25,TRACK,7,6,mode=CITY
2026-03-18 06:08:25,TRACK,2,6,mode=CITY
2026-03-18 06:08:25,TRACK,5,6,mode=CITY
2026-03-18 06:08:25,TRACK,3,6,mode=CITY
2026-03-18 06:08:25,TRACK,6,6,mode=CITY
2026-03-18 06:08:25,TRACK,1,6,mode=CITY
2026-03-18 06:08:27,TRACK,4,10,mode=CITY
2026-03-18 06:08:27,TRACK,0,10,mode=CITY
2026-03-18 06:08:27,TRACK,7,10,mode=CITY
2026-03-18 06:08:27,TRACK,2,10,mode=CITY
2026-03-18 06:08:27,TRACK,3,10,mode=CITY
2026-03-18 06:08:27,TRACK,5,10,mode=CITY
2026-03-18 06:08:27,TRACK,6,10,mode=CITY
2026-03-18 06:08:27,TRACK,1,10,mode=CITY
2026-03-18 06:08:30,TRACK,5,5,mode=CITY
2026-03-18 06:08:30,TRACK,6,5,mode=CITY
2026-03-18 06:08:30,TRACK,1,5,mode=CITY
2026-03-18 06:08:30,TRACK,4,6,mode=CITY
2026-03-18 06:08:30,TRACK,0,6,mode=CITY
2026-03-18 06:08:30,TRACK,4,5,mode=CITY
2026-03-18 06:08:30,TRACK,7,6,mode=CITY
2026-03-18 06:08:30,TRACK,2,6,mode=CITY
2026-03-18 06:08:30,TRACK,5,6,mode=CITY
2026-03-18 06:08:30,TRACK,0,5,mode=CITY
2026-03-18 06:08:30,TRACK,3,6,mode=CITY
2026-03-18 06:08:30,TRACK,6,6,mode=CITY
2026-03-18 06:08:30,TRACK,1,6,mode=CITY
2026-03-18 06:08:30,TRACK,7,5,mode=CITY
2026-03-18 06:08:30,TRACK,2,5,mode=CITY
2026-03-18 06:08:30,TRACK,3,5,mode=CITY
2026-03-18 06:08:31,TRACK,4,4,mode=CITY
2026-03-18 06:08:31,TRACK,7,4,mode=CITY
2026-03-18 06:08:31,TRACK,2,4,mode=CITY
2026-03-18 06:08:31,TRACK,0,4,mode=CITY
2026-03-18 06:08:31,TRACK,3,4,mode=CITY
2026-03-18 06:08:31,TRACK,5,4,mode=CITY
2026-03-18 06:08:31,TRACK,6,4,mode=CITY
2026-03-18 06:08:31,TRACK,1,4,mode=CITY
2026-03-18 06:08:32,TRACK,3,8,mode=CITY
2026-03-18 06:08:32,TRACK,5,8,mode=CITY
2026-03-18 06:08:32,TRACK,6,8,mode=CITY
2026-03-18 06:08:32,TRACK,1,8,mode=CITY
2026-03-18 06:08:32,TRACK,4,8,mode=CITY
2026-03-18 06:08:32,TRACK,0,8,mode=CITY
2026-03-18 06:08:32,TRACK,7,8,mode=CITY
2026-03-18 06:08:32,TRACK,2,8,mode=CITY
2026-03-18 06:08:32,TRACK,4,3,mode=CITY
2026-03-18 06:08:32,TRACK,0,3,mode=CITY
2026-03-18 06:08:32,TRACK,7,3,mode=CITY
2026-03-18 06:08:32,TRACK,2,3,mode=CITY
2026-03-18 06:08:32,TRACK,3,3,mode=CITY
2026-03-18 06:08:32,TRACK,5,3,mode=CITY
2026-03-18 06:08:32,TRACK,6,3,mode=CITY
2026-03-18 06:08:32,TRACK,1,3,mode=CITY
2026-03-18 06:08:33,TRACK,3,8,mode=CITY
2026-03-18 06:08:33,TRACK,5,8,mode=CITY
2026-03-18 06:08:33,TRACK,6,8,mode=CITY
2026-03-18 06:08:33,TRACK,1,8,mode=CITY
2026-03-18 06:08:33,TRACK,4,8,mode=CITY
2026-03-18 06:08:33,TRACK,0,8,mode=CITY
2026-03-18 06:08:33,TRACK,7,8,mode=CITY
2026-03-18 06:08:33,TRACK,2,8,mode=CITY
2026-03-18 06:08:34,TRACK,4,9,mode=CITY
2026-03-18 06:08:34,TRACK,0,9,mode=CITY
2026-03-18 06:08:34,TRACK,7,9,mode=CITY
2026-03-18 06:08:34,TRACK,2,9,mode=CITY
2026-03-18 06:08:34,TRACK,3,9,mode=CITY
2026-03-18 06:08:34,TRACK,5,9,mode=CITY
2026-03-18 06:08:34,TRACK,6,9,mode=CITY
2026-03-18 06:08:34,TRACK,1,9,mode=CITY
2026-03-18 06:08:34,TRACK,4,0,mode=CITY
2026-03-18 06:08:34,YOLO,4,0,mode=CITY
2026-03-18 06:08:34,TRACK,3,1,mode=CITY
2026-03-18 06:08:34,TRACK,5,1,mode=CITY
2026-03-18 06:08:34,YOLO,5,1,mode=CITY
2026-03-18 06:08:34,TRACK,3,10,mode=CITY
2026-03-18 06:08:34,TRACK,0,2,mode=CITY
2026-03-18 06:08:34,TRACK,5,10,mode=CITY
2026-03-18 06:08:34,TRACK,2,2,mode=CITY
2026-03-18 06:08:34,TRACK,1,0,mode=CITY
2026-03-18 06:08:34,TRACK,6,2,mode=CITY
2026-03-18 06:08:34,TRACK,7,1,mode=CITY
2026-03-18 06:08:34,TRACK,7,10,mode=CITY
2026-03-18 06:08:34,TRACK,4,2,mode=CITY
2026-03-18 06:08:34,TRACK,3,0,mode=CITY
2026-03-18 06:08:34,TRACK,5,0,mode=CITY
2026-03-18 06:08:34,YOLO,5,0,mode=CITY
2026-03-18 06:08:34,TRACK,0,1,mode=CITY
2026-03-18 06:08:34,TRACK,1,2,mode=CITY
2026-03-18 06:08:34,TRACK,0,10,mode=CITY
2026-03-18 06:08:34,TRACK,2,1,mode=CITY
2026-03-18 06:08:34,TRACK,6,1,mode=CITY
2026-03-18 06:08:34,TRACK,2,10,mode=CITY
2026-03-18 06:08:34,TRACK,7,0,mode=CITY
2026-03-18 06:08:34,TRACK,6,10,mode=CITY
2026-03-18 06:08:34,TRACK,3,2,mode=CITY
2026-03-18 06:08:34,TRACK,4,1,mode=CITY
2026-03-18 06:08:34,TRACK,5,2,mode=CITY
2026-03-18 06:08:34,TRACK,4,10,mode=CITY
2026-03-18 06:08:34,TRACK,0,0,mode=CITY
2026-03-18 06:08:34,TRACK,1,1,mode=CITY
2026-03-18 06:08:34,TRACK,2,0,mode=CITY
2026-03-18 06:08:34,TRACK,1,10,mode=CITY
2026-03-18 06:08:34,TRACK,6,0,mode=CITY
2026-03-18 06:08:34,TRACK,7,2,mode=CITY
2026-03-18 06:08:35,TRACK,5,11,mode=CITY
2026-03-18 06:08:35,TRACK,6,11,mode=CITY
2026-03-18 06:08:35,TRACK,1,11,mode=CITY
2026-03-18 06:08:35,TRACK,4,11,mode=CITY
2026-03-18 06:08:35,TRACK,7,11,mode=CITY
2026-03-18 06:08:35,TRACK,2,11,mode=CITY
2026-03-18 06:08:35,TRACK,0,11,mode=CITY
2026-03-18 06:08:35,TRACK,3,11,mode=CITY
2026-03-18 06:08:35,TRACK,4,3,mode=CITY
2026-03-18 06:08:35,TRACK,0,3,mode=CITY
2026-03-18 06:08:35,TRACK,7,3,mode=CITY
2026-03-18 06:08:35,TRACK,2,3,mode=CITY
2026-03-18 06:08:35,TRACK,3,3,mode=CITY
2026-03-18 06:08:35,TRACK,5,3,mode=CITY
2026-03-18 06:08:35,TRACK,6,3,mode=CITY
2026-03-18 06:08:35,TRACK,1,3,mode=CITY
2026-03-18 06:08:36,TRACK,4,6,mode=CITY
2026-03-18 06:08:36,TRACK,0,6,mode=CITY
2026-03-18 06:08:36,TRACK,7,6,mode=CITY
2026-03-18 06:08:36,TRACK,2,6,mode=CITY
2026-03-18 06:08:36,TRACK,5,6,mode=CITY
2026-03-18 06:08:36,TRACK,3,6,mode=CITY
2026-03-18 06:08:36,TRACK,6,6,mode=CITY
2026-03-18 06:08:36,TRACK,1,6,mode=CITY
2026-03-18 06:08:38,BLOB,2,15,mode=CITY
2026-03-18 06:08:38,BLOB,3,15,mode=CITY
2026-03-18 06:08:40,TRACK,4,4,mode=CITY
2026-03-18 06:08:40,TRACK,7,4,mode=CITY
2026-03-18 06:08:40,TRACK,2,4,mode=CITY
2026-03-18 06:08:40,TRACK,5,5,mode=CITY
2026-03-18 06:08:40,YOLO,5,5,mode=CITY
2026-03-18 06:08:40,TRACK,0,4,mode=CITY
2026-03-18 06:08:40,TRACK,3,4,mode=CITY
2026-03-18 06:08:40,TRACK,6,5,mode=CITY
2026-03-18 06:08:40,TRACK,1,5,mode=CITY
2026-03-18 06:08:40,TRACK,5,4,mode=CITY
2026-03-18 06:08:40,TRACK,6,4,mode=CITY
2026-03-18 06:08:40,TRACK,1,4,mode=CITY
2026-03-18 06:08:40,TRACK,4,5,mode=CITY
2026-03-18 06:08:40,YOLO,4,5,mode=CITY
2026-03-18 06:08:40,TRACK,0,5,mode=CITY
2026-03-18 06:08:40,TRACK,7,5,mode=CITY
2026-03-18 06:08:40,TRACK,2,5,mode=CITY
2026-03-18 06:08:40,TRACK,3,5,mode=CITY
2026-03-18 06:08:41,TRACK,4,3,mode=CITY
2026-03-18 06:08:41,TRACK,0,3,mode=CITY
2026-03-18 06:08:41,TRACK,7,3,mode=CITY
2026-03-18 06:08:41,TRACK,2,3,mode=CITY
2026-03-18 06:08:41,TRACK,3,3,mode=CITY
2026-03-18 06:08:41,TRACK,5,3,mode=CITY
2026-03-18 06:08:41,TRACK,6,3,mode=CITY
2026-03-18 06:08:41,TRACK,1,3,mode=CITY
2026-03-18 06:08:42,TRACK,6,12,mode=CITY
2026-03-18 06:08:42,TRACK,4,12,mode=CITY
2026-03-18 06:08:42,YOLO,4,12,mode=CITY
2026-03-18 06:08:42,TRACK,5,13,mode=CITY
2026-03-18 06:08:42,TRACK,3,13,mode=CITY
2026-03-18 06:08:42,TRACK,0,14,mode=CITY
2026-03-18 06:08:42,TRACK,2,11,mode=CITY
2026-03-18 06:08:42,TRACK,0,11,mode=CITY
2026-03-18 06:08:42,TRACK,2,14,mode=CITY
2026-03-18 06:08:42,TRACK,1,12,mode=CITY
2026-03-18 06:08:42,TRACK,6,11,mode=CITY
2026-03-18 06:08:42,TRACK,6,14,mode=CITY
2026-03-18 06:08:42,TRACK,7,13,mode=CITY
2026-03-18 06:08:42,TRACK,4,14,mode=CITY
2026-03-18 06:08:42,TRACK,3,12,mode=CITY
2026-03-18 06:08:42,TRACK,4,11,mode=CITY
2026-03-18 06:08:42,YOLO,4,11,mode=CITY
2026-03-18 06:08:42,TRACK,5,12,mode=CITY
2026-03-18 06:08:42,TRACK,1,11,mode=CITY
2026-03-18 06:08:42,TRACK,0,13,mode=CITY
2026-03-18 06:08:42,TRACK,1,14,mode=CITY
2026-03-18 06:08:42,TRACK,2,13,mode=CITY
2026-03-18 06:08:42,TRACK,6,13,mode=CITY
2026-03-18 06:08:42,TRACK,7,12,mode=CITY
2026-03-18 06:08:42,TRACK,3,11,mode=CITY
2026-03-18 06:08:42,TRACK,3,14,mode=CITY
2026-03-18 06:08:42,TRACK,5,11,mode=CITY
2026-03-18 06:08:42,TRACK,4,13,mode=CITY
2026-03-18 06:08:42,TRACK,5,14,mode=CITY
2026-03-18 06:08:42,TRACK,0,12,mode=CITY
2026-03-18 06:08:42,TRACK,1,13,mode=CITY
2026-03-18 06:08:42,TRACK,2,12,mode=CITY
2026-03-18 06:08:42,TRACK,7,11,mode=CITY
2026-03-18 06:08:42,TRACK,7,14,mode=CITY
2026-03-18 06:08:42,TRACK,6,2,mode=CITY
2026-03-18 06:08:42,TRACK,1,2,mode=CITY
2026-03-18 06:08:42,TRACK,4,2,mode=CITY
2026-03-18 06:08:42,TRACK,0,2,mode=CITY
2026-03-18 06:08:42,TRACK,7,2,mode=CITY
2026-03-18 06:08:42,TRACK,2,2,mode=CITY
2026-03-18 06:08:42,TRACK,3,2,mode=CITY
2026-03-18 06:08:42,TRACK,5,2,mode=CITY
2026-03-18 06:08:42,TRACK,0,1,mode=CITY
2026-03-18 06:08:42,TRACK,7,1,mode=CITY
2026-03-18 06:08:42,TRACK,2,1,mode=CITY
2026-03-18 06:08:42,TRACK,3,1,mode=CITY
2026-03-18 06:08:42,TRACK,6,1,mode=CITY
2026-03-18 06:08:42,TRACK,1,1,mode=CITY
2026-03-18 06:08:42,TRACK,5,1,mode=CITY
2026-03-18 06:08:42,TRACK,4,1,mode=CITY
2026-03-18 06:08:43,BLOB,4,0,mode=CITY
2026-03-18 06:08:43,BLOB,3,0,mode=CITY
2026-03-18 06:08:43,TRACK,0,0,mode=CITY
2026-03-18 06:08:43,TRACK,7,0,mode=CITY
2026-03-18 06:08:43,TRACK,2,0,mode=CITY
2026-03-18 06:08:43,TRACK,5,0,mode=CITY
2026-03-18 06:08:43,TRACK,6,0,mode=CITY
2026-03-18 06:08:43,TRACK,1,0,mode=CITY
2026-03-18 06:08:44,TRACK,4,3,mode=CITY
2026-03-18 06:08:44,TRACK,3,1,mode=CITY
2026-03-18 06:08:44,TRACK,5,1,mode=CITY
2026-03-18 06:08:44,TRACK,0,2,mode=CITY
2026-03-18 06:08:44,TRACK,2,2,mode=CITY
2026-03-18 06:08:44,TRACK,1,3,mode=CITY
2026-03-18 06:08:44,TRACK,6,2,mode=CITY
2026-03-18 06:08:44,TRACK,7,1,mode=CITY
2026-03-18 06:08:44,TRACK,4,2,mode=CITY
2026-03-18 06:08:44,TRACK,3,3,mode=CITY
2026-03-18 06:08:44,TRACK,5,3,mode=CITY
2026-03-18 06:08:44,YOLO,5,3,mode=CITY
2026-03-18 06:08:44,TRACK,0,1,mode=CITY
2026-03-18 06:08:44,TRACK,1,2,mode=CITY
2026-03-18 06:08:44,TRACK,2,1,mode=CITY
2026-03-18 06:08:44,TRACK,6,1,mode=CITY
2026-03-18 06:08:44,TRACK,7,3,mode=CITY
2026-03-18 06:08:44,TRACK,3,2,mode=CITY
2026-03-18 06:08:44,TRACK,4,1,mode=CITY
2026-03-18 06:08:44,TRACK,5,2,mode=CITY
2026-03-18 06:08:44,TRACK,1,1,mode=CITY
2026-03-18 06:08:44,TRACK,0,3,mode=CITY
2026-03-18 06:08:44,TRACK,2,3,mode=CITY
2026-03-18 06:08:44,TRACK,7,2,mode=CITY
2026-03-18 06:08:44,TRACK,6,3,mode=CITY
2026-03-18 06:08:44,TRACK,4,0,mode=CITY
2026-03-18 06:08:44,TRACK,0,0,mode=CITY
2026-03-18 06:08:44,TRACK,7,0,mode=CITY
2026-03-18 06:08:44,TRACK,2,0,mode=CITY
2026-03-18 06:08:44,TRACK,3,0,mode=CITY
2026-03-18 06:08:44,TRACK,5,0,mode=CITY
2026-03-18 06:08:44,TRACK,6,0,mode=CITY
2026-03-18 06:08:44,TRACK,1,0,mode=CITY
2026-03-18 06:08:45,TRACK,0,7,mode=CITY
2026-03-18 06:08:45,TRACK,3,8,mode=CITY
2026-03-18 06:08:45,TRACK,7,7,mode=CITY
2026-03-18 06:08:45,TRACK,2,7,mode=CITY
2026-03-18 06:08:45,TRACK,5,8,mode=CITY
2026-03-18 06:08:45,TRACK,3,7,mode=CITY
2026-03-18 06:08:45,TRACK,6,8,mode=CITY
2026-03-18 06:08:45,TRACK,1,8,mode=CITY
2026-03-18 06:08:45,TRACK,5,7,mode=CITY
2026-03-18 06:08:45,YOLO,5,7,mode=CITY
2026-03-18 06:08:45,TRACK,6,7,mode=CITY
2026-03-18 06:08:45,TRACK,1,7,mode=CITY
2026-03-18 06:08:45,TRACK,4,8,mode=CITY
2026-03-18 06:08:45,TRACK,0,8,mode=CITY
2026-03-18 06:08:45,TRACK,4,7,mode=CITY
2026-03-18 06:08:45,TRACK,7,8,mode=CITY
2026-03-18 06:08:45,TRACK,2,8,mode=CITY
2026-03-18 06:08:45,TRACK,4,10,mode=CITY
2026-03-18 06:08:45,TRACK,0,10,mode=CITY
2026-03-18 06:08:45,TRACK,4,9,mode=CITY
2026-03-18 06:08:45,YOLO,4,9,mode=CITY
2026-03-18 06:08:45,TRACK,7,10,mode=CITY
2026-03-18 06:08:45,TRACK,2,10,mode=CITY
2026-03-18 06:08:45,TRACK,0,9,mode=CITY
2026-03-18 06:08:45,TRACK,3,10,mode=CITY
2026-03-18 06:08:45,TRACK,7,9,mode=CITY
2026-03-18 06:08:45,TRACK,2,9,mode=CITY
2026-03-18 06:08:45,TRACK,5,10,mode=CITY
2026-03-18 06:08:45,TRACK,3,9,mode=CITY
2026-03-18 06:08:45,TRACK,6,10,mode=CITY
2026-03-18 06:08:45,TRACK,1,10,mode=CITY
2026-03-18 06:08:45,TRACK,5,9,mode=CITY
2026-03-18 06:08:45,YOLO,5,9,mode=CITY
2026-03-18 06:08:45,TRACK,6,9,mode=CITY
2026-03-18 06:08:45,TRACK,1,9,mode=CITY
2026-03-18 06:08:46,TRACK,6,2,mode=CITY
2026-03-18 06:08:46,TRACK,1,2,mode=CITY
2026-03-18 06:08:46,TRACK,4,2,mode=CITY
2026-03-18 06:08:46,TRACK,0,2,mode=CITY
2026-03-18 06:08:46,TRACK,7,2,mode=CITY
2026-03-18 06:08:46,TRACK,2,2,mode=CITY
2026-03-18 06:08:46,TRACK,3,2,mode=CITY
2026-03-18 06:08:46,TRACK,5,2,mode=CITY
2026-03-18 06:08:46,TRACK,0,1,mode=CITY
2026-03-18 06:08:46,TRACK,7,1,mode=CITY
2026-03-18 06:08:46,TRACK,2,1,mode=CITY
2026-03-18 06:08:46,TRACK,3,1,mode=CITY
2026-03-18 06:08:46,TRACK,6,1,mode=CITY
2026-03-18 06:08:46,TRACK,1,1,mode=CITY
2026-03-18 06:08:46,TRACK,6,12,mode=CITY
2026-03-18 06:08:46,TRACK,6,15,mode=CITY
2026-03-18 06:08:46,TRACK,4,12,mode=CITY
2026-03-18 06:08:46,TRACK,5,13,mode=CITY
2026-03-18 06:08:46,TRACK,4,15,mode=CITY
2026-03-18 06:08:46,TRACK,3,13,mode=CITY
2026-03-18 06:08:46,TRACK,0,14,mode=CITY
2026-03-18 06:08:46,TRACK,2,14,mode=CITY
2026-03-18 06:08:46,TRACK,1,12,mode=CITY
2026-03-18 06:08:46,TRACK,1,15,mode=CITY
2026-03-18 06:08:46,TRACK,6,14,mode=CITY
2026-03-18 06:08:46,TRACK,7,13,mode=CITY
2026-03-18 06:08:46,TRACK,4,14,mode=CITY
2026-03-18 06:08:46,YOLO,4,14,mode=CITY
2026-03-18 06:08:46,TRACK,3,12,mode=CITY
2026-03-18 06:08:46,TRACK,3,15,mode=CITY
2026-03-18 06:08:46,TRACK,5,12,mode=CITY
2026-03-18 06:08:46,TRACK,5,15,mode=CITY
2026-03-18 06:08:46,TRACK,0,13,mode=CITY
2026-03-18 06:08:46,TRACK,1,14,mode=CITY
2026-03-18 06:08:46,TRACK,2,13,mode=CITY
2026-03-18 06:08:46,TRACK,6,13,mode=CITY
2026-03-18 06:08:46,TRACK,7,12,mode=CITY
2026-03-18 06:08:46,TRACK,7,15,mode=CITY
2026-03-18 06:08:46,TRACK,3,14,mode=CITY
2026-03-18 06:08:46,TRACK,4,13,mode=CITY
2026-03-18 06:08:46,YOLO,4,13,mode=CITY
2026-03-18 06:08:46,TRACK,5,14,mode=CITY
2026-03-18 06:08:46,TRACK,0,12,mode=CITY
2026-03-18 06:08:46,TRACK,1,13,mode=CITY
2026-03-18 06:08:46,TRACK,0,15,mode=CITY
2026-03-18 06:08:46,TRACK,2,12,mode=CITY
2026-03-18 06:08:46,TRACK,2,15,mode=CITY
2026-03-18 06:08:46,TRACK,7,14,mode=CITY
2026-03-18 06:08:47,TRACK,3,8,mode=CITY
2026-03-18 06:08:47,TRACK,5,8,mode=CITY
2026-03-18 06:08:47,TRACK,6,8,mode=CITY
2026-03-18 06:08:47,TRACK,1,8,mode=CITY
2026-03-18 06:08:47,TRACK,4,8,mode=CITY
2026-03-18 06:08:47,TRACK,0,8,mode=CITY
2026-03-18 06:08:47,TRACK,7,8,mode=CITY
2026-03-18 06:08:47,TRACK,2,8,mode=CITY
2026-03-18 06:08:47,TRACK,4,0,mode=CITY
2026-03-18 06:08:47,YOLO,4,0,mode=CITY
2026-03-18 06:08:47,TRACK,3,4,mode=CITY
2026-03-18 06:08:47,YOLO,3,4,mode=CITY
2026-03-18 06:08:47,TRACK,4,3,mode=CITY
2026-03-18 06:08:47,YOLO,4,3,mode=CITY
2026-03-18 06:08:47,TRACK,3,1,mode=CITY
2026-03-18 06:08:47,YOLO,3,1,mode=CITY
2026-03-18 06:08:47,TRACK,5,4,mode=CITY
2026-03-18 06:08:47,YOLO,5,4,mode=CITY
2026-03-18 06:08:47,TRACK,5,1,mode=CITY
2026-03-18 06:08:47,YOLO,5,1,mode=CITY
2026-03-18 06:08:47,TRACK,0,2,mode=CITY
2026-03-18 06:08:47,TRACK,2,2,mode=CITY
2026-03-18 06:08:47,TRACK,1,0,mode=CITY
2026-03-18 06:08:47,TRACK,1,3,mode=CITY
2026-03-18 06:08:47,TRACK,7,4,mode=CITY
2026-03-18 06:08:47,TRACK,6,2,mode=CITY
2026-03-18 06:08:47,TRACK,7,1,mode=CITY
2026-03-18 06:08:47,TRACK,4,2,mode=CITY
2026-03-18 06:08:47,YOLO,4,2,mode=CITY
2026-03-18 06:08:47,TRACK,3,0,mode=CITY
2026-03-18 06:08:47,YOLO,3,0,mode=CITY
2026-03-18 06:08:47,TRACK,3,3,mode=CITY
2026-03-18 06:08:47,YOLO,3,3,mode=CITY
2026-03-18 06:08:47,TRACK,5,0,mode=CITY
2026-03-18 06:08:47,YOLO,5,0,mode=CITY
2026-03-18 06:08:47,TRACK,5,3,mode=CITY
2026-03-18 06:08:47,YOLO,5,3,mode=CITY
2026-03-18 06:08:47,TRACK,0,1,mode=CITY
2026-03-18 06:08:47,TRACK,2,4,mode=CITY
2026-03-18 06:08:47,TRACK,1,2,mode=CITY
2026-03-18 06:08:47,TRACK,0,4,mode=CITY
2026-03-18 06:08:47,TRACK,2,1,mode=CITY
2026-03-18 06:08:47,TRACK,6,1,mode=CITY
2026-03-18 06:08:47,TRACK,7,0,mode=CITY
2026-03-18 06:08:47,TRACK,6,4,mode=CITY
2026-03-18 06:08:47,TRACK,7,3,mode=CITY
2026-03-18 06:08:47,TRACK,3,2,mode=CITY
2026-03-18 06:08:47,YOLO,3,2,mode=CITY
2026-03-18 06:08:47,TRACK,4,1,mode=CITY
2026-03-18 06:08:47,YOLO,4,1,mode=CITY
2026-03-18 06:08:47,TRACK,5,2,mode=CITY
2026-03-18 06:08:47,YOLO,5,2,mode=CITY
2026-03-18 06:08:47,TRACK,4,4,mode=CITY
2026-03-18 06:08:47,YOLO,4,4,mode=CITY
2026-03-18 06:08:47,TRACK,0,0,mode=CITY
2026-03-18 06:08:47,TRACK,1,1,mode=CITY
2026-03-18 06:08:47,TRACK,0,3,mode=CITY
2026-03-18 06:08:47,TRACK,2,0,mode=CITY
2026-03-18 06:08:47,TRACK,1,4,mode=CITY
2026-03-18 06:08:47,TRACK,2,3,mode=CITY
2026-03-18 06:08:47,TRACK,7,2,mode=CITY
2026-03-18 06:08:47,TRACK,6,0,mode=CITY
2026-03-18 06:08:47,TRACK,6,3,mode=CITY
2026-03-18 06:08:48,TRACK,6,2,mode=CITY
2026-03-18 06:08:48,TRACK,1,2,mode=CITY
2026-03-18 06:08:48,TRACK,4,2,mode=CITY
2026-03-18 06:08:48,TRACK,0,2,mode=CITY
2026-03-18 06:08:48,TRACK,7,2,mode=CITY
2026-03-18 06:08:48,TRACK,2,2,mode=CITY
2026-03-18 06:08:48,TRACK,3,2,mode=CITY
2026-03-18 06:08:48,TRACK,5,2,mode=CITY
2026-03-18 06:08:48,TRACK,4,9,mode=CITY
2026-03-18 06:08:48,TRACK,3,10,mode=CITY
2026-03-18 06:08:48,TRACK,5,10,mode=CITY
2026-03-18 06:08:48,TRACK,0,8,mode=CITY
2026-03-18 06:08:48,TRACK,1,9,mode=CITY
2026-03-18 06:08:48,TRACK,2,8,mode=CITY
2026-03-18 06:08:48,TRACK,7,10,mode=CITY
2026-03-18 06:08:48,TRACK,6,8,mode=CITY
2026-03-18 06:08:48,TRACK,3,9,mode=CITY
2026-03-18 06:08:48,TRACK,4,8,mode=CITY
2026-03-18 06:08:48,YOLO,4,8,mode=CITY
2026-03-18 06:08:48,TRACK,5,9,mode=CITY
2026-03-18 06:08:48,YOLO,5,9,mode=CITY
2026-03-18 06:08:48,TRACK,0,10,mode=CITY
2026-03-18 06:08:48,TRACK,2,10,mode=CITY
2026-03-18 06:08:48,TRACK,1,8,mode=CITY
2026-03-18 06:08:48,TRACK,7,9,mode=CITY
2026-03-18 06:08:48,TRACK,6,10,mode=CITY
2026-03-18 06:08:48,TRACK,4,10,mode=CITY
2026-03-18 06:08:48,TRACK,3,8,mode=CITY
2026-03-18 06:08:48,TRACK,5,8,mode=CITY
2026-03-18 06:08:48,YOLO,5,8,mode=CITY
2026-03-18 06:08:48,TRACK,0,9,mode=CITY
2026-03-18 06:08:48,TRACK,2,9,mode=CITY
2026-03-18 06:08:48,TRACK,1,10,mode=CITY
2026-03-18 06:08:48,TRACK,6,9,mode=CITY
2026-03-18 06:08:48,TRACK,7,8,mode=CITY
2026-03-18 06:08:49,TRACK,0,1,mode=CITY
2026-03-18 06:08:49,TRACK,6,2,mode=CITY
2026-03-18 06:08:49,TRACK,1,2,mode=CITY
2026-03-18 06:08:49,TRACK,7,1,mode=CITY
2026-03-18 06:08:49,TRACK,2,1,mode=CITY
2026-03-18 06:08:49,TRACK,3,1,mode=CITY
2026-03-18 06:08:49,TRACK,6,1,mode=CITY
2026-03-18 06:08:49,TRACK,1,1,mode=CITY
2026-03-18 06:08:49,TRACK,5,1,mode=CITY
2026-03-18 06:08:49,TRACK,4,2,mode=CITY
2026-03-18 06:08:49,TRACK,0,2,mode=CITY
2026-03-18 06:08:49,TRACK,7,2,mode=CITY
2026-03-18 06:08:49,TRACK,2,2,mode=CITY
2026-03-18 06:08:49,TRACK,3,2,mode=CITY
2026-03-18 06:08:49,TRACK,4,1,mode=CITY
2026-03-18 06:08:49,TRACK,5,2,mode=CITY
2026-03-18 06:08:49,TRACK,4,0,mode=CITY
2026-03-18 06:08:49,TRACK,0,0,mode=CITY
2026-03-18 06:08:49,TRACK,7,0,mode=CITY
2026-03-18 06:08:49,TRACK,2,0,mode=CITY
2026-03-18 06:08:49,TRACK,3,0,mode=CITY
2026-03-18 06:08:49,TRACK,5,0,mode=CITY
2026-03-18 06:08:49,TRACK,6,0,mode=CITY
2026-03-18 06:08:49,TRACK,1,0,mode=CITY
2026-03-18 06:08:49,BLOB,6,10,mode=CITY
2026-03-18 06:08:49,BLOB,5,11,mode=CITY
2026-03-18 06:08:49,BLOB,6,11,mode=CITY
2026-03-18 06:08:49,TRACK,4,9,mode=CITY
2026-03-18 06:08:49,YOLO,4,9,mode=CITY
2026-03-18 06:08:49,TRACK,3,7,mode=CITY
2026-03-18 06:08:49,TRACK,3,10,mode=CITY
2026-03-18 06:08:49,TRACK,5,7,mode=CITY
2026-03-18 06:08:49,TRACK,0,8,mode=CITY
2026-03-18 06:08:49,TRACK,1,9,mode=CITY
2026-03-18 06:08:49,TRACK,2,8,mode=CITY
2026-03-18 06:08:49,TRACK,7,7,mode=CITY
2026-03-18 06:08:49,TRACK,7,10,mode=CITY
2026-03-18 06:08:49,TRACK,3,9,mode=CITY
2026-03-18 06:08:49,TRACK,4,8,mode=CITY
2026-03-18 06:08:49,YOLO,4,8,mode=CITY
2026-03-18 06:08:49,TRACK,0,7,mode=CITY
2026-03-18 06:08:49,TRACK,0,10,mode=CITY
2026-03-18 06:08:49,TRACK,2,7,mode=CITY
2026-03-18 06:08:49,TRACK,2,10,mode=CITY
2026-03-18 06:08:49,TRACK,1,8,mode=CITY
2026-03-18 06:08:49,TRACK,7,9,mode=CITY
2026-03-18 06:08:49,TRACK,6,7,mode=CITY
2026-03-18 06:08:49,TRACK,4,7,mode=CITY
2026-03-18 06:08:49,TRACK,4,10,mode=CITY
2026-03-18 06:08:49,TRACK,3,8,mode=CITY
2026-03-18 06:08:49,TRACK,0,9,mode=CITY
2026-03-18 06:08:49,TRACK,2,9,mode=CITY
2026-03-18 06:08:49,TRACK,1,7,mode=CITY
2026-03-18 06:08:49,TRACK,1,10,mode=CITY
2026-03-18 06:08:49,TRACK,7,8,mode=CITY
2026-03-18 06:08:50,BLOB,2,6,mode=CITY
2026-03-18 06:08:51,BLOB,2,5,mode=CITY
2026-03-18 06:08:51,BLOB,4,15,mode=CITY
2026-03-18 06:08:51,BLOB,4,14,mode=CITY
2026-03-18 06:08:53,BLOB,2,6,mode=CITY
2026-03-18 06:08:53,BLOB,2,5,mode=CITY
2026-03-18 06:08:54,BLOB,2,6,mode=CITY
2026-03-18 06:08:55,BLOB,2,5,mode=CITY
2026-03-18 06:08:57,BLOB,2,6,mode=CITY
2026-03-18 06:08:57,BLOB,2,5,mode=CITY
2026-03-18 06:08:59,BLOB,2,6,mode=CITY
2026-03-18 06:08:59,BLOB,3,6,mode=CITY
2026-03-18 06:08:59,TRACK,6,12,mode=CITY
2026-03-18 06:08:59,TRACK,4,12,mode=CITY
2026-03-18 06:08:59,TRACK,5,13,mode=CITY
2026-03-18 06:08:59,TRACK,3,13,mode=CITY
2026-03-18 06:08:59,TRACK,0,14,mode=CITY
2026-03-18 06:08:59,TRACK,2,11,mode=CITY
2026-03-18 06:08:59,TRACK,0,11,mode=CITY
2026-03-18 06:08:59,TRACK,2,14,mode=CITY
2026-03-18 06:08:59,TRACK,1,12,mode=CITY
2026-03-18 06:08:59,TRACK,6,11,mode=CITY
2026-03-18 06:08:59,TRACK,6,14,mode=CITY
2026-03-18 06:08:59,TRACK,7,13,mode=CITY
2026-03-18 06:08:59,TRACK,4,14,mode=CITY
2026-03-18 06:08:59,TRACK,3,12,mode=CITY
2026-03-18 06:08:59,TRACK,4,11,mode=CITY
2026-03-18 06:08:59,TRACK,5,12,mode=CITY
2026-03-18 06:08:59,TRACK,1,11,mode=CITY
2026-03-18 06:08:59,TRACK,0,13,mode=CITY
2026-03-18 06:08:59,TRACK,1,14,mode=CITY
2026-03-18 06:08:59,TRACK,2,13,mode=CITY
2026-03-18 06:08:59,TRACK,6,13,mode=CITY
2026-03-18 06:08:59,TRACK,7,12,mode=CITY
2026-03-18 06:08:59,TRACK,3,11,mode=CITY
2026-03-18 06:08:59,TRACK,3,14,mode=CITY
2026-03-18 06:08:59,TRACK,5,11,mode=CITY
2026-03-18 06:08:59,TRACK,4,13,mode=CITY
2026-03-18 06:08:59,YOLO,4,13,mode=CITY
2026-03-18 06:08:59,TRACK,5,14,mode=CITY
2026-03-18 06:08:59,TRACK,0,12,mode=CITY
2026-03-18 06:08:59,TRACK,1,13,mode=CITY
2026-03-18 06:08:59,TRACK,2,12,mode=CITY
2026-03-18 06:08:59,TRACK,7,11,mode=CITY
2026-03-18 06:08:59,TRACK,7,14,mode=CITY
2026-03-18 06:09:00,BLOB,2,5,mode=CITY
2026-03-18 06:09:00,BLOB,4,4,mode=CITY
2026-03-18 06:09:00,BLOB,4,3,mode=CITY
2026-03-18 06:09:00,BLOB,5,3,mode=CITY
2026-03-18 06:09:01,TRACK,4,9,mode=CITY
2026-03-18 06:09:01,YOLO,4,9,mode=CITY
2026-03-18 06:09:01,TRACK,3,7,mode=CITY
2026-03-18 06:09:01,TRACK,3,10,mode=CITY
2026-03-18 06:09:01,TRACK,5,7,mode=CITY
2026-03-18 06:09:01,TRACK,5,10,mode=CITY
2026-03-18 06:09:01,TRACK,0,8,mode=CITY
2026-03-18 06:09:01,TRACK,1,9,mode=CITY
2026-03-18 06:09:01,TRACK,2,8,mode=CITY
2026-03-18 06:09:01,TRACK,7,7,mode=CITY
2026-03-18 06:09:01,TRACK,7,10,mode=CITY
2026-03-18 06:09:01,TRACK,6,8,mode=CITY
2026-03-18 06:09:01,TRACK,3,9,mode=CITY
2026-03-18 06:09:01,TRACK,4,8,mode=CITY
2026-03-18 06:09:01,YOLO,4,8,mode=CITY
2026-03-18 06:09:01,TRACK,5,9,mode=CITY
2026-03-18 06:09:01,YOLO,5,9,mode=CITY
2026-03-18 06:09:01,TRACK,0,7,mode=CITY
2026-03-18 06:09:01,TRACK,0,10,mode=CITY
2026-03-18 06:09:01,TRACK,2,7,mode=CITY
2026-03-18 06:09:01,TRACK,2,10,mode=CITY
2026-03-18 06:09:01,TRACK,1,8,mode=CITY
2026-03-18 06:09:01,TRACK,7,9,mode=CITY
2026-03-18 06:09:01,TRACK,6,7,mode=CITY
2026-03-18 06:09:01,TRACK,6,10,mode=CITY
2026-03-18 06:09:01,TRACK,4,7,mode=CITY
2026-03-18 06:09:01,TRACK,4,10,mode=CITY
2026-03-18 06:09:01,TRACK,3,8,mode=CITY
2026-03-18 06:09:01,TRACK,5,8,mode=CITY
2026-03-18 06:09:01,YOLO,5,8,mode=CITY
2026-03-18 06:09:01,TRACK,0,9,mode=CITY
2026-03-18 06:09:01,TRACK,2,9,mode=CITY
2026-03-18 06:09:01,TRACK,1,7,mode=CITY
2026-03-18 06:09:01,TRACK,1,10,mode=CITY
2026-03-18 06:09:01,TRACK,6,9,mode=CITY
2026-03-18 06:09:01,TRACK,7,8,mode=CITY
2026-03-18 06:09:01,BLOB,4,2,mode=CITY
2026-03-18 06:09:01,BLOB,5,2,mode=CITY
2026-03-18 06:09:01,BLOB,4,1,mode=CITY
2026-03-18 06:09:01,BLOB,5,1,mode=CITY
2026-03-18 06:09:01,BLOB,3,1,mode=CITY
2026-03-18 06:09:01,BLOB,4,0,mode=CITY
2026-03-18 06:09:01,BLOB,5,0,mode=CITY
2026-03-18 06:09:01,BLOB,3,0,mode=CITY
2026-03-18 06:09:02,BLOB,2,6,mode=CITY
2026-03-18 06:09:02,BLOB,2,5,mode=CITY
2026-03-18 06:09:02,TRACK,3,4,mode=CITY
2026-03-18 06:09:02,TRACK,5,4,mode=CITY
2026-03-18 06:09:02,TRACK,4,6,mode=CITY
2026-03-18 06:09:02,YOLO,4,6,mode=CITY
2026-03-18 06:09:02,TRACK,0,5,mode=CITY
2026-03-18 06:09:02,TRACK,1,6,mode=CITY
2026-03-18 06:09:02,TRACK,7,4,mode=CITY
2026-03-18 06:09:02,TRACK,6,5,mode=CITY
2026-03-18 06:09:02,TRACK,4,5,mode=CITY
2026-03-18 06:09:02,YOLO,4,5,mode=CITY
2026-03-18 06:09:02,TRACK,5,6,mode=CITY
2026-03-18 06:09:02,YOLO,5,6,mode=CITY
2026-03-18 06:09:02,TRACK,3,6,mode=CITY
2026-03-18 06:09:02,TRACK,2,4,mode=CITY
2026-03-18 06:09:02,TRACK,0,4,mode=CITY
2026-03-18 06:09:02,TRACK,1,5,mode=CITY
2026-03-18 06:09:02,TRACK,6,4,mode=CITY
2026-03-18 06:09:02,TRACK,7,6,mode=CITY
2026-03-18 06:09:02,TRACK,3,5,mode=CITY
2026-03-18 06:09:02,TRACK,4,4,mode=CITY
2026-03-18 06:09:02,TRACK,5,5,mode=CITY
2026-03-18 06:09:02,YOLO,5,5,mode=CITY
2026-03-18 06:09:02,TRACK,1,4,mode=CITY
2026-03-18 06:09:02,TRACK,0,6,mode=CITY
2026-03-18 06:09:02,TRACK,6,6,mode=CITY
2026-03-18 06:09:02,TRACK,7,5,mode=CITY
2026-03-18 06:09:03,BLOB,5,9,mode=CITY
2026-03-18 06:09:03,BLOB,5,10,mode=CITY
2026-03-18 06:09:03,BLOB,6,9,mode=CITY
2026-03-18 06:09:03,TRACK,4,10,mode=CITY
2026-03-18 06:09:03,TRACK,0,10,mode=CITY
2026-03-18 06:09:03,TRACK,4,9,mode=CITY
2026-03-18 06:09:03,YOLO,4,9,mode=CITY
2026-03-18 06:09:03,TRACK,7,10,mode=CITY
2026-03-18 06:09:03,TRACK,2,10,mode=CITY
2026-03-18 06:09:03,TRACK,0,9,mode=CITY
2026-03-18 06:09:03,TRACK,3,10,mode=CITY
2026-03-18 06:09:03,TRACK,7,9,mode=CITY
2026-03-18 06:09:03,TRACK,2,9,mode=CITY
2026-03-18 06:09:03,TRACK,3,9,mode=CITY
2026-03-18 06:09:03,TRACK,6,10,mode=CITY
2026-03-18 06:09:03,TRACK,1,10,mode=CITY
2026-03-18 06:09:03,TRACK,1,9,mode=CITY
2026-03-18 06:09:03,BLOB,6,11,mode=CITY
2026-03-18 06:09:03,BLOB,2,5,mode=CITY
2026-03-18 06:09:03,BLOB,2,6,mode=CITY
2026-03-18 06:09:04,BLOB,3,3,mode=CITY
2026-03-18 06:09:04,BLOB,4,3,mode=CITY
2026-03-18 06:09:04,BLOB,3,2,mode=CITY
2026-03-18 06:09:04,BLOB,4,2,mode=CITY
2026-03-18 06:09:04,BLOB,3,1,mode=CITY
2026-03-18 06:09:04,BLOB,4,1,mode=CITY
2026-03-18 06:09:04,BLOB,3,0,mode=CITY
2026-03-18 06:09:06,BLOB,2,4,mode=CITY
2026-03-18 06:09:06,BLOB,2,5,mode=CITY
2026-03-18 06:09:08,BLOB,2,5,mode=CITY
2026-03-18 06:09:08,BLOB,2,6,mode=CITY
2026-03-18 06:09:09,BLOB,2,4,mode=CITY
2026-03-18 06:09:10,BLOB,5,3,mode=CITY
2026-03-18 06:09:10,BLOB,4,3,mode=CITY
2026-03-18 06:09:10,BLOB,4,2,mode=CITY
2026-03-18 06:09:10,BLOB,5,2,mode=CITY
2026-03-18 06:09:10,BLOB,4,1,mode=CITY
2026-03-18 06:09:11,BLOB,4,0,mode=CITY
2026-03-18 06:09:11,BLOB,2,5,mode=CITY
2026-03-18 06:09:11,BLOB,2,6,mode=CITY
2026-03-18 06:09:11,BLOB,2,4,mode=CITY
2026-03-18 06:09:13,BLOB,2,6,mode=CITY
2026-03-18 06:09:13,BLOB,2,5,mode=CITY
2026-03-18 06:09:15,BLOB,2,6,mode=CITY
2026-03-18 06:09:15,BLOB,2,5,mode=CITY
2026-03-18 06:09:17,BLOB,2,6,mode=CITY
2026-03-18 06:09:18,BLOB,2,5,mode=CITY
2026-03-18 06:09:19,BLOB,2,6,mode=CITY
2026-03-18 06:09:19,BLOB,2,5,mode=CITY
2026-03-18 06:09:20,BLOB,2,4,mode=CITY
2026-03-18 06:09:21,BLOB,6,6,mode=CITY
2026-03-18 06:09:21,BLOB,2,5,mode=CITY
2026-03-18 06:09:21,BLOB,2,6,mode=CITY
2026-03-18 06:09:23,BLOB,2,5,mode=CITY
2026-03-18 06:09:23,BLOB,2,6,mode=CITY
2026-03-18 06:09:23,BLOB,2,4,mode=CITY
2026-03-18 06:09:24,TRACK,6,12,mode=CITY
2026-03-18 06:09:24,TRACK,4,12,mode=CITY
2026-03-18 06:09:24,YOLO,4,12,mode=CITY
2026-03-18 06:09:24,TRACK,5,13,mode=CITY
2026-03-18 06:09:24,TRACK,3,13,mode=CITY
2026-03-18 06:09:24,TRACK,0,14,mode=CITY
2026-03-18 06:09:24,TRACK,2,11,mode=CITY
2026-03-18 06:09:24,TRACK,0,11,mode=CITY
2026-03-18 06:09:24,TRACK,2,14,mode=CITY
2026-03-18 06:09:24,TRACK,1,12,mode=CITY
2026-03-18 06:09:24,TRACK,6,11,mode=CITY
2026-03-18 06:09:24,TRACK,6,14,mode=CITY
2026-03-18 06:09:24,TRACK,7,13,mode=CITY
2026-03-18 06:09:24,TRACK,4,14,mode=CITY
2026-03-18 06:09:24,TRACK,3,12,mode=CITY
2026-03-18 06:09:24,TRACK,4,11,mode=CITY
2026-03-18 06:09:24,TRACK,5,12,mode=CITY
2026-03-18 06:09:24,TRACK,1,11,mode=CITY
2026-03-18 06:09:24,TRACK,0,13,mode=CITY
2026-03-18 06:09:24,TRACK,1,14,mode=CITY
2026-03-18 06:09:24,TRACK,2,13,mode=CITY
2026-03-18 06:09:24,TRACK,6,13,mode=CITY
2026-03-18 06:09:24,TRACK,7,12,mode=CITY
2026-03-18 06:09:24,TRACK,3,11,mode=CITY
2026-03-18 06:09:24,TRACK,3,14,mode=CITY
2026-03-18 06:09:24,TRACK,5,11,mode=CITY
2026-03-18 06:09:24,TRACK,4,13,mode=CITY
2026-03-18 06:09:24,TRACK,5,14,mode=CITY
2026-03-18 06:09:24,TRACK,0,12,mode=CITY
2026-03-18 06:09:24,TRACK,1,13,mode=CITY
2026-03-18 06:09:24,TRACK,2,12,mode=CITY
2026-03-18 06:09:24,TRACK,7,11,mode=CITY
2026-03-18 06:09:24,TRACK,7,14,mode=CITY
2026-03-18 06:09:25,BLOB,2,5,mode=CITY
2026-03-18 06:09:25,BLOB,2,6,mode=CITY
2026-03-18 06:09:28,BLOB,4,10,mode=CITY
2026-03-18 06:09:28,BLOB,5,10,mode=CITY
2026-03-18 06:09:28,BLOB,4,9,mode=CITY
2026-03-18 06:09:28,BLOB,5,9,mode=CITY
2026-03-18 06:09:28,BLOB,6,8,mode=CITY
2026-03-18 06:09:28,BLOB,6,9,mode=CITY
2026-03-18 06:09:28,BLOB,5,8,mode=CITY
2026-03-18 06:09:28,BLOB,2,4,mode=CITY
2026-03-18 06:09:28,BLOB,2,5,mode=CITY
2026-03-18 06:09:29,BLOB,5,2,mode=CITY
2026-03-18 06:09:30,BLOB,5,0,mode=CITY
2026-03-18 06:09:30,TRACK,4,9,mode=CITY
2026-03-18 06:09:30,YOLO,4,9,mode=CITY
2026-03-18 06:09:30,TRACK,3,7,mode=CITY
2026-03-18 06:09:30,TRACK,3,10,mode=CITY
2026-03-18 06:09:30,TRACK,5,7,mode=CITY
2026-03-18 06:09:30,TRACK,5,10,mode=CITY
2026-03-18 06:09:30,TRACK,0,8,mode=CITY
2026-03-18 06:09:30,TRACK,1,9,mode=CITY
2026-03-18 06:09:30,TRACK,2,8,mode=CITY
2026-03-18 06:09:30,TRACK,7,7,mode=CITY
2026-03-18 06:09:30,TRACK,7,10,mode=CITY
2026-03-18 06:09:30,TRACK,6,8,mode=CITY
2026-03-18 06:09:30,TRACK,3,9,mode=CITY
2026-03-18 06:09:30,TRACK,4,8,mode=CITY
2026-03-18 06:09:30,YOLO,4,8,mode=CITY
2026-03-18 06:09:30,TRACK,5,9,mode=CITY
2026-03-18 06:09:30,YOLO,5,9,mode=CITY
2026-03-18 06:09:30,TRACK,0,7,mode=CITY
2026-03-18 06:09:30,TRACK,0,10,mode=CITY
2026-03-18 06:09:30,TRACK,2,7,mode=CITY
2026-03-18 06:09:30,TRACK,2,10,mode=CITY
2026-03-18 06:09:30,TRACK,1,8,mode=CITY
2026-03-18 06:09:30,TRACK,7,9,mode=CITY
2026-03-18 06:09:30,TRACK,6,7,mode=CITY
2026-03-18 06:09:30,TRACK,6,10,mode=CITY
2026-03-18 06:09:30,TRACK,4,7,mode=CITY
2026-03-18 06:09:30,TRACK,4,10,mode=CITY
2026-03-18 06:09:30,TRACK,3,8,mode=CITY
2026-03-18 06:09:30,TRACK,5,8,mode=CITY
2026-03-18 06:09:30,YOLO,5,8,mode=CITY
2026-03-18 06:09:30,TRACK,0,9,mode=CITY
2026-03-18 06:09:30,TRACK,2,9,mode=CITY
2026-03-18 06:09:30,TRACK,1,7,mode=CITY
2026-03-18 06:09:30,TRACK,1,10,mode=CITY
2026-03-18 06:09:30,TRACK,6,9,mode=CITY
2026-03-18 06:09:30,TRACK,7,8,mode=CITY
2026-03-18 06:09:31,TRACK,4,9,mode=CITY
2026-03-18 06:09:31,YOLO,4,9,mode=CITY
2026-03-18 06:09:31,TRACK,3,7,mode=CITY
2026-03-18 06:09:31,TRACK,5,7,mode=CITY
2026-03-18 06:09:31,TRACK,0,8,mode=CITY
2026-03-18 06:09:31,TRACK,1,9,mode=CITY
2026-03-18 06:09:31,TRACK,2,8,mode=CITY
2026-03-18 06:09:31,TRACK,7,7,mode=CITY
2026-03-18 06:09:31,TRACK,6,8,mode=CITY
2026-03-18 06:09:31,TRACK,3,9,mode=CITY
2026-03-18 06:09:31,TRACK,4,8,mode=CITY
2026-03-18 06:09:31,YOLO,4,8,mode=CITY
2026-03-18 06:09:31,TRACK,5,9,mode=CITY
2026-03-18 06:09:31,YOLO,5,9,mode=CITY
2026-03-18 06:09:31,TRACK,0,7,mode=CITY
2026-03-18 06:09:31,TRACK,2,7,mode=CITY
2026-03-18 06:09:31,TRACK,1,8,mode=CITY
2026-03-18 06:09:31,TRACK,7,9,mode=CITY
2026-03-18 06:09:31,TRACK,6,7,mode=CITY
2026-03-18 06:09:31,TRACK,4,7,mode=CITY
2026-03-18 06:09:31,TRACK,3,8,mode=CITY
2026-03-18 06:09:31,TRACK,5,8,mode=CITY
2026-03-18 06:09:31,YOLO,5,8,mode=CITY
2026-03-18 06:09:31,TRACK,0,9,mode=CITY
2026-03-18 06:09:31,TRACK,2,9,mode=CITY
2026-03-18 06:09:31,TRACK,1,7,mode=CITY
2026-03-18 06:09:31,TRACK,6,9,mode=CITY
2026-03-18 06:09:31,TRACK,7,8,mode=CITY
2026-03-18 06:09:31,TRACK,4,6,mode=CITY
2026-03-18 06:09:31,TRACK,0,6,mode=CITY
2026-03-18 06:09:31,TRACK,7,6,mode=CITY
2026-03-18 06:09:31,TRACK,2,6,mode=CITY
2026-03-18 06:09:31,TRACK,5,6,mode=CITY
2026-03-18 06:09:31,TRACK,3,6,mode=CITY
2026-03-18 06:09:31,TRACK,6,6,mode=CITY
2026-03-18 06:09:31,TRACK,1,6,mode=CITY
2026-03-18 06:09:33,TRACK,4,9,mode=CITY
2026-03-18 06:09:33,YOLO,4,9,mode=CITY
2026-03-18 06:09:33,TRACK,3,7,mode=CITY
2026-03-18 06:09:33,TRACK,5,7,mode=CITY
2026-03-18 06:09:33,TRACK,0,8,mode=CITY
2026-03-18 06:09:33,TRACK,1,9,mode=CITY
2026-03-18 06:09:33,TRACK,2,8,mode=CITY
2026-03-18 06:09:33,TRACK,7,7,mode=CITY
2026-03-18 06:09:33,TRACK,6,8,mode=CITY
2026-03-18 06:09:33,TRACK,3,9,mode=CITY
2026-03-18 06:09:33,TRACK,4,8,mode=CITY
2026-03-18 06:09:33,YOLO,4,8,mode=CITY
2026-03-18 06:09:33,TRACK,5,9,mode=CITY
2026-03-18 06:09:33,YOLO,5,9,mode=CITY
2026-03-18 06:09:33,TRACK,0,7,mode=CITY
2026-03-18 06:09:33,TRACK,2,7,mode=CITY
2026-03-18 06:09:33,TRACK,1,8,mode=CITY
2026-03-18 06:09:33,TRACK,7,9,mode=CITY
2026-03-18 06:09:33,TRACK,6,7,mode=CITY
2026-03-18 06:09:33,TRACK,4,7,mode=CITY
2026-03-18 06:09:33,TRACK,3,8,mode=CITY
2026-03-18 06:09:33,TRACK,5,8,mode=CITY
2026-03-18 06:09:33,YOLO,5,8,mode=CITY
2026-03-18 06:09:33,TRACK,0,9,mode=CITY
2026-03-18 06:09:33,TRACK,2,9,mode=CITY
2026-03-18 06:09:33,TRACK,1,7,mode=CITY
2026-03-18 06:09:33,TRACK,6,9,mode=CITY
2026-03-18 06:09:33,TRACK,7,8,mode=CITY
2026-03-18 06:09:35,TRACK,6,12,mode=CITY
2026-03-18 06:09:35,TRACK,4,12,mode=CITY
2026-03-18 06:09:35,YOLO,4,12,mode=CITY
2026-03-18 06:09:35,TRACK,5,13,mode=CITY
2026-03-18 06:09:35,TRACK,3,13,mode=CITY
2026-03-18 06:09:35,TRACK,0,14,mode=CITY
2026-03-18 06:09:35,TRACK,2,11,mode=CITY
2026-03-18 06:09:35,TRACK,0,11,mode=CITY
2026-03-18 06:09:35,TRACK,2,14,mode=CITY
2026-03-18 06:09:35,TRACK,1,12,mode=CITY
2026-03-18 06:09:35,TRACK,6,11,mode=CITY
2026-03-18 06:09:35,TRACK,6,14,mode=CITY
2026-03-18 06:09:35,TRACK,7,13,mode=CITY
2026-03-18 06:09:35,TRACK,4,14,mode=CITY
2026-03-18 06:09:35,TRACK,3,12,mode=CITY
2026-03-18 06:09:35,TRACK,4,11,mode=CITY
2026-03-18 06:09:35,TRACK,5,12,mode=CITY
2026-03-18 06:09:35,TRACK,1,11,mode=CITY
2026-03-18 06:09:35,TRACK,0,13,mode=CITY
2026-03-18 06:09:35,TRACK,1,14,mode=CITY
2026-03-18 06:09:35,TRACK,2,13,mode=CITY
2026-03-18 06:09:35,TRACK,6,13,mode=CITY
2026-03-18 06:09:35,TRACK,7,12,mode=CITY
2026-03-18 06:09:35,TRACK,3,11,mode=CITY
2026-03-18 06:09:35,TRACK,3,14,mode=CITY
2026-03-18 06:09:35,TRACK,5,11,mode=CITY
2026-03-18 06:09:35,TRACK,4,13,mode=CITY
2026-03-18 06:09:35,YOLO,4,13,mode=CITY
2026-03-18 06:09:35,TRACK,5,14,mode=CITY
2026-03-18 06:09:35,TRACK,0,12,mode=CITY
2026-03-18 06:09:35,TRACK,1,13,mode=CITY
2026-03-18 06:09:35,TRACK,2,12,mode=CITY
2026-03-18 06:09:35,TRACK,7,11,mode=CITY
2026-03-18 06:09:35,TRACK,7,14,mode=CITY
2026-03-18 06:09:36,TRACK,4,6,mode=CITY
2026-03-18 06:09:36,TRACK,0,6,mode=CITY
2026-03-18 06:09:36,TRACK,7,6,mode=CITY
2026-03-18 06:09:36,TRACK,2,6,mode=CITY
2026-03-18 06:09:36,TRACK,5,6,mode=CITY
2026-03-18 06:09:36,TRACK,3,6,mode=CITY
2026-03-18 06:09:36,TRACK,6,6,mode=CITY
2026-03-18 06:09:36,TRACK,1,6,mode=CITY
2026-03-18 06:09:37,TRACK,6,12,mode=CITY
2026-03-18 06:09:37,TRACK,1,12,mode=CITY
2026-03-18 06:09:37,TRACK,4,12,mode=CITY
2026-03-18 06:09:37,TRACK,0,12,mode=CITY
2026-03-18 06:09:37,TRACK,7,12,mode=CITY
2026-03-18 06:09:37,TRACK,2,12,mode=CITY
2026-03-18 06:09:37,TRACK,3,12,mode=CITY
2026-03-18 06:09:37,TRACK,5,12,mode=CITY
2026-03-18 06:09:50,TRACK,4,0,mode=CITY
2026-03-18 06:09:50,YOLO,4,0,mode=CITY
2026-03-18 06:09:50,TRACK,3,4,mode=CITY
2026-03-18 06:09:50,YOLO,3,4,mode=CITY
2026-03-18 06:09:50,TRACK,4,3,mode=CITY
2026-03-18 06:09:50,YOLO,4,3,mode=CITY
2026-03-18 06:09:50,TRACK,3,1,mode=CITY
2026-03-18 06:09:50,YOLO,3,1,mode=CITY
2026-03-18 06:09:50,TRACK,5,4,mode=CITY
2026-03-18 06:09:50,YOLO,5,4,mode=CITY
2026-03-18 06:09:50,TRACK,5,1,mode=CITY
2026-03-18 06:09:50,YOLO,5,1,mode=CITY
2026-03-18 06:09:50,TRACK,0,2,mode=CITY
2026-03-18 06:09:50,TRACK,0,5,mode=CITY
2026-03-18 06:09:50,TRACK,2,2,mode=CITY
2026-03-18 06:09:50,TRACK,1,0,mode=CITY
2026-03-18 06:09:50,TRACK,2,5,mode=CITY
2026-03-18 06:09:50,TRACK,1,3,mode=CITY
2026-03-18 06:09:50,TRACK,7,4,mode=CITY
2026-03-18 06:09:50,YOLO,7,4,mode=CITY
2026-03-18 06:09:50,TRACK,6,2,mode=CITY
2026-03-18 06:09:50,YOLO,6,2,mode=CITY
2026-03-18 06:09:50,TRACK,7,1,mode=CITY
2026-03-18 06:09:50,YOLO,7,1,mode=CITY
2026-03-18 06:09:50,TRACK,6,5,mode=CITY
2026-03-18 06:09:50,TRACK,4,2,mode=CITY
2026-03-18 06:09:50,YOLO,4,2,mode=CITY
2026-03-18 06:09:50,TRACK,3,0,mode=CITY
2026-03-18 06:09:50,YOLO,3,0,mode=CITY
2026-03-18 06:09:50,TRACK,4,5,mode=CITY
2026-03-18 06:09:50,TRACK,3,3,mode=CITY
2026-03-18 06:09:50,YOLO,3,3,mode=CITY
2026-03-18 06:09:50,TRACK,5,0,mode=CITY
2026-03-18 06:09:50,YOLO,5,0,mode=CITY
2026-03-18 06:09:50,TRACK,5,3,mode=CITY
2026-03-18 06:09:50,YOLO,5,3,mode=CITY
2026-03-18 06:09:50,TRACK,0,1,mode=CITY
2026-03-18 06:09:50,TRACK,2,4,mode=CITY
2026-03-18 06:09:50,TRACK,1,2,mode=CITY
2026-03-18 06:09:50,TRACK,0,4,mode=CITY
2026-03-18 06:09:50,TRACK,2,1,mode=CITY
2026-03-18 06:09:50,TRACK,1,5,mode=CITY
2026-03-18 06:09:50,TRACK,6,1,mode=CITY
2026-03-18 06:09:50,YOLO,6,1,mode=CITY
2026-03-18 06:09:50,TRACK,7,0,mode=CITY
2026-03-18 06:09:50,YOLO,7,0,mode=CITY
2026-03-18 06:09:50,TRACK,6,4,mode=CITY
2026-03-18 06:09:50,YOLO,6,4,mode=CITY
2026-03-18 06:09:50,TRACK,7,3,mode=CITY
2026-03-18 06:09:50,YOLO,7,3,mode=CITY
2026-03-18 06:09:50,TRACK,3,2,mode=CITY
2026-03-18 06:09:50,YOLO,3,2,mode=CITY
2026-03-18 06:09:50,TRACK,4,1,mode=CITY
2026-03-18 06:09:50,YOLO,4,1,mode=CITY
2026-03-18 06:09:50,TRACK,3,5,mode=CITY
2026-03-18 06:09:50,TRACK,5,2,mode=CITY
2026-03-18 06:09:50,YOLO,5,2,mode=CITY
2026-03-18 06:09:50,TRACK,4,4,mode=CITY
2026-03-18 06:09:50,YOLO,4,4,mode=CITY
2026-03-18 06:09:50,TRACK,5,5,mode=CITY
2026-03-18 06:09:50,TRACK,0,0,mode=CITY
2026-03-18 06:09:50,TRACK,1,1,mode=CITY
2026-03-18 06:09:50,TRACK,0,3,mode=CITY
2026-03-18 06:09:50,TRACK,2,0,mode=CITY
2026-03-18 06:09:50,TRACK,1,4,mode=CITY
2026-03-18 06:09:50,TRACK,2,3,mode=CITY
2026-03-18 06:09:50,TRACK,7,2,mode=CITY
2026-03-18 06:09:50,YOLO,7,2,mode=CITY
2026-03-18 06:09:50,TRACK,6,0,mode=CITY
2026-03-18 06:09:50,YOLO,6,0,mode=CITY
2026-03-18 06:09:50,TRACK,7,5,mode=CITY
2026-03-18 06:09:50,TRACK,6,3,mode=CITY
2026-03-18 06:09:50,YOLO,6,3,mode=CITY
2026-03-18 06:09:56,TRACK,6,12,mode=CITY
2026-03-18 06:09:56,TRACK,4,9,mode=CITY
2026-03-18 06:09:56,YOLO,4,9,mode=CITY
2026-03-18 06:09:56,TRACK,3,7,mode=CITY
2026-03-18 06:09:56,TRACK,4,12,mode=CITY
2026-03-18 06:09:56,TRACK,3,10,mode=CITY
2026-03-18 06:09:56,TRACK,5,7,mode=CITY
2026-03-18 06:09:56,YOLO,5,7,mode=CITY
2026-03-18 06:09:56,TRACK,5,10,mode=CITY
2026-03-18 06:09:56,YOLO,5,10,mode=CITY
2026-03-18 06:09:56,TRACK,0,8,mode=CITY
2026-03-18 06:09:56,TRACK,2,11,mode=CITY
2026-03-18 06:09:56,TRACK,1,9,mode=CITY
2026-03-18 06:09:56,TRACK,0,11,mode=CITY
2026-03-18 06:09:56,TRACK,2,8,mode=CITY
2026-03-18 06:09:56,TRACK,1,12,mode=CITY
2026-03-18 06:09:56,TRACK,7,7,mode=CITY
2026-03-18 06:09:56,TRACK,6,11,mode=CITY
2026-03-18 06:09:56,YOLO,6,11,mode=CITY
2026-03-18 06:09:56,TRACK,7,10,mode=CITY
2026-03-18 06:09:56,TRACK,6,8,mode=CITY
2026-03-18 06:09:56,YOLO,6,8,mode=CITY
2026-03-18 06:09:56,TRACK,3,9,mode=CITY
2026-03-18 06:09:56,TRACK,4,8,mode=CITY
2026-03-18 06:09:56,YOLO,4,8,mode=CITY
2026-03-18 06:09:56,TRACK,3,12,mode=CITY
2026-03-18 06:09:56,TRACK,5,9,mode=CITY
2026-03-18 06:09:56,YOLO,5,9,mode=CITY
2026-03-18 06:09:56,TRACK,4,11,mode=CITY
2026-03-18 06:09:56,YOLO,4,11,mode=CITY
2026-03-18 06:09:56,TRACK,5,12,mode=CITY
2026-03-18 06:09:56,TRACK,0,7,mode=CITY
2026-03-18 06:09:56,TRACK,0,10,mode=CITY
2026-03-18 06:09:56,TRACK,2,7,mode=CITY
2026-03-18 06:09:56,TRACK,1,11,mode=CITY
2026-03-18 06:09:56,TRACK,2,10,mode=CITY
2026-03-18 06:09:56,TRACK,1,8,mode=CITY
2026-03-18 06:09:56,TRACK,7,9,mode=CITY
2026-03-18 06:09:56,TRACK,6,7,mode=CITY
2026-03-18 06:09:56,YOLO,6,7,mode=CITY
2026-03-18 06:09:56,TRACK,7,12,mode=CITY
2026-03-18 06:09:56,TRACK,6,10,mode=CITY
2026-03-18 06:09:56,YOLO,6,10,mode=CITY
2026-03-18 06:09:56,TRACK,4,7,mode=CITY
2026-03-18 06:09:56,YOLO,4,7,mode=CITY
2026-03-18 06:09:56,TRACK,3,11,mode=CITY
2026-03-18 06:09:56,TRACK,4,10,mode=CITY
2026-03-18 06:09:56,YOLO,4,10,mode=CITY
2026-03-18 06:09:56,TRACK,3,8,mode=CITY
2026-03-18 06:09:56,TRACK,5,11,mode=CITY
2026-03-18 06:09:56,YOLO,5,11,mode=CITY
2026-03-18 06:09:56,TRACK,5,8,mode=CITY
2026-03-18 06:09:56,YOLO,5,8,mode=CITY
2026-03-18 06:09:56,TRACK,0,9,mode=CITY
2026-03-18 06:09:56,TRACK,0,12,mode=CITY
2026-03-18 06:09:56,TRACK,2,9,mode=CITY
2026-03-18 06:09:56,TRACK,1,7,mode=CITY
2026-03-18 06:09:56,TRACK,2,12,mode=CITY
2026-03-18 06:09:56,TRACK,1,10,mode=CITY
2026-03-18 06:09:56,TRACK,7,11,mode=CITY
2026-03-18 06:09:56,TRACK,6,9,mode=CITY
2026-03-18 06:09:56,YOLO,6,9,mode=CITY
2026-03-18 06:09:56,TRACK,7,8,mode=CITY
2026-03-18 06:10:28,TRACK,6,12,mode=CITY
2026-03-18 06:10:28,TRACK,4,9,mode=CITY
2026-03-18 06:10:28,YOLO,4,9,mode=CITY
2026-03-18 06:10:28,TRACK,3,7,mode=CITY
2026-03-18 06:10:28,TRACK,4,12,mode=CITY
2026-03-18 06:10:28,TRACK,3,10,mode=CITY
2026-03-18 06:10:28,TRACK,5,7,mode=CITY
2026-03-18 06:10:28,YOLO,5,7,mode=CITY
2026-03-18 06:10:28,TRACK,5,10,mode=CITY
2026-03-18 06:10:28,YOLO,5,10,mode=CITY
2026-03-18 06:10:28,TRACK,0,8,mode=CITY
2026-03-18 06:10:28,TRACK,2,11,mode=CITY
2026-03-18 06:10:28,TRACK,1,9,mode=CITY
2026-03-18 06:10:28,TRACK,0,11,mode=CITY
2026-03-18 06:10:28,TRACK,2,8,mode=CITY
2026-03-18 06:10:28,TRACK,1,12,mode=CITY
2026-03-18 06:10:28,TRACK,7,7,mode=CITY
2026-03-18 06:10:28,TRACK,6,11,mode=CITY
2026-03-18 06:10:28,YOLO,6,11,mode=CITY
2026-03-18 06:10:28,TRACK,7,10,mode=CITY
2026-03-18 06:10:28,TRACK,6,8,mode=CITY
2026-03-18 06:10:28,YOLO,6,8,mode=CITY
2026-03-18 06:10:28,TRACK,3,9,mode=CITY
2026-03-18 06:10:28,TRACK,4,8,mode=CITY
2026-03-18 06:10:28,YOLO,4,8,mode=CITY
2026-03-18 06:10:28,TRACK,3,12,mode=CITY
2026-03-18 06:10:28,TRACK,5,9,mode=CITY
2026-03-18 06:10:28,YOLO,5,9,mode=CITY
2026-03-18 06:10:28,TRACK,4,11,mode=CITY
2026-03-18 06:10:28,YOLO,4,11,mode=CITY
2026-03-18 06:10:28,TRACK,5,12,mode=CITY
2026-03-18 06:10:28,TRACK,0,7,mode=CITY
2026-03-18 06:10:28,TRACK,0,10,mode=CITY
2026-03-18 06:10:28,TRACK,2,7,mode=CITY
2026-03-18 06:10:28,TRACK,1,11,mode=CITY
2026-03-18 06:10:28,TRACK,2,10,mode=CITY
2026-03-18 06:10:28,TRACK,1,8,mode=CITY
2026-03-18 06:10:28,TRACK,7,9,mode=CITY
2026-03-18 06:10:28,TRACK,6,7,mode=CITY
2026-03-18 06:10:28,YOLO,6,7,mode=CITY
2026-03-18 06:10:28,TRACK,7,12,mode=CITY
2026-03-18 06:10:28,TRACK,6,10,mode=CITY
2026-03-18 06:10:28,YOLO,6,10,mode=CITY
2026-03-18 06:10:28,TRACK,4,7,mode=CITY
2026-03-18 06:10:28,YOLO,4,7,mode=CITY
2026-03-18 06:10:28,TRACK,3,11,mode=CITY
2026-03-18 06:10:28,TRACK,4,10,mode=CITY
2026-03-18 06:10:28,YOLO,4,10,mode=CITY
2026-03-18 06:10:28,TRACK,3,8,mode=CITY
2026-03-18 06:10:28,TRACK,5,11,mode=CITY
2026-03-18 06:10:28,YOLO,5,11,mode=CITY
2026-03-18 06:10:28,TRACK,5,8,mode=CITY
2026-03-18 06:10:28,YOLO,5,8,mode=CITY
2026-03-18 06:10:28,TRACK,0,9,mode=CITY
2026-03-18 06:10:28,TRACK,0,12,mode=CITY
2026-03-18 06:10:28,TRACK,2,9,mode=CITY
2026-03-18 06:10:28,TRACK,1,7,mode=CITY
2026-03-18 06:10:28,TRACK,2,12,mode=CITY
2026-03-18 06:10:28,TRACK,1,10,mode=CITY
2026-03-18 06:10:28,TRACK,7,11,mode=CITY
2026-03-18 06:10:28,TRACK,6,9,mode=CITY
2026-03-18 06:10:28,YOLO,6,9,mode=CITY
2026-03-18 06:10:28,TRACK,7,8,mode=CITY
2026-03-18 06:10:33,BLOB,2,13,mode=CITY
2026-03-18 06:10:37,TRACK,5,11,mode=CITY
2026-03-18 06:10:37,TRACK,6,11,mode=CITY
2026-03-18 06:10:37,TRACK,1,11,mode=CITY
2026-03-18 06:10:37,TRACK,4,11,mode=CITY
2026-03-18 06:10:37,TRACK,7,11,mode=CITY
2026-03-18 06:10:37,TRACK,2,11,mode=CITY
2026-03-18 06:10:37,TRACK,0,11,mode=CITY
2026-03-18 06:10:37,TRACK,3,11,mode=CITY
2026-03-18 06:10:37,TRACK,6,12,mode=CITY
2026-03-18 06:10:37,TRACK,1,12,mode=CITY
2026-03-18 06:10:37,TRACK,4,12,mode=CITY
2026-03-18 06:10:37,TRACK,0,12,mode=CITY
2026-03-18 06:10:37,TRACK,7,12,mode=CITY
2026-03-18 06:10:37,TRACK,2,12,mode=CITY
2026-03-18 06:10:37,TRACK,3,12,mode=CITY
2026-03-18 06:10:37,TRACK,5,12,mode=CITY
2026-03-18 06:10:38,TRACK,4,13,mode=CITY
2026-03-18 06:10:38,TRACK,0,13,mode=CITY
2026-03-18 06:10:38,TRACK,7,13,mode=CITY
2026-03-18 06:10:38,TRACK,2,13,mode=CITY
2026-03-18 06:10:38,TRACK,5,13,mode=CITY
2026-03-18 06:10:38,TRACK,3,13,mode=CITY
2026-03-18 06:10:38,TRACK,6,13,mode=CITY
2026-03-18 06:10:38,TRACK,1,13,mode=CITY
2026-03-18 06:10:38,TRACK,2,14,mode=CITY
2026-03-18 06:10:38,TRACK,3,14,mode=CITY
2026-03-18 06:10:38,TRACK,5,14,mode=CITY
2026-03-18 06:10:38,TRACK,6,14,mode=CITY
2026-03-18 06:10:38,TRACK,1,14,mode=CITY
2026-03-18 06:10:38,TRACK,4,14,mode=CITY
2026-03-18 06:10:38,TRACK,0,14,mode=CITY
2026-03-18 06:10:38,TRACK,7,14,mode=CITY
2026-03-18 06:10:39,BLOB,4,7,mode=CITY
2026-03-18 06:10:39,BLOB,2,4,mode=CITY
2026-03-18 06:10:39,BLOB,4,6,mode=CITY
2026-03-18 06:10:39,BLOB,2,3,mode=CITY
2026-03-18 06:10:39,BLOB,4,5,mode=CITY
2026-03-18 06:10:39,BLOB,4,4,mode=CITY
2026-03-18 06:10:39,BLOB,4,3,mode=CITY
2026-03-18 06:10:40,BLOB,4,2,mode=CITY
2026-03-18 06:10:40,BLOB,4,1,mode=CITY
2026-03-18 06:10:41,TRACK,3,8,mode=CITY
2026-03-18 06:10:41,TRACK,5,8,mode=CITY
2026-03-18 06:10:41,TRACK,6,8,mode=CITY
2026-03-18 06:10:41,TRACK,1,8,mode=CITY
2026-03-18 06:10:41,TRACK,4,8,mode=CITY
2026-03-18 06:10:41,TRACK,0,8,mode=CITY
2026-03-18 06:10:41,TRACK,7,8,mode=CITY
2026-03-18 06:10:41,TRACK,2,8,mode=CITY
2026-03-18 06:10:42,BLOB,3,2,mode=CITY
2026-03-18 06:10:42,BLOB,4,2,mode=CITY
2026-03-18 06:10:42,BLOB,3,1,mode=CITY
2026-03-18 06:10:42,BLOB,4,1,mode=CITY
2026-03-18 06:10:42,BLOB,3,0,mode=CITY
2026-03-18 06:10:42,TRACK,0,7,mode=CITY
2026-03-18 06:10:42,TRACK,7,7,mode=CITY
2026-03-18 06:10:42,TRACK,2,7,mode=CITY
2026-03-18 06:10:42,TRACK,3,7,mode=CITY
2026-03-18 06:10:42,TRACK,5,7,mode=CITY
2026-03-18 06:10:42,TRACK,6,7,mode=CITY
2026-03-18 06:10:42,TRACK,1,7,mode=CITY
2026-03-18 06:10:42,TRACK,4,7,mode=CITY
2026-03-18 06:10:43,TRACK,4,6,mode=CITY
2026-03-18 06:10:43,TRACK,0,6,mode=CITY
2026-03-18 06:10:43,TRACK,7,6,mode=CITY
2026-03-18 06:10:43,TRACK,2,6,mode=CITY
2026-03-18 06:10:43,TRACK,5,6,mode=CITY
2026-03-18 06:10:43,TRACK,3,6,mode=CITY
2026-03-18 06:10:43,TRACK,6,6,mode=CITY
2026-03-18 06:10:43,TRACK,1,6,mode=CITY
2026-03-18 06:10:44,TRACK,4,4,mode=CITY
2026-03-18 06:10:44,TRACK,7,4,mode=CITY
2026-03-18 06:10:44,TRACK,2,4,mode=CITY
2026-03-18 06:10:44,TRACK,5,5,mode=CITY
2026-03-18 06:10:44,YOLO,5,5,mode=CITY
2026-03-18 06:10:44,TRACK,0,4,mode=CITY
2026-03-18 06:10:44,TRACK,3,4,mode=CITY
2026-03-18 06:10:44,TRACK,6,5,mode=CITY
2026-03-18 06:10:44,TRACK,1,5,mode=CITY
2026-03-18 06:10:44,TRACK,5,4,mode=CITY
2026-03-18 06:10:44,TRACK,6,4,mode=CITY
2026-03-18 06:10:44,TRACK,1,4,mode=CITY
2026-03-18 06:10:44,TRACK,4,5,mode=CITY
2026-03-18 06:10:44,YOLO,4,5,mode=CITY
2026-03-18 06:10:44,TRACK,0,5,mode=CITY
2026-03-18 06:10:44,TRACK,7,5,mode=CITY
2026-03-18 06:10:44,TRACK,2,5,mode=CITY
2026-03-18 06:10:44,TRACK,3,5,mode=CITY
2026-03-18 06:10:45,BLOB,2,14,mode=CITY
2026-03-18 06:10:45,BLOB,2,13,mode=CITY
2026-03-18 06:10:47,TRACK,4,9,mode=CITY
2026-03-18 06:10:47,TRACK,0,9,mode=CITY
2026-03-18 06:10:47,TRACK,7,9,mode=CITY
2026-03-18 06:10:47,TRACK,2,9,mode=CITY
2026-03-18 06:10:47,TRACK,3,9,mode=CITY
2026-03-18 06:10:47,TRACK,5,9,mode=CITY
2026-03-18 06:10:47,TRACK,6,9,mode=CITY
2026-03-18 06:10:47,TRACK,1,9,mode=CITY
2026-03-18 06:10:47,TRACK,4,10,mode=CITY
2026-03-18 06:10:47,TRACK,5,11,mode=CITY
2026-03-18 06:10:47,TRACK,0,10,mode=CITY
2026-03-18 06:10:47,TRACK,6,11,mode=CITY
2026-03-18 06:10:47,TRACK,1,11,mode=CITY
2026-03-18 06:10:47,TRACK,7,10,mode=CITY
2026-03-18 06:10:47,TRACK,2,10,mode=CITY
2026-03-18 06:10:47,TRACK,3,10,mode=CITY
2026-03-18 06:10:47,TRACK,5,10,mode=CITY
2026-03-18 06:10:47,TRACK,6,10,mode=CITY
2026-03-18 06:10:47,TRACK,1,10,mode=CITY
2026-03-18 06:10:47,TRACK,4,11,mode=CITY
2026-03-18 06:10:47,TRACK,7,11,mode=CITY
2026-03-18 06:10:47,TRACK,2,11,mode=CITY
2026-03-18 06:10:47,TRACK,0,11,mode=CITY
2026-03-18 06:10:47,TRACK,3,11,mode=CITY
2026-03-18 06:10:48,TRACK,0,7,mode=CITY
2026-03-18 06:10:48,TRACK,3,8,mode=CITY
2026-03-18 06:10:48,TRACK,7,7,mode=CITY
2026-03-18 06:10:48,TRACK,2,7,mode=CITY
2026-03-18 06:10:48,TRACK,5,8,mode=CITY
2026-03-18 06:10:48,YOLO,5,8,mode=CITY
2026-03-18 06:10:48,TRACK,3,7,mode=CITY
2026-03-18 06:10:48,TRACK,6,8,mode=CITY
2026-03-18 06:10:48,TRACK,1,8,mode=CITY
2026-03-18 06:10:48,TRACK,5,7,mode=CITY
2026-03-18 06:10:48,TRACK,6,7,mode=CITY
2026-03-18 06:10:48,TRACK,1,7,mode=CITY
2026-03-18 06:10:48,TRACK,4,8,mode=CITY
2026-03-18 06:10:48,YOLO,4,8,mode=CITY
2026-03-18 06:10:48,TRACK,0,8,mode=CITY
2026-03-18 06:10:48,TRACK,4,7,mode=CITY
2026-03-18 06:10:48,TRACK,7,8,mode=CITY
2026-03-18 06:10:48,TRACK,2,8,mode=CITY
2026-03-18 06:10:48,BLOB,6,1,mode=CITY
2026-03-18 06:10:48,BLOB,5,0,mode=CITY
2026-03-18 06:10:48,BLOB,5,1,mode=CITY
2026-03-18 06:10:48,BLOB,6,0,mode=CITY
2026-03-18 06:10:48,TRACK,6,12,mode=CITY
2026-03-18 06:10:48,TRACK,1,12,mode=CITY
2026-03-18 06:10:48,TRACK,5,11,mode=CITY
2026-03-18 06:10:48,TRACK,6,11,mode=CITY
2026-03-18 06:10:48,TRACK,1,11,mode=CITY
2026-03-18 06:10:48,TRACK,4,12,mode=CITY
2026-03-18 06:10:48,TRACK,0,12,mode=CITY
2026-03-18 06:10:48,TRACK,7,12,mode=CITY
2026-03-18 06:10:48,TRACK,2,12,mode=CITY
2026-03-18 06:10:48,TRACK,3,12,mode=CITY
2026-03-18 06:10:48,TRACK,4,11,mode=CITY
2026-03-18 06:10:48,TRACK,7,11,mode=CITY
2026-03-18 06:10:48,TRACK,2,11,mode=CITY
2026-03-18 06:10:48,TRACK,5,12,mode=CITY
2026-03-18 06:10:48,TRACK,0,11,mode=CITY
2026-03-18 06:10:48,TRACK,3,11,mode=CITY
2026-03-18 06:10:50,BLOB,6,7,mode=CITY
2026-03-18 06:10:50,BLOB,5,7,mode=CITY
2026-03-18 06:10:50,BLOB,6,6,mode=CITY
2026-03-18 06:10:50,BLOB,5,6,mode=CITY
2026-03-18 06:10:51,TRACK,0,7,mode=CITY
2026-03-18 06:10:51,TRACK,7,7,mode=CITY
2026-03-18 06:10:51,TRACK,2,7,mode=CITY
2026-03-18 06:10:51,TRACK,3,7,mode=CITY
2026-03-18 06:10:51,TRACK,5,7,mode=CITY
2026-03-18 06:10:51,TRACK,1,7,mode=CITY
2026-03-18 06:10:51,TRACK,4,7,mode=CITY
2026-03-18 06:10:51,TRACK,5,5,mode=CITY
2026-03-18 06:10:51,TRACK,6,5,mode=CITY
2026-03-18 06:10:51,TRACK,1,5,mode=CITY
2026-03-18 06:10:51,TRACK,4,6,mode=CITY
2026-03-18 06:10:51,TRACK,0,6,mode=CITY
2026-03-18 06:10:51,TRACK,4,5,mode=CITY
2026-03-18 06:10:51,TRACK,7,6,mode=CITY
2026-03-18 06:10:51,TRACK,2,6,mode=CITY
2026-03-18 06:10:51,TRACK,5,6,mode=CITY
2026-03-18 06:10:51,TRACK,0,5,mode=CITY
2026-03-18 06:10:51,TRACK,3,6,mode=CITY
2026-03-18 06:10:51,TRACK,6,6,mode=CITY
2026-03-18 06:10:51,TRACK,1,6,mode=CITY
2026-03-18 06:10:51,TRACK,7,5,mode=CITY
2026-03-18 06:10:51,TRACK,2,5,mode=CITY
2026-03-18 06:10:51,TRACK,3,5,mode=CITY
2026-03-18 06:10:52,TRACK,4,4,mode=CITY
2026-03-18 06:10:52,TRACK,7,4,mode=CITY
2026-03-18 06:10:52,TRACK,2,4,mode=CITY
2026-03-18 06:10:52,TRACK,0,4,mode=CITY
2026-03-18 06:10:52,TRACK,3,4,mode=CITY
2026-03-18 06:10:52,TRACK,5,4,mode=CITY
2026-03-18 06:10:52,TRACK,6,4,mode=CITY
2026-03-18 06:10:52,TRACK,1,4,mode=CITY
2026-03-18 06:10:52,TRACK,6,2,mode=CITY
2026-03-18 06:10:52,TRACK,1,2,mode=CITY
2026-03-18 06:10:52,TRACK,4,3,mode=CITY
2026-03-18 06:10:52,TRACK,0,3,mode=CITY
2026-03-18 06:10:52,TRACK,4,2,mode=CITY
2026-03-18 06:10:52,TRACK,7,3,mode=CITY
2026-03-18 06:10:52,TRACK,2,3,mode=CITY
2026-03-18 06:10:52,TRACK,0,2,mode=CITY
2026-03-18 06:10:52,TRACK,3,3,mode=CITY
2026-03-18 06:10:52,TRACK,7,2,mode=CITY
2026-03-18 06:10:52,TRACK,2,2,mode=CITY
2026-03-18 06:10:52,TRACK,5,3,mode=CITY
2026-03-18 06:10:52,TRACK,3,2,mode=CITY
2026-03-18 06:10:52,TRACK,6,3,mode=CITY
2026-03-18 06:10:52,TRACK,1,3,mode=CITY
2026-03-18 06:10:52,TRACK,5,2,mode=CITY
2026-03-18 06:10:52,TRACK,0,1,mode=CITY
2026-03-18 06:10:52,TRACK,7,1,mode=CITY
2026-03-18 06:10:52,TRACK,2,1,mode=CITY
2026-03-18 06:10:52,TRACK,3,1,mode=CITY
2026-03-18 06:10:52,TRACK,6,1,mode=CITY
2026-03-18 06:10:52,TRACK,1,1,mode=CITY
2026-03-18 06:10:52,TRACK,5,1,mode=CITY
2026-03-18 06:10:52,TRACK,4,1,mode=CITY
2026-03-18 06:10:53,TRACK,3,4,mode=CITY
2026-03-18 06:10:53,TRACK,4,3,mode=CITY
2026-03-18 06:10:53,TRACK,5,4,mode=CITY
2026-03-18 06:10:53,YOLO,5,4,mode=CITY
2026-03-18 06:10:53,TRACK,4,6,mode=CITY
2026-03-18 06:10:53,TRACK,0,5,mode=CITY
2026-03-18 06:10:53,TRACK,1,6,mode=CITY
2026-03-18 06:10:53,TRACK,2,5,mode=CITY
2026-03-18 06:10:53,TRACK,1,3,mode=CITY
2026-03-18 06:10:53,TRACK,7,4,mode=CITY
2026-03-18 06:10:53,TRACK,6,5,mode=CITY
2026-03-18 06:10:53,TRACK,4,5,mode=CITY
2026-03-18 06:10:53,TRACK,3,3,mode=CITY
2026-03-18 06:10:53,TRACK,5,6,mode=CITY
2026-03-18 06:10:53,TRACK,3,6,mode=CITY
2026-03-18 06:10:53,TRACK,5,3,mode=CITY
2026-03-18 06:10:53,TRACK,2,4,mode=CITY
2026-03-18 06:10:53,TRACK,0,4,mode=CITY
2026-03-18 06:10:53,TRACK,1,5,mode=CITY
2026-03-18 06:10:53,TRACK,6,4,mode=CITY
2026-03-18 06:10:53,TRACK,7,3,mode=CITY
2026-03-18 06:10:53,TRACK,7,6,mode=CITY
2026-03-18 06:10:53,TRACK,3,5,mode=CITY
2026-03-18 06:10:53,TRACK,4,4,mode=CITY
2026-03-18 06:10:53,TRACK,5,5,mode=CITY
2026-03-18 06:10:53,YOLO,5,5,mode=CITY
2026-03-18 06:10:53,TRACK,0,3,mode=CITY
2026-03-18 06:10:53,TRACK,1,4,mode=CITY
2026-03-18 06:10:53,TRACK,0,6,mode=CITY
2026-03-18 06:10:53,TRACK,2,3,mode=CITY
2026-03-18 06:10:53,TRACK,2,6,mode=CITY
2026-03-18 06:10:53,TRACK,6,6,mode=CITY
2026-03-18 06:10:53,TRACK,7,5,mode=CITY
2026-03-18 06:10:53,TRACK,6,3,mode=CITY
2026-03-18 06:10:53,TRACK,4,0,mode=CITY
2026-03-18 06:10:53,TRACK,3,1,mode=CITY
2026-03-18 06:10:53,TRACK,5,1,mode=CITY
2026-03-18 06:10:53,YOLO,5,1,mode=CITY
2026-03-18 06:10:53,TRACK,0,2,mode=CITY
2026-03-18 06:10:53,TRACK,2,2,mode=CITY
2026-03-18 06:10:53,TRACK,1,0,mode=CITY
2026-03-18 06:10:53,TRACK,6,2,mode=CITY
2026-03-18 06:10:53,TRACK,7,1,mode=CITY
2026-03-18 06:10:53,TRACK,4,2,mode=CITY
2026-03-18 06:10:53,TRACK,3,0,mode=CITY
2026-03-18 06:10:53,TRACK,5,0,mode=CITY
2026-03-18 06:10:53,TRACK,0,1,mode=CITY
2026-03-18 06:10:53,TRACK,1,2,mode=CITY
2026-03-18 06:10:53,TRACK,2,1,mode=CITY
2026-03-18 06:10:53,TRACK,6,1,mode=CITY
2026-03-18 06:10:53,TRACK,7,0,mode=CITY
2026-03-18 06:10:53,TRACK,3,2,mode=CITY
2026-03-18 06:10:53,TRACK,4,1,mode=CITY
2026-03-18 06:10:53,TRACK,5,2,mode=CITY
2026-03-18 06:10:53,YOLO,5,2,mode=CITY
2026-03-18 06:10:53,TRACK,0,0,mode=CITY
2026-03-18 06:10:53,TRACK,1,1,mode=CITY
2026-03-18 06:10:53,TRACK,2,0,mode=CITY
2026-03-18 06:10:53,TRACK,7,2,mode=CITY
2026-03-18 06:10:53,TRACK,6,0,mode=CITY
2026-03-18 06:10:54,TRACK,4,9,mode=CITY
2026-03-18 06:10:54,TRACK,3,7,mode=CITY
2026-03-18 06:10:54,TRACK,4,6,mode=CITY
2026-03-18 06:10:54,TRACK,5,7,mode=CITY
2026-03-18 06:10:54,TRACK,1,6,mode=CITY
2026-03-18 06:10:55,TRACK,0,8,mode=CITY
2026-03-18 06:10:55,TRACK,1,9,mode=CITY
2026-03-18 06:10:55,TRACK,2,8,mode=CITY
2026-03-18 06:10:55,TRACK,7,7,mode=CITY
2026-03-18 06:10:55,TRACK,6,8,mode=CITY
2026-03-18 06:10:55,TRACK,3,9,mode=CITY
2026-03-18 06:10:55,TRACK,5,6,mode=CITY
2026-03-18 06:10:55,TRACK,4,8,mode=CITY
2026-03-18 06:10:55,YOLO,4,8,mode=CITY
2026-03-18 06:10:55,TRACK,3,6,mode=CITY
2026-03-18 06:10:55,TRACK,5,9,mode=CITY
2026-03-18 06:10:55,TRACK,0,7,mode=CITY
2026-03-18 06:10:55,TRACK,2,7,mode=CITY
2026-03-18 06:10:55,TRACK,1,8,mode=CITY
2026-03-18 06:10:55,TRACK,7,9,mode=CITY
2026-03-18 06:10:55,TRACK,6,7,mode=CITY
2026-03-18 06:10:55,TRACK,7,6,mode=CITY
2026-03-18 06:10:55,TRACK,4,7,mode=CITY
2026-03-18 06:10:55,TRACK,3,8,mode=CITY
2026-03-18 06:10:55,TRACK,5,8,mode=CITY
2026-03-18 06:10:55,TRACK,0,9,mode=CITY
2026-03-18 06:10:55,TRACK,0,6,mode=CITY
2026-03-18 06:10:55,TRACK,2,9,mode=CITY
2026-03-18 06:10:55,TRACK,1,7,mode=CITY
2026-03-18 06:10:55,TRACK,2,6,mode=CITY
2026-03-18 06:10:55,TRACK,6,6,mode=CITY
2026-03-18 06:10:55,TRACK,6,9,mode=CITY
2026-03-18 06:10:55,TRACK,7,8,mode=CITY
2026-03-18 06:10:56,BLOB,2,10,mode=CITY
2026-03-18 06:10:56,TRACK,4,10,mode=CITY
2026-03-18 06:10:56,TRACK,0,10,mode=CITY
2026-03-18 06:10:56,TRACK,7,10,mode=CITY
2026-03-18 06:10:56,TRACK,3,10,mode=CITY
2026-03-18 06:10:56,TRACK,5,10,mode=CITY
2026-03-18 06:10:56,TRACK,6,10,mode=CITY
2026-03-18 06:10:56,TRACK,1,10,mode=CITY
2026-03-18 06:10:57,TRACK,3,4,mode=CITY
2026-03-18 06:10:57,TRACK,5,4,mode=CITY
2026-03-18 06:10:57,TRACK,4,6,mode=CITY
2026-03-18 06:10:57,YOLO,4,6,mode=CITY
2026-03-18 06:10:57,TRACK,0,5,mode=CITY
2026-03-18 06:10:57,TRACK,1,6,mode=CITY
2026-03-18 06:10:57,TRACK,2,5,mode=CITY
2026-03-18 06:10:57,TRACK,7,4,mode=CITY
2026-03-18 06:10:57,TRACK,6,5,mode=CITY
2026-03-18 06:10:57,TRACK,4,5,mode=CITY
2026-03-18 06:10:57,TRACK,5,6,mode=CITY
2026-03-18 06:10:57,TRACK,3,6,mode=CITY
2026-03-18 06:10:57,TRACK,2,4,mode=CITY
2026-03-18 06:10:57,TRACK,0,4,mode=CITY
2026-03-18 06:10:57,TRACK,1,5,mode=CITY
2026-03-18 06:10:57,TRACK,6,4,mode=CITY
2026-03-18 06:10:57,TRACK,7,6,mode=CITY
2026-03-18 06:10:57,TRACK,3,5,mode=CITY
2026-03-18 06:10:57,TRACK,4,4,mode=CITY
2026-03-18 06:10:57,TRACK,5,5,mode=CITY
2026-03-18 06:10:57,TRACK,1,4,mode=CITY
2026-03-18 06:10:57,TRACK,0,6,mode=CITY
2026-03-18 06:10:57,TRACK,2,6,mode=CITY
2026-03-18 06:10:57,TRACK,6,6,mode=CITY
2026-03-18 06:10:57,TRACK,7,5,mode=CITY
2026-03-18 06:10:58,BLOB,5,9,mode=CITY
2026-03-18 06:10:58,BLOB,5,10,mode=CITY
2026-03-18 06:10:58,BLOB,6,10,mode=CITY
2026-03-18 06:10:58,TRACK,3,8,mode=CITY
2026-03-18 06:10:58,TRACK,5,8,mode=CITY
2026-03-18 06:10:58,TRACK,4,9,mode=CITY
2026-03-18 06:10:58,TRACK,6,8,mode=CITY
2026-03-18 06:10:58,TRACK,1,8,mode=CITY
2026-03-18 06:10:58,TRACK,0,9,mode=CITY
2026-03-18 06:10:58,TRACK,7,9,mode=CITY
2026-03-18 06:10:58,TRACK,2,9,mode=CITY
2026-03-18 06:10:58,TRACK,3,9,mode=CITY
2026-03-18 06:10:58,TRACK,4,8,mode=CITY
2026-03-18 06:10:58,TRACK,0,8,mode=CITY
2026-03-18 06:10:58,TRACK,6,9,mode=CITY
2026-03-18 06:10:58,TRACK,1,9,mode=CITY
2026-03-18 06:10:58,TRACK,7,8,mode=CITY
2026-03-18 06:10:58,TRACK,2,8,mode=CITY
2026-03-18 06:10:58,BLOB,6,11,mode=CITY
2026-03-18 06:10:59,BLOB,5,11,mode=CITY
2026-03-18 06:10:59,BLOB,6,11,mode=CITY
2026-03-18 06:10:59,BLOB,2,10,mode=CITY
2026-03-18 06:10:59,BLOB,6,10,mode=CITY
2026-03-18 06:11:00,BLOB,6,12,mode=CITY
2026-03-18 06:11:00,BLOB,2,10,mode=CITY
2026-03-18 06:11:03,BLOB,6,6,mode=CITY
2026-03-18 06:11:03,BLOB,6,5,mode=CITY
2026-03-18 06:11:03,BLOB,2,10,mode=CITY
2026-03-18 06:11:04,BLOB,5,2,mode=CITY
2026-03-18 06:11:04,BLOB,4,2,mode=CITY
2026-03-18 06:11:04,BLOB,4,3,mode=CITY
2026-03-18 06:11:04,BLOB,4,1,mode=CITY
2026-03-18 06:11:04,BLOB,5,1,mode=CITY
2026-03-18 06:11:04,BLOB,4,0,mode=CITY
2026-03-18 06:11:04,BLOB,5,0,mode=CITY
2026-03-18 06:11:04,TRACK,3,4,mode=CITY
2026-03-18 06:11:04,TRACK,5,4,mode=CITY
2026-03-18 06:11:04,TRACK,4,6,mode=CITY
2026-03-18 06:11:04,YOLO,4,6,mode=CITY
2026-03-18 06:11:04,TRACK,0,5,mode=CITY
2026-03-18 06:11:04,TRACK,1,6,mode=CITY
2026-03-18 06:11:04,TRACK,2,5,mode=CITY
2026-03-18 06:11:04,TRACK,1,3,mode=CITY
2026-03-18 06:11:04,TRACK,7,4,mode=CITY
2026-03-18 06:11:04,TRACK,6,5,mode=CITY
2026-03-18 06:11:04,TRACK,4,5,mode=CITY
2026-03-18 06:11:04,YOLO,4,5,mode=CITY
2026-03-18 06:11:04,TRACK,3,3,mode=CITY
2026-03-18 06:11:04,TRACK,5,6,mode=CITY
2026-03-18 06:11:04,YOLO,5,6,mode=CITY
2026-03-18 06:11:04,TRACK,3,6,mode=CITY
2026-03-18 06:11:04,TRACK,5,3,mode=CITY
2026-03-18 06:11:04,TRACK,2,4,mode=CITY
2026-03-18 06:11:04,TRACK,0,4,mode=CITY
2026-03-18 06:11:04,TRACK,1,5,mode=CITY
2026-03-18 06:11:04,TRACK,6,4,mode=CITY
2026-03-18 06:11:04,TRACK,7,3,mode=CITY
2026-03-18 06:11:04,TRACK,7,6,mode=CITY
2026-03-18 06:11:04,TRACK,3,5,mode=CITY
2026-03-18 06:11:04,TRACK,4,4,mode=CITY
2026-03-18 06:11:04,TRACK,5,5,mode=CITY
2026-03-18 06:11:04,YOLO,5,5,mode=CITY
2026-03-18 06:11:04,TRACK,0,3,mode=CITY
2026-03-18 06:11:04,TRACK,1,4,mode=CITY
2026-03-18 06:11:04,TRACK,0,6,mode=CITY
2026-03-18 06:11:04,TRACK,2,3,mode=CITY
2026-03-18 06:11:04,TRACK,2,6,mode=CITY
2026-03-18 06:11:04,TRACK,6,6,mode=CITY
2026-03-18 06:11:04,TRACK,7,5,mode=CITY
2026-03-18 06:11:04,TRACK,6,3,mode=CITY
2026-03-18 06:11:05,TRACK,6,2,mode=CITY
2026-03-18 06:11:05,TRACK,1,2,mode=CITY
2026-03-18 06:11:05,TRACK,4,2,mode=CITY
2026-03-18 06:11:05,TRACK,0,2,mode=CITY
2026-03-18 06:11:05,TRACK,7,2,mode=CITY
2026-03-18 06:11:05,TRACK,2,2,mode=CITY
2026-03-18 06:11:05,TRACK,3,2,mode=CITY
2026-03-18 06:11:05,TRACK,5,2,mode=CITY
2026-03-18 06:11:05,TRACK,0,1,mode=CITY
2026-03-18 06:11:05,TRACK,7,1,mode=CITY
2026-03-18 06:11:05,TRACK,2,1,mode=CITY
2026-03-18 06:11:05,TRACK,3,1,mode=CITY
2026-03-18 06:11:05,TRACK,6,1,mode=CITY
2026-03-18 06:11:05,TRACK,1,1,mode=CITY
2026-03-18 06:11:05,TRACK,5,1,mode=CITY
2026-03-18 06:11:05,TRACK,4,1,mode=CITY
2026-03-18 06:11:05,TRACK,4,0,mode=CITY
2026-03-18 06:11:05,YOLO,4,0,mode=CITY
2026-03-18 06:11:05,TRACK,0,0,mode=CITY
2026-03-18 06:11:05,TRACK,7,0,mode=CITY
2026-03-18 06:11:05,TRACK,2,0,mode=CITY
2026-03-18 06:11:05,TRACK,3,0,mode=CITY
2026-03-18 06:11:05,TRACK,5,0,mode=CITY
2026-03-18 06:11:05,YOLO,5,0,mode=CITY
2026-03-18 06:11:05,TRACK,6,0,mode=CITY
2026-03-18 06:11:05,YOLO,6,0,mode=CITY
2026-03-18 06:11:05,TRACK,1,0,mode=CITY
2026-03-18 06:11:06,BLOB,3,1,mode=CITY
2026-03-18 06:11:06,BLOB,2,0,mode=CITY
2026-03-18 06:11:06,BLOB,3,0,mode=CITY
2026-03-18 06:11:08,TRACK,0,7,mode=CITY
2026-03-18 06:11:08,TRACK,3,8,mode=CITY
2026-03-18 06:11:08,TRACK,7,7,mode=CITY
2026-03-18 06:11:08,TRACK,2,7,mode=CITY
2026-03-18 06:11:08,TRACK,5,8,mode=CITY
2026-03-18 06:11:08,TRACK,3,7,mode=CITY
2026-03-18 06:11:08,TRACK,6,8,mode=CITY
2026-03-18 06:11:08,TRACK,1,8,mode=CITY
2026-03-18 06:11:08,TRACK,5,7,mode=CITY
2026-03-18 06:11:08,YOLO,5,7,mode=CITY
2026-03-18 06:11:08,TRACK,6,7,mode=CITY
2026-03-18 06:11:08,TRACK,1,7,mode=CITY
2026-03-18 06:11:08,TRACK,4,8,mode=CITY
2026-03-18 06:11:08,TRACK,0,8,mode=CITY
2026-03-18 06:11:08,TRACK,4,7,mode=CITY
2026-03-18 06:11:08,YOLO,4,7,mode=CITY
2026-03-18 06:11:08,TRACK,7,8,mode=CITY
2026-03-18 06:11:08,TRACK,2,8,mode=CITY
2026-03-18 06:11:08,TRACK,4,3,mode=CITY
2026-03-18 06:11:08,TRACK,0,3,mode=CITY
2026-03-18 06:11:08,TRACK,7,3,mode=CITY
2026-03-18 06:11:08,TRACK,2,3,mode=CITY
2026-03-18 06:11:08,TRACK,3,3,mode=CITY
2026-03-18 06:11:08,TRACK,5,3,mode=CITY
2026-03-18 06:11:08,TRACK,6,3,mode=CITY
2026-03-18 06:11:08,TRACK,1,3,mode=CITY
2026-03-18 06:11:08,BLOB,2,2,mode=CITY
2026-03-18 06:11:09,TRACK,4,0,mode=CITY
2026-03-18 06:11:09,YOLO,4,0,mode=CITY
2026-03-18 06:11:09,TRACK,3,1,mode=CITY
2026-03-18 06:11:09,YOLO,3,1,mode=CITY
2026-03-18 06:11:09,TRACK,5,1,mode=CITY
2026-03-18 06:11:09,YOLO,5,1,mode=CITY
2026-03-18 06:11:09,TRACK,0,2,mode=CITY
2026-03-18 06:11:09,TRACK,1,0,mode=CITY
2026-03-18 06:11:09,YOLO,1,0,mode=CITY
2026-03-18 06:11:09,TRACK,6,2,mode=CITY
2026-03-18 06:11:09,YOLO,6,2,mode=CITY
2026-03-18 06:11:09,TRACK,7,1,mode=CITY
2026-03-18 06:11:09,YOLO,7,1,mode=CITY
2026-03-18 06:11:09,TRACK,4,2,mode=CITY
2026-03-18 06:11:09,YOLO,4,2,mode=CITY
2026-03-18 06:11:09,TRACK,3,0,mode=CITY
2026-03-18 06:11:09,YOLO,3,0,mode=CITY
2026-03-18 06:11:09,TRACK,5,0,mode=CITY
2026-03-18 06:11:09,YOLO,5,0,mode=CITY
2026-03-18 06:11:09,TRACK,0,1,mode=CITY
2026-03-18 06:11:09,TRACK,1,2,mode=CITY
2026-03-18 06:11:09,YOLO,1,2,mode=CITY
2026-03-18 06:11:09,TRACK,2,1,mode=CITY
2026-03-18 06:11:09,YOLO,2,1,mode=CITY
2026-03-18 06:11:09,TRACK,6,1,mode=CITY
2026-03-18 06:11:09,YOLO,6,1,mode=CITY
2026-03-18 06:11:09,TRACK,7,0,mode=CITY
2026-03-18 06:11:09,YOLO,7,0,mode=CITY
2026-03-18 06:11:09,TRACK,3,2,mode=CITY
2026-03-18 06:11:09,YOLO,3,2,mode=CITY
2026-03-18 06:11:09,TRACK,4,1,mode=CITY
2026-03-18 06:11:09,YOLO,4,1,mode=CITY
2026-03-18 06:11:09,TRACK,5,2,mode=CITY
2026-03-18 06:11:09,YOLO,5,2,mode=CITY
2026-03-18 06:11:09,TRACK,0,0,mode=CITY
2026-03-18 06:11:09,TRACK,1,1,mode=CITY
2026-03-18 06:11:09,YOLO,1,1,mode=CITY
2026-03-18 06:11:09,TRACK,2,0,mode=CITY
2026-03-18 06:11:09,YOLO,2,0,mode=CITY
2026-03-18 06:11:09,TRACK,7,2,mode=CITY
2026-03-18 06:11:09,YOLO,7,2,mode=CITY
2026-03-18 06:11:09,TRACK,6,0,mode=CITY
2026-03-18 06:11:09,YOLO,6,0,mode=CITY
2026-03-18 06:11:10,TRACK,4,3,mode=CITY
2026-03-18 06:11:10,TRACK,0,3,mode=CITY
2026-03-18 06:11:10,TRACK,7,3,mode=CITY
2026-03-18 06:11:10,TRACK,2,3,mode=CITY
2026-03-18 06:11:10,TRACK,3,3,mode=CITY
2026-03-18 06:11:10,TRACK,5,3,mode=CITY
2026-03-18 06:11:10,TRACK,6,3,mode=CITY
2026-03-18 06:11:10,TRACK,1,3,mode=CITY
2026-03-18 06:11:10,TRACK,4,9,mode=CITY
2026-03-18 06:11:10,TRACK,0,9,mode=CITY
2026-03-18 06:11:10,TRACK,7,9,mode=CITY
2026-03-18 06:11:10,TRACK,2,9,mode=CITY
2026-03-18 06:11:10,TRACK,3,9,mode=CITY
2026-03-18 06:11:10,TRACK,5,9,mode=CITY
2026-03-18 06:11:10,TRACK,6,9,mode=CITY
2026-03-18 06:11:10,TRACK,1,9,mode=CITY
2026-03-18 06:11:10,TRACK,4,0,mode=CITY
2026-03-18 06:11:10,TRACK,3,1,mode=CITY
2026-03-18 06:11:10,TRACK,5,1,mode=CITY
2026-03-18 06:11:10,YOLO,5,1,mode=CITY
2026-03-18 06:11:10,TRACK,0,2,mode=CITY
2026-03-18 06:11:10,TRACK,2,2,mode=CITY
2026-03-18 06:11:10,TRACK,1,0,mode=CITY
2026-03-18 06:11:10,TRACK,6,2,mode=CITY
2026-03-18 06:11:10,YOLO,6,2,mode=CITY
2026-03-18 06:11:10,TRACK,7,1,mode=CITY
2026-03-18 06:11:10,TRACK,4,2,mode=CITY
2026-03-18 06:11:10,YOLO,4,2,mode=CITY
2026-03-18 06:11:10,TRACK,3,0,mode=CITY
2026-03-18 06:11:10,TRACK,5,0,mode=CITY
2026-03-18 06:11:10,TRACK,0,1,mode=CITY
2026-03-18 06:11:10,TRACK,1,2,mode=CITY
2026-03-18 06:11:10,TRACK,2,1,mode=CITY
2026-03-18 06:11:10,TRACK,6,1,mode=CITY
2026-03-18 06:11:10,YOLO,6,1,mode=CITY
2026-03-18 06:11:10,TRACK,7,0,mode=CITY
2026-03-18 06:11:10,TRACK,3,2,mode=CITY
2026-03-18 06:11:10,TRACK,4,1,mode=CITY
2026-03-18 06:11:10,YOLO,4,1,mode=CITY
2026-03-18 06:11:10,TRACK,5,2,mode=CITY
2026-03-18 06:11:10,YOLO,5,2,mode=CITY
2026-03-18 06:11:10,TRACK,0,0,mode=CITY
2026-03-18 06:11:10,TRACK,1,1,mode=CITY
2026-03-18 06:11:10,TRACK,2,0,mode=CITY
2026-03-18 06:11:10,TRACK,7,2,mode=CITY
2026-03-18 06:11:10,TRACK,6,0,mode=CITY
2026-03-18 06:11:10,TRACK,4,10,mode=CITY
2026-03-18 06:11:10,TRACK,0,10,mode=CITY
2026-03-18 06:11:10,TRACK,7,10,mode=CITY
2026-03-18 06:11:10,TRACK,2,10,mode=CITY
2026-03-18 06:11:10,TRACK,3,10,mode=CITY
2026-03-18 06:11:10,TRACK,5,10,mode=CITY
2026-03-18 06:11:10,TRACK,6,10,mode=CITY
2026-03-18 06:11:10,TRACK,1,10,mode=CITY
2026-03-18 06:11:11,TRACK,0,1,mode=CITY
2026-03-18 06:11:11,TRACK,6,2,mode=CITY
2026-03-18 06:11:11,TRACK,1,2,mode=CITY
2026-03-18 06:11:11,TRACK,7,1,mode=CITY
2026-03-18 06:11:11,TRACK,2,1,mode=CITY
2026-03-18 06:11:11,TRACK,3,1,mode=CITY
2026-03-18 06:11:11,TRACK,6,1,mode=CITY
2026-03-18 06:11:11,TRACK,1,1,mode=CITY
2026-03-18 06:11:11,TRACK,5,1,mode=CITY
2026-03-18 06:11:11,TRACK,4,2,mode=CITY
2026-03-18 06:11:11,TRACK,0,2,mode=CITY
2026-03-18 06:11:11,TRACK,7,2,mode=CITY
2026-03-18 06:11:11,TRACK,2,2,mode=CITY
2026-03-18 06:11:11,TRACK,3,2,mode=CITY
2026-03-18 06:11:11,TRACK,4,1,mode=CITY
2026-03-18 06:11:11,TRACK,5,2,mode=CITY
2026-03-18 06:11:11,TRACK,4,0,mode=CITY
2026-03-18 06:11:11,TRACK,0,0,mode=CITY
2026-03-18 06:11:11,TRACK,7,0,mode=CITY
2026-03-18 06:11:11,TRACK,2,0,mode=CITY
2026-03-18 06:11:11,TRACK,3,0,mode=CITY
2026-03-18 06:11:11,TRACK,5,0,mode=CITY
2026-03-18 06:11:11,TRACK,6,0,mode=CITY
2026-03-18 06:11:11,TRACK,1,0,mode=CITY
2026-03-18 06:11:12,TRACK,4,10,mode=CITY
2026-03-18 06:11:12,TRACK,0,10,mode=CITY
2026-03-18 06:11:12,TRACK,7,10,mode=CITY
2026-03-18 06:11:12,TRACK,2,10,mode=CITY
2026-03-18 06:11:12,TRACK,3,10,mode=CITY
2026-03-18 06:11:12,TRACK,5,10,mode=CITY
2026-03-18 06:11:12,TRACK,6,10,mode=CITY
2026-03-18 06:11:12,TRACK,1,10,mode=CITY
2026-03-18 06:11:12,BLOB,4,11,mode=CITY
2026-03-18 06:11:12,BLOB,5,11,mode=CITY
2026-03-18 06:11:12,BLOB,5,12,mode=CITY
2026-03-18 06:11:12,BLOB,5,13,mode=CITY
2026-03-18 06:11:13,BLOB,5,14,mode=CITY
2026-03-18 06:11:13,BLOB,5,15,mode=CITY
2026-03-18 06:11:13,BLOB,6,15,mode=CITY
2026-03-18 06:11:13,TRACK,0,7,mode=CITY
2026-03-18 06:11:13,TRACK,7,7,mode=CITY
2026-03-18 06:11:13,TRACK,2,7,mode=CITY
2026-03-18 06:11:13,TRACK,3,7,mode=CITY
2026-03-18 06:11:13,TRACK,5,7,mode=CITY
2026-03-18 06:11:13,TRACK,6,7,mode=CITY
2026-03-18 06:11:13,TRACK,1,7,mode=CITY
2026-03-18 06:11:13,TRACK,4,7,mode=CITY
2026-03-18 06:11:17,TRACK,4,6,mode=CITY
2026-03-18 06:11:17,TRACK,0,6,mode=CITY
2026-03-18 06:11:17,TRACK,7,6,mode=CITY
2026-03-18 06:11:17,TRACK,2,6,mode=CITY
2026-03-18 06:11:17,TRACK,5,6,mode=CITY
2026-03-18 06:11:17,TRACK,3,6,mode=CITY
2026-03-18 06:11:17,TRACK,6,6,mode=CITY
2026-03-18 06:11:17,TRACK,1,6,mode=CITY
2026-03-18 06:11:17,BLOB,2,11,mode=CITY
2026-03-18 06:11:17,TRACK,5,5,mode=CITY
2026-03-18 06:11:17,TRACK,6,5,mode=CITY
2026-03-18 06:11:17,TRACK,1,5,mode=CITY
2026-03-18 06:11:17,TRACK,4,5,mode=CITY
2026-03-18 06:11:17,TRACK,0,5,mode=CITY
2026-03-18 06:11:17,TRACK,7,5,mode=CITY
2026-03-18 06:11:17,TRACK,2,5,mode=CITY
2026-03-18 06:11:17,TRACK,3,5,mode=CITY
2026-03-18 06:11:18,TRACK,4,4,mode=CITY
2026-03-18 06:11:18,TRACK,7,4,mode=CITY
2026-03-18 06:11:18,TRACK,2,4,mode=CITY
2026-03-18 06:11:18,TRACK,0,4,mode=CITY
2026-03-18 06:11:18,TRACK,3,4,mode=CITY
2026-03-18 06:11:18,TRACK,5,4,mode=CITY
2026-03-18 06:11:18,TRACK,6,4,mode=CITY
2026-03-18 06:11:18,TRACK,1,4,mode=CITY
2026-03-18 06:11:18,TRACK,4,3,mode=CITY
2026-03-18 06:11:18,TRACK,0,3,mode=CITY
2026-03-18 06:11:18,TRACK,7,3,mode=CITY
2026-03-18 06:11:18,TRACK,2,3,mode=CITY
2026-03-18 06:11:18,TRACK,3,3,mode=CITY
2026-03-18 06:11:18,TRACK,5,3,mode=CITY
2026-03-18 06:11:18,TRACK,6,3,mode=CITY
2026-03-18 06:11:18,TRACK,1,3,mode=CITY
2026-03-18 06:11:18,TRACK,4,0,mode=CITY
2026-03-18 06:11:18,YOLO,4,0,mode=CITY
2026-03-18 06:11:18,TRACK,3,1,mode=CITY
2026-03-18 06:11:18,TRACK,5,1,mode=CITY
2026-03-18 06:11:18,YOLO,5,1,mode=CITY
2026-03-18 06:11:18,TRACK,0,2,mode=CITY
2026-03-18 06:11:18,TRACK,2,2,mode=CITY
2026-03-18 06:11:18,TRACK,1,0,mode=CITY
2026-03-18 06:11:18,TRACK,6,2,mode=CITY
2026-03-18 06:11:18,YOLO,6,2,mode=CITY
2026-03-18 06:11:18,TRACK,7,1,mode=CITY
2026-03-18 06:11:18,YOLO,7,1,mode=CITY
2026-03-18 06:11:18,TRACK,4,2,mode=CITY
2026-03-18 06:11:18,YOLO,4,2,mode=CITY
2026-03-18 06:11:18,TRACK,3,0,mode=CITY
2026-03-18 06:11:18,TRACK,5,0,mode=CITY
2026-03-18 06:11:18,YOLO,5,0,mode=CITY
2026-03-18 06:11:18,TRACK,0,1,mode=CITY
2026-03-18 06:11:18,TRACK,1,2,mode=CITY
2026-03-18 06:11:18,TRACK,2,1,mode=CITY
2026-03-18 06:11:18,TRACK,6,1,mode=CITY
2026-03-18 06:11:18,YOLO,6,1,mode=CITY
2026-03-18 06:11:18,TRACK,7,0,mode=CITY
2026-03-18 06:11:18,YOLO,7,0,mode=CITY
2026-03-18 06:11:18,TRACK,3,2,mode=CITY
2026-03-18 06:11:18,TRACK,4,1,mode=CITY
2026-03-18 06:11:18,YOLO,4,1,mode=CITY
2026-03-18 06:11:18,TRACK,5,2,mode=CITY
2026-03-18 06:11:18,YOLO,5,2,mode=CITY
2026-03-18 06:11:18,TRACK,0,0,mode=CITY
2026-03-18 06:11:18,TRACK,1,1,mode=CITY
2026-03-18 06:11:18,TRACK,2,0,mode=CITY
2026-03-18 06:11:18,TRACK,7,2,mode=CITY
2026-03-18 06:11:18,YOLO,7,2,mode=CITY
2026-03-18 06:11:18,TRACK,6,0,mode=CITY
2026-03-18 06:11:18,YOLO,6,0,mode=CITY
2026-03-18 06:11:19,BLOB,2,7,mode=CITY
2026-03-18 06:11:19,TRACK,4,9,mode=CITY
2026-03-18 06:11:19,TRACK,3,7,mode=CITY
2026-03-18 06:11:19,TRACK,4,6,mode=CITY
2026-03-18 06:11:19,YOLO,4,6,mode=CITY
2026-03-18 06:11:19,TRACK,5,7,mode=CITY
2026-03-18 06:11:19,YOLO,5,7,mode=CITY
2026-03-18 06:11:19,TRACK,0,5,mode=CITY
2026-03-18 06:11:19,TRACK,1,6,mode=CITY
2026-03-18 06:11:19,TRACK,0,8,mode=CITY
2026-03-18 06:11:19,TRACK,2,5,mode=CITY
2026-03-18 06:11:19,TRACK,1,9,mode=CITY
2026-03-18 06:11:19,TRACK,2,8,mode=CITY
2026-03-18 06:11:19,TRACK,7,7,mode=CITY
2026-03-18 06:11:19,TRACK,6,5,mode=CITY
2026-03-18 06:11:19,TRACK,6,8,mode=CITY
2026-03-18 06:11:19,TRACK,4,5,mode=CITY
2026-03-18 06:11:19,TRACK,3,9,mode=CITY
2026-03-18 06:11:19,TRACK,5,6,mode=CITY
2026-03-18 06:11:19,YOLO,5,6,mode=CITY
2026-03-18 06:11:19,TRACK,4,8,mode=CITY
2026-03-18 06:11:19,TRACK,3,6,mode=CITY
2026-03-18 06:11:19,TRACK,5,9,mode=CITY
2026-03-18 06:11:19,TRACK,0,7,mode=CITY
2026-03-18 06:11:19,TRACK,1,5,mode=CITY
2026-03-18 06:11:19,TRACK,1,8,mode=CITY
2026-03-18 06:11:19,TRACK,7,9,mode=CITY
2026-03-18 06:11:19,TRACK,6,7,mode=CITY
2026-03-18 06:11:19,TRACK,7,6,mode=CITY
2026-03-18 06:11:19,TRACK,4,7,mode=CITY
2026-03-18 06:11:19,YOLO,4,7,mode=CITY
2026-03-18 06:11:19,TRACK,3,5,mode=CITY
2026-03-18 06:11:19,TRACK,3,8,mode=CITY
2026-03-18 06:11:19,TRACK,5,5,mode=CITY
2026-03-18 06:11:19,TRACK,5,8,mode=CITY
2026-03-18 06:11:19,TRACK,0,9,mode=CITY
2026-03-18 06:11:19,TRACK,0,6,mode=CITY
2026-03-18 06:11:19,TRACK,2,9,mode=CITY
2026-03-18 06:11:19,TRACK,1,7,mode=CITY
2026-03-18 06:11:19,TRACK,2,6,mode=CITY
2026-03-18 06:11:19,TRACK,6,6,mode=CITY
2026-03-18 06:11:19,TRACK,7,5,mode=CITY
2026-03-18 06:11:19,TRACK,6,9,mode=CITY
2026-03-18 06:11:19,TRACK,7,8,mode=CITY
2026-03-18 06:11:19,TRACK,4,4,mode=CITY
2026-03-18 06:11:19,TRACK,7,4,mode=CITY
2026-03-18 06:11:19,TRACK,2,4,mode=CITY
2026-03-18 06:11:19,TRACK,4,10,mode=CITY
2026-03-18 06:11:19,TRACK,0,4,mode=CITY
2026-03-18 06:11:19,TRACK,3,4,mode=CITY
2026-03-18 06:11:19,TRACK,0,10,mode=CITY
2026-03-18 06:11:19,TRACK,7,10,mode=CITY
2026-03-18 06:11:19,TRACK,5,4,mode=CITY
2026-03-18 06:11:19,TRACK,2,10,mode=CITY
2026-03-18 06:11:19,TRACK,6,4,mode=CITY
2026-03-18 06:11:19,TRACK,3,10,mode=CITY
2026-03-18 06:11:19,TRACK,1,4,mode=CITY
2026-03-18 06:11:19,TRACK,5,10,mode=CITY
2026-03-18 06:11:19,TRACK,6,10,mode=CITY
2026-03-18 06:11:19,TRACK,1,10,mode=CITY
2026-03-18 06:11:20,TRACK,4,10,mode=CITY
2026-03-18 06:11:20,TRACK,0,10,mode=CITY
2026-03-18 06:11:20,TRACK,4,9,mode=CITY
2026-03-18 06:11:20,TRACK,7,10,mode=CITY
2026-03-18 06:11:20,TRACK,2,10,mode=CITY
2026-03-18 06:11:20,TRACK,0,9,mode=CITY
2026-03-18 06:11:20,TRACK,3,10,mode=CITY
2026-03-18 06:11:20,TRACK,7,9,mode=CITY
2026-03-18 06:11:20,TRACK,2,9,mode=CITY
2026-03-18 06:11:20,TRACK,5,10,mode=CITY
2026-03-18 06:11:20,TRACK,3,9,mode=CITY
2026-03-18 06:11:20,TRACK,6,10,mode=CITY
2026-03-18 06:11:20,TRACK,1,10,mode=CITY
2026-03-18 06:11:20,TRACK,5,9,mode=CITY
2026-03-18 06:11:20,TRACK,6,9,mode=CITY
2026-03-18 06:11:20,TRACK,1,9,mode=CITY
2026-03-18 06:11:21,TRACK,3,4,mode=CITY
2026-03-18 06:11:21,TRACK,5,4,mode=CITY
2026-03-18 06:11:21,TRACK,4,6,mode=CITY
2026-03-18 06:11:21,YOLO,4,6,mode=CITY
2026-03-18 06:11:21,TRACK,0,5,mode=CITY
2026-03-18 06:11:21,TRACK,1,6,mode=CITY
2026-03-18 06:11:21,TRACK,2,5,mode=CITY
2026-03-18 06:11:21,TRACK,7,4,mode=CITY
2026-03-18 06:11:21,TRACK,6,5,mode=CITY
2026-03-18 06:11:21,TRACK,4,5,mode=CITY
2026-03-18 06:11:21,YOLO,4,5,mode=CITY
2026-03-18 06:11:21,TRACK,5,6,mode=CITY
2026-03-18 06:11:21,YOLO,5,6,mode=CITY
2026-03-18 06:11:21,TRACK,3,6,mode=CITY
2026-03-18 06:11:21,TRACK,2,4,mode=CITY
2026-03-18 06:11:21,TRACK,0,4,mode=CITY
2026-03-18 06:11:21,TRACK,1,5,mode=CITY
2026-03-18 06:11:21,TRACK,6,4,mode=CITY
2026-03-18 06:11:21,TRACK,7,6,mode=CITY
2026-03-18 06:11:21,TRACK,3,5,mode=CITY
2026-03-18 06:11:21,TRACK,4,4,mode=CITY
2026-03-18 06:11:21,TRACK,5,5,mode=CITY
2026-03-18 06:11:21,YOLO,5,5,mode=CITY
2026-03-18 06:11:21,TRACK,1,4,mode=CITY
2026-03-18 06:11:21,TRACK,0,6,mode=CITY
2026-03-18 06:11:21,TRACK,2,6,mode=CITY
2026-03-18 06:11:21,TRACK,6,6,mode=CITY
2026-03-18 06:11:21,TRACK,7,5,mode=CITY
2026-03-18 06:11:21,TRACK,4,0,mode=CITY
2026-03-18 06:11:21,YOLO,4,0,mode=CITY
2026-03-18 06:11:21,TRACK,4,3,mode=CITY
2026-03-18 06:11:21,YOLO,4,3,mode=CITY
2026-03-18 06:11:21,TRACK,3,1,mode=CITY
2026-03-18 06:11:21,TRACK,5,1,mode=CITY
2026-03-18 06:11:21,YOLO,5,1,mode=CITY
2026-03-18 06:11:21,TRACK,0,2,mode=CITY
2026-03-18 06:11:21,TRACK,2,2,mode=CITY
2026-03-18 06:11:21,TRACK,1,0,mode=CITY
2026-03-18 06:11:21,TRACK,1,3,mode=CITY
2026-03-18 06:11:21,TRACK,6,2,mode=CITY
2026-03-18 06:11:21,TRACK,7,1,mode=CITY
2026-03-18 06:11:21,TRACK,4,2,mode=CITY
2026-03-18 06:11:21,YOLO,4,2,mode=CITY
2026-03-18 06:11:21,TRACK,3,0,mode=CITY
2026-03-18 06:11:21,TRACK,3,3,mode=CITY
2026-03-18 06:11:21,TRACK,5,0,mode=CITY
2026-03-18 06:11:21,YOLO,5,0,mode=CITY
2026-03-18 06:11:21,TRACK,5,3,mode=CITY
2026-03-18 06:11:21,YOLO,5,3,mode=CITY
2026-03-18 06:11:21,TRACK,0,1,mode=CITY
2026-03-18 06:11:21,TRACK,1,2,mode=CITY
2026-03-18 06:11:21,TRACK,2,1,mode=CITY
2026-03-18 06:11:21,TRACK,6,1,mode=CITY
2026-03-18 06:11:21,TRACK,7,0,mode=CITY
2026-03-18 06:11:21,TRACK,7,3,mode=CITY
2026-03-18 06:11:21,TRACK,3,2,mode=CITY
2026-03-18 06:11:21,TRACK,4,1,mode=CITY
2026-03-18 06:11:21,YOLO,4,1,mode=CITY
2026-03-18 06:11:21,TRACK,5,2,mode=CITY
2026-03-18 06:11:21,YOLO,5,2,mode=CITY
2026-03-18 06:11:21,TRACK,0,0,mode=CITY
2026-03-18 06:11:21,TRACK,1,1,mode=CITY
2026-03-18 06:11:21,TRACK,0,3,mode=CITY
2026-03-18 06:11:21,TRACK,2,0,mode=CITY
2026-03-18 06:11:21,TRACK,2,3,mode=CITY
2026-03-18 06:11:21,TRACK,7,2,mode=CITY
2026-03-18 06:11:21,TRACK,6,0,mode=CITY
2026-03-18 06:11:21,TRACK,6,3,mode=CITY
2026-03-18 06:11:22,TRACK,4,9,mode=CITY
2026-03-18 06:11:22,TRACK,3,7,mode=CITY
2026-03-18 06:11:22,TRACK,3,10,mode=CITY
2026-03-18 06:11:22,TRACK,5,7,mode=CITY
2026-03-18 06:11:22,TRACK,5,10,mode=CITY
2026-03-18 06:11:22,TRACK,0,8,mode=CITY
2026-03-18 06:11:22,TRACK,1,9,mode=CITY
2026-03-18 06:11:22,TRACK,2,8,mode=CITY
2026-03-18 06:11:22,TRACK,7,7,mode=CITY
2026-03-18 06:11:22,TRACK,7,10,mode=CITY
2026-03-18 06:11:22,TRACK,6,8,mode=CITY
2026-03-18 06:11:22,TRACK,3,9,mode=CITY
2026-03-18 06:11:22,TRACK,4,8,mode=CITY
2026-03-18 06:11:22,TRACK,5,9,mode=CITY
2026-03-18 06:11:22,TRACK,0,7,mode=CITY
2026-03-18 06:11:22,TRACK,0,10,mode=CITY
2026-03-18 06:11:22,TRACK,2,7,mode=CITY
2026-03-18 06:11:22,TRACK,2,10,mode=CITY
2026-03-18 06:11:22,TRACK,1,8,mode=CITY
2026-03-18 06:11:22,TRACK,7,9,mode=CITY
2026-03-18 06:11:22,TRACK,6,7,mode=CITY
2026-03-18 06:11:22,TRACK,6,10,mode=CITY
2026-03-18 06:11:22,TRACK,4,7,mode=CITY
2026-03-18 06:11:22,TRACK,4,10,mode=CITY
2026-03-18 06:11:22,TRACK,3,8,mode=CITY
2026-03-18 06:11:22,TRACK,5,8,mode=CITY
2026-03-18 06:11:22,YOLO,5,8,mode=CITY
2026-03-18 06:11:22,TRACK,0,9,mode=CITY
2026-03-18 06:11:22,TRACK,2,9,mode=CITY
2026-03-18 06:11:22,TRACK,1,7,mode=CITY
2026-03-18 06:11:22,TRACK,1,10,mode=CITY
2026-03-18 06:11:22,TRACK,6,9,mode=CITY
2026-03-18 06:11:22,TRACK,7,8,mode=CITY
2026-03-18 06:11:23,BLOB,2,11,mode=CITY
2026-03-18 06:11:30,TRACK,4,6,mode=CITY
2026-03-18 06:11:30,TRACK,0,6,mode=CITY
2026-03-18 06:11:30,TRACK,7,6,mode=CITY
2026-03-18 06:11:30,TRACK,2,6,mode=CITY
2026-03-18 06:11:30,TRACK,5,6,mode=CITY
2026-03-18 06:11:30,TRACK,3,6,mode=CITY
2026-03-18 06:11:30,TRACK,6,6,mode=CITY
2026-03-18 06:11:30,TRACK,1,6,mode=CITY
2026-03-18 06:11:30,BLOB,4,11,mode=CITY
2026-03-18 06:11:30,BLOB,5,11,mode=CITY
2026-03-18 06:11:30,BLOB,4,12,mode=CITY
2026-03-18 06:11:30,BLOB,5,12,mode=CITY
2026-03-18 06:11:30,BLOB,5,13,mode=CITY
2026-03-18 06:11:30,BLOB,5,14,mode=CITY
2026-03-18 06:11:30,BLOB,5,15,mode=CITY
2026-03-18 06:11:31,TRACK,4,6,mode=CITY
2026-03-18 06:11:31,TRACK,0,6,mode=CITY
2026-03-18 06:11:31,TRACK,7,6,mode=CITY
2026-03-18 06:11:31,TRACK,2,6,mode=CITY
2026-03-18 06:11:31,TRACK,5,6,mode=CITY
2026-03-18 06:11:31,TRACK,3,6,mode=CITY
2026-03-18 06:11:31,TRACK,6,6,mode=CITY
2026-03-18 06:11:31,TRACK,1,6,mode=CITY
2026-03-18 06:11:32,TRACK,5,11,mode=CITY
2026-03-18 06:11:32,TRACK,6,11,mode=CITY
2026-03-18 06:11:32,TRACK,1,11,mode=CITY
2026-03-18 06:11:32,TRACK,4,11,mode=CITY
2026-03-18 06:11:32,TRACK,7,11,mode=CITY
2026-03-18 06:11:32,TRACK,2,11,mode=CITY
2026-03-18 06:11:32,TRACK,0,11,mode=CITY
2026-03-18 06:11:32,TRACK,3,11,mode=CITY
2026-03-18 06:11:32,TRACK,6,12,mode=CITY
2026-03-18 06:11:32,TRACK,1,12,mode=CITY
2026-03-18 06:11:32,TRACK,4,12,mode=CITY
2026-03-18 06:11:32,TRACK,0,12,mode=CITY
2026-03-18 06:11:32,TRACK,7,12,mode=CITY
2026-03-18 06:11:32,TRACK,2,12,mode=CITY
2026-03-18 06:11:32,TRACK,3,12,mode=CITY
2026-03-18 06:11:32,TRACK,5,12,mode=CITY
2026-03-18 06:11:33,TRACK,4,13,mode=CITY
2026-03-18 06:11:33,TRACK,0,13,mode=CITY
2026-03-18 06:11:33,TRACK,7,13,mode=CITY
2026-03-18 06:11:33,TRACK,2,13,mode=CITY
2026-03-18 06:11:33,TRACK,5,13,mode=CITY
2026-03-18 06:11:33,TRACK,3,13,mode=CITY
2026-03-18 06:11:33,TRACK,6,13,mode=CITY
2026-03-18 06:11:33,TRACK,1,13,mode=CITY
2026-03-18 06:11:33,TRACK,3,7,mode=CITY
2026-03-18 06:11:33,TRACK,4,6,mode=CITY
2026-03-18 06:11:33,TRACK,5,7,mode=CITY
2026-03-18 06:11:33,TRACK,1,6,mode=CITY
2026-03-18 06:11:33,TRACK,0,8,mode=CITY
2026-03-18 06:11:33,TRACK,2,8,mode=CITY
2026-03-18 06:11:33,TRACK,7,7,mode=CITY
2026-03-18 06:11:33,TRACK,6,8,mode=CITY
2026-03-18 06:11:33,TRACK,5,6,mode=CITY
2026-03-18 06:11:33,TRACK,4,8,mode=CITY
2026-03-18 06:11:33,YOLO,4,8,mode=CITY
2026-03-18 06:11:33,TRACK,3,6,mode=CITY
2026-03-18 06:11:33,TRACK,0,7,mode=CITY
2026-03-18 06:11:33,TRACK,2,7,mode=CITY
2026-03-18 06:11:33,TRACK,1,8,mode=CITY
2026-03-18 06:11:33,TRACK,6,7,mode=CITY
2026-03-18 06:11:33,TRACK,7,6,mode=CITY
2026-03-18 06:11:33,TRACK,4,7,mode=CITY
2026-03-18 06:11:33,TRACK,3,8,mode=CITY
2026-03-18 06:11:33,TRACK,5,8,mode=CITY
2026-03-18 06:11:33,YOLO,5,8,mode=CITY
2026-03-18 06:11:33,TRACK,0,6,mode=CITY
2026-03-18 06:11:33,TRACK,1,7,mode=CITY
2026-03-18 06:11:33,TRACK,2,6,mode=CITY
2026-03-18 06:11:33,TRACK,6,6,mode=CITY
2026-03-18 06:11:33,TRACK,7,8,mode=CITY
2026-03-18 06:11:33,TRACK,2,14,mode=CITY
2026-03-18 06:11:33,TRACK,3,14,mode=CITY
2026-03-18 06:11:33,TRACK,5,14,mode=CITY
2026-03-18 06:11:33,TRACK,6,14,mode=CITY
2026-03-18 06:11:33,TRACK,1,14,mode=CITY
2026-03-18 06:11:33,TRACK,4,14,mode=CITY
2026-03-18 06:11:33,TRACK,0,14,mode=CITY
2026-03-18 06:11:33,TRACK,7,14,mode=CITY
2026-03-18 06:11:33,TRACK,5,15,mode=CITY
2026-03-18 06:11:33,TRACK,6,15,mode=CITY
2026-03-18 06:11:33,TRACK,1,15,mode=CITY
2026-03-18 06:11:33,TRACK,4,15,mode=CITY
2026-03-18 06:11:33,TRACK,0,15,mode=CITY
2026-03-18 06:11:33,TRACK,7,15,mode=CITY
2026-03-18 06:11:33,TRACK,2,15,mode=CITY
2026-03-18 06:11:33,TRACK,3,15,mode=CITY
2026-03-18 06:11:34,TRACK,6,12,mode=CITY
2026-03-18 06:11:34,TRACK,4,12,mode=CITY
2026-03-18 06:11:34,TRACK,3,10,mode=CITY
2026-03-18 06:11:34,TRACK,5,13,mode=CITY
2026-03-18 06:11:34,TRACK,3,13,mode=CITY
2026-03-18 06:11:34,TRACK,5,10,mode=CITY
2026-03-18 06:11:34,TRACK,2,11,mode=CITY
2026-03-18 06:11:34,TRACK,0,11,mode=CITY
2026-03-18 06:11:34,TRACK,1,12,mode=CITY
2026-03-18 06:11:34,TRACK,6,11,mode=CITY
2026-03-18 06:11:34,TRACK,7,10,mode=CITY
2026-03-18 06:11:34,TRACK,7,13,mode=CITY
2026-03-18 06:11:34,TRACK,3,12,mode=CITY
2026-03-18 06:11:34,TRACK,4,11,mode=CITY
2026-03-18 06:11:34,TRACK,5,12,mode=CITY
2026-03-18 06:11:34,TRACK,0,10,mode=CITY
2026-03-18 06:11:34,TRACK,1,11,mode=CITY
2026-03-18 06:11:34,TRACK,0,13,mode=CITY
2026-03-18 06:11:34,TRACK,2,10,mode=CITY
2026-03-18 06:11:34,TRACK,2,13,mode=CITY
2026-03-18 06:11:34,TRACK,6,13,mode=CITY
2026-03-18 06:11:34,TRACK,7,12,mode=CITY
2026-03-18 06:11:34,TRACK,6,10,mode=CITY
2026-03-18 06:11:34,TRACK,3,11,mode=CITY
2026-03-18 06:11:34,TRACK,4,10,mode=CITY
2026-03-18 06:11:34,TRACK,5,11,mode=CITY
2026-03-18 06:11:34,TRACK,4,13,mode=CITY
2026-03-18 06:11:34,TRACK,0,12,mode=CITY
2026-03-18 06:11:34,TRACK,1,13,mode=CITY
2026-03-18 06:11:34,TRACK,2,12,mode=CITY
2026-03-18 06:11:34,TRACK,1,10,mode=CITY
2026-03-18 06:11:34,TRACK,7,11,mode=CITY
2026-03-18 06:11:35,TRACK,2,14,mode=CITY
2026-03-18 06:11:35,TRACK,3,14,mode=CITY
2026-03-18 06:11:35,TRACK,5,14,mode=CITY
2026-03-18 06:11:35,TRACK,6,14,mode=CITY
2026-03-18 06:11:35,TRACK,1,14,mode=CITY
2026-03-18 06:11:35,TRACK,4,14,mode=CITY
2026-03-18 06:11:35,TRACK,0,14,mode=CITY
2026-03-18 06:11:35,TRACK,7,14,mode=CITY
2026-03-18 06:11:35,TRACK,5,15,mode=CITY
2026-03-18 06:11:35,TRACK,6,15,mode=CITY
2026-03-18 06:11:35,TRACK,1,15,mode=CITY
2026-03-18 06:11:35,TRACK,4,15,mode=CITY
2026-03-18 06:11:35,TRACK,0,15,mode=CITY
2026-03-18 06:11:35,TRACK,7,15,mode=CITY
2026-03-18 06:11:35,TRACK,2,15,mode=CITY
2026-03-18 06:11:35,TRACK,3,15,mode=CITY
2026-03-18 06:11:36,TRACK,4,9,mode=CITY
2026-03-18 06:11:36,TRACK,3,7,mode=CITY
2026-03-18 06:11:36,TRACK,4,6,mode=CITY
2026-03-18 06:11:36,TRACK,3,10,mode=CITY
2026-03-18 06:11:36,TRACK,5,7,mode=CITY
2026-03-18 06:11:36,TRACK,5,10,mode=CITY
2026-03-18 06:11:36,TRACK,1,6,mode=CITY
2026-03-18 06:11:36,TRACK,0,8,mode=CITY
2026-03-18 06:11:36,TRACK,1,9,mode=CITY
2026-03-18 06:11:36,TRACK,2,8,mode=CITY
2026-03-18 06:11:36,TRACK,7,7,mode=CITY
2026-03-18 06:11:36,TRACK,7,10,mode=CITY
2026-03-18 06:11:36,TRACK,6,8,mode=CITY
2026-03-18 06:11:36,TRACK,3,9,mode=CITY
2026-03-18 06:11:36,TRACK,5,6,mode=CITY
2026-03-18 06:11:36,TRACK,4,8,mode=CITY
2026-03-18 06:11:36,YOLO,4,8,mode=CITY
2026-03-18 06:11:36,TRACK,3,6,mode=CITY
2026-03-18 06:11:36,TRACK,5,9,mode=CITY
2026-03-18 06:11:36,TRACK,0,7,mode=CITY
2026-03-18 06:11:36,TRACK,0,10,mode=CITY
2026-03-18 06:11:36,TRACK,2,7,mode=CITY
2026-03-18 06:11:36,TRACK,2,10,mode=CITY
2026-03-18 06:11:36,TRACK,1,8,mode=CITY
2026-03-18 06:11:36,TRACK,7,9,mode=CITY
2026-03-18 06:11:36,TRACK,6,7,mode=CITY
2026-03-18 06:11:36,TRACK,7,6,mode=CITY
2026-03-18 06:11:36,TRACK,6,10,mode=CITY
2026-03-18 06:11:36,TRACK,4,7,mode=CITY
2026-03-18 06:11:36,TRACK,4,10,mode=CITY
2026-03-18 06:11:36,TRACK,3,8,mode=CITY
2026-03-18 06:11:36,TRACK,5,8,mode=CITY
2026-03-18 06:11:36,YOLO,5,8,mode=CITY
2026-03-18 06:11:36,TRACK,0,9,mode=CITY
2026-03-18 06:11:36,TRACK,0,6,mode=CITY
2026-03-18 06:11:36,TRACK,2,9,mode=CITY
2026-03-18 06:11:36,TRACK,1,7,mode=CITY
2026-03-18 06:11:36,TRACK,2,6,mode=CITY
2026-03-18 06:11:36,TRACK,1,10,mode=CITY
2026-03-18 06:11:36,TRACK,6,6,mode=CITY
2026-03-18 06:11:36,TRACK,6,9,mode=CITY
2026-03-18 06:11:36,TRACK,7,8,mode=CITY
2026-03-18 06:19:58,TRACK,4,0,mode=CITY
2026-03-18 06:19:58,YOLO,4,0,mode=CITY
2026-03-18 06:19:58,TRACK,3,7,mode=CITY
2026-03-18 06:19:58,TRACK,5,4,mode=CITY
2026-03-18 06:19:58,YOLO,5,4,mode=CITY
2026-03-18 06:19:58,TRACK,4,6,mode=CITY
2026-03-18 06:19:58,YOLO,4,6,mode=CITY
2026-03-18 06:19:58,TRACK,5,1,mode=CITY
2026-03-18 06:19:58,YOLO,5,1,mode=CITY
2026-03-18 06:19:58,TRACK,0,5,mode=CITY
2026-03-18 06:19:58,TRACK,2,2,mode=CITY
2026-03-18 06:19:58,TRACK,1,0,mode=CITY
2026-03-18 06:19:58,TRACK,7,4,mode=CITY
2026-03-18 06:19:58,YOLO,7,4,mode=CITY
2026-03-18 06:19:58,TRACK,6,2,mode=CITY
2026-03-18 06:19:58,YOLO,6,2,mode=CITY
2026-03-18 06:19:58,TRACK,7,1,mode=CITY
2026-03-18 06:19:58,YOLO,7,1,mode=CITY
2026-03-18 06:19:58,TRACK,4,2,mode=CITY
2026-03-18 06:19:58,YOLO,4,2,mode=CITY
2026-03-18 06:19:58,TRACK,3,0,mode=CITY
2026-03-18 06:19:58,TRACK,5,6,mode=CITY
2026-03-18 06:19:58,YOLO,5,6,mode=CITY
2026-03-18 06:19:58,TRACK,3,6,mode=CITY
2026-03-18 06:19:58,TRACK,5,3,mode=CITY
2026-03-18 06:19:58,YOLO,5,3,mode=CITY
2026-03-18 06:19:58,TRACK,0,7,mode=CITY
2026-03-18 06:19:58,TRACK,2,4,mode=CITY
2026-03-18 06:19:58,TRACK,1,2,mode=CITY
2026-03-18 06:19:58,TRACK,0,4,mode=CITY
2026-03-18 06:19:58,TRACK,2,1,mode=CITY
2026-03-18 06:19:58,TRACK,6,4,mode=CITY
2026-03-18 06:19:58,YOLO,6,4,mode=CITY
2026-03-18 06:19:58,TRACK,7,3,mode=CITY
2026-03-18 06:19:58,YOLO,7,3,mode=CITY
2026-03-18 06:19:58,TRACK,3,2,mode=CITY
2026-03-18 06:19:58,TRACK,4,1,mode=CITY
2026-03-18 06:19:58,YOLO,4,1,mode=CITY
2026-03-18 06:19:58,TRACK,5,5,mode=CITY
2026-03-18 06:19:58,YOLO,5,5,mode=CITY
2026-03-18 06:19:58,TRACK,0,0,mode=CITY
2026-03-18 06:19:58,TRACK,1,4,mode=CITY
2026-03-18 06:19:58,TRACK,0,6,mode=CITY
2026-03-18 06:19:58,TRACK,2,3,mode=CITY
2026-03-18 06:19:58,TRACK,6,6,mode=CITY
2026-03-18 06:19:58,YOLO,6,6,mode=CITY
2026-03-18 06:19:58,TRACK,7,5,mode=CITY
2026-03-18 06:19:58,YOLO,7,5,mode=CITY
2026-03-18 06:19:58,TRACK,6,3,mode=CITY
2026-03-18 06:19:58,YOLO,6,3,mode=CITY
2026-03-18 06:19:58,TRACK,3,4,mode=CITY
2026-03-18 06:19:58,TRACK,4,3,mode=CITY
2026-03-18 06:19:58,YOLO,4,3,mode=CITY
2026-03-18 06:19:58,TRACK,3,1,mode=CITY
2026-03-18 06:19:58,TRACK,5,7,mode=CITY
2026-03-18 06:19:58,TRACK,0,2,mode=CITY
2026-03-18 06:19:58,TRACK,1,6,mode=CITY
2026-03-18 06:19:58,TRACK,2,5,mode=CITY
2026-03-18 06:19:58,TRACK,1,3,mode=CITY
2026-03-18 06:19:58,TRACK,7,7,mode=CITY
2026-03-18 06:19:58,TRACK,6,5,mode=CITY
2026-03-18 06:19:58,YOLO,6,5,mode=CITY
2026-03-18 06:19:58,TRACK,4,5,mode=CITY
2026-03-18 06:19:58,YOLO,4,5,mode=CITY
2026-03-18 06:19:58,TRACK,3,3,mode=CITY
2026-03-18 06:19:58,TRACK,5,0,mode=CITY
2026-03-18 06:19:58,YOLO,5,0,mode=CITY
2026-03-18 06:19:58,TRACK,0,1,mode=CITY
2026-03-18 06:19:58,TRACK,2,7,mode=CITY
2026-03-18 06:19:58,TRACK,1,5,mode=CITY
2026-03-18 06:19:58,TRACK,6,1,mode=CITY
2026-03-18 06:19:58,YOLO,6,1,mode=CITY
2026-03-18 06:19:58,TRACK,7,0,mode=CITY
2026-03-18 06:19:58,YOLO,7,0,mode=CITY
2026-03-18 06:19:58,TRACK,6,7,mode=CITY
2026-03-18 06:19:58,TRACK,7,6,mode=CITY
2026-03-18 06:19:58,YOLO,7,6,mode=CITY
2026-03-18 06:19:58,TRACK,4,7,mode=CITY
2026-03-18 06:19:58,TRACK,3,5,mode=CITY
2026-03-18 06:19:58,TRACK,5,2,mode=CITY
2026-03-18 06:19:58,YOLO,5,2,mode=CITY
2026-03-18 06:19:58,TRACK,4,4,mode=CITY
2026-03-18 06:19:58,YOLO,4,4,mode=CITY
2026-03-18 06:19:58,TRACK,1,1,mode=CITY
2026-03-18 06:19:58,TRACK,0,3,mode=CITY
2026-03-18 06:19:58,TRACK,2,0,mode=CITY
2026-03-18 06:19:58,TRACK,1,7,mode=CITY
2026-03-18 06:19:58,TRACK,2,6,mode=CITY
2026-03-18 06:19:58,TRACK,7,2,mode=CITY
2026-03-18 06:19:58,YOLO,7,2,mode=CITY
2026-03-18 06:19:58,TRACK,6,0,mode=CITY
2026-03-18 06:19:58,YOLO,6,0,mode=CITY
2026-03-18 06:20:03,BLOB,2,11,mode=CITY
2026-03-18 06:20:03,BLOB,2,12,mode=CITY
2026-03-18 06:20:03,BLOB,4,12,mode=CITY
2026-03-18 06:20:03,BLOB,4,13,mode=CITY
2026-03-18 06:20:03,BLOB,4,14,mode=CITY
2026-03-18 06:20:04,BLOB,4,15,mode=CITY
2026-03-18 06:20:05,TRACK,4,4,mode=CITY
2026-03-18 06:20:05,TRACK,7,4,mode=CITY
2026-03-18 06:20:05,TRACK,2,4,mode=CITY
2026-03-18 06:20:05,TRACK,0,4,mode=CITY
2026-03-18 06:20:05,TRACK,3,4,mode=CITY
2026-03-18 06:20:05,TRACK,4,3,mode=CITY
2026-03-18 06:20:05,YOLO,4,3,mode=CITY
2026-03-18 06:20:05,TRACK,5,4,mode=CITY
2026-03-18 06:20:05,TRACK,0,3,mode=CITY
2026-03-18 06:20:05,TRACK,6,4,mode=CITY
2026-03-18 06:20:05,TRACK,1,4,mode=CITY
2026-03-18 06:20:05,TRACK,7,3,mode=CITY
2026-03-18 06:20:05,TRACK,2,3,mode=CITY
2026-03-18 06:20:05,TRACK,3,3,mode=CITY
2026-03-18 06:20:05,TRACK,5,3,mode=CITY
2026-03-18 06:20:05,YOLO,5,3,mode=CITY
2026-03-18 06:20:05,TRACK,6,3,mode=CITY
2026-03-18 06:20:05,YOLO,6,3,mode=CITY
2026-03-18 06:20:05,TRACK,1,3,mode=CITY
2026-03-18 06:20:05,TRACK,5,5,mode=CITY
2026-03-18 06:20:05,TRACK,6,5,mode=CITY
2026-03-18 06:20:05,TRACK,1,5,mode=CITY
2026-03-18 06:20:05,TRACK,4,5,mode=CITY
2026-03-18 06:20:05,TRACK,0,5,mode=CITY
2026-03-18 06:20:05,TRACK,7,5,mode=CITY
2026-03-18 06:20:05,TRACK,2,5,mode=CITY
2026-03-18 06:20:05,TRACK,3,5,mode=CITY
2026-03-18 06:20:05,TRACK,4,6,mode=CITY
2026-03-18 06:20:05,TRACK,0,6,mode=CITY
2026-03-18 06:20:05,TRACK,7,6,mode=CITY
2026-03-18 06:20:05,TRACK,2,6,mode=CITY
2026-03-18 06:20:05,TRACK,5,6,mode=CITY
2026-03-18 06:20:05,TRACK,3,6,mode=CITY
2026-03-18 06:20:05,TRACK,6,6,mode=CITY
2026-03-18 06:20:05,TRACK,1,6,mode=CITY
2026-03-18 06:20:05,TRACK,4,9,mode=CITY
2026-03-18 06:20:05,TRACK,3,7,mode=CITY
2026-03-18 06:20:05,TRACK,3,10,mode=CITY
2026-03-18 06:20:05,TRACK,5,7,mode=CITY
2026-03-18 06:20:05,TRACK,5,10,mode=CITY
2026-03-18 06:20:05,TRACK,0,8,mode=CITY
2026-03-18 06:20:05,TRACK,1,9,mode=CITY
2026-03-18 06:20:05,TRACK,2,8,mode=CITY
2026-03-18 06:20:05,TRACK,7,7,mode=CITY
2026-03-18 06:20:05,TRACK,7,10,mode=CITY
2026-03-18 06:20:05,TRACK,6,8,mode=CITY
2026-03-18 06:20:05,TRACK,3,9,mode=CITY
2026-03-18 06:20:05,TRACK,4,8,mode=CITY
2026-03-18 06:20:05,YOLO,4,8,mode=CITY
2026-03-18 06:20:05,TRACK,5,9,mode=CITY
2026-03-18 06:20:05,TRACK,0,7,mode=CITY
2026-03-18 06:20:05,TRACK,0,10,mode=CITY
2026-03-18 06:20:05,TRACK,2,7,mode=CITY
2026-03-18 06:20:05,TRACK,2,10,mode=CITY
2026-03-18 06:20:05,TRACK,1,8,mode=CITY
2026-03-18 06:20:05,TRACK,7,9,mode=CITY
2026-03-18 06:20:05,TRACK,6,7,mode=CITY
2026-03-18 06:20:05,TRACK,6,10,mode=CITY
2026-03-18 06:20:05,TRACK,4,7,mode=CITY
2026-03-18 06:20:05,TRACK,4,10,mode=CITY
2026-03-18 06:20:05,TRACK,3,8,mode=CITY
2026-03-18 06:20:05,TRACK,5,8,mode=CITY
2026-03-18 06:20:05,TRACK,0,9,mode=CITY
2026-03-18 06:20:05,TRACK,2,9,mode=CITY
2026-03-18 06:20:05,TRACK,1,7,mode=CITY
2026-03-18 06:20:05,TRACK,1,10,mode=CITY
2026-03-18 06:20:05,TRACK,6,9,mode=CITY
2026-03-18 06:20:05,TRACK,7,8,mode=CITY
2026-03-18 06:20:06,TRACK,5,11,mode=CITY
2026-03-18 06:20:06,TRACK,6,11,mode=CITY
2026-03-18 06:20:06,TRACK,1,11,mode=CITY
2026-03-18 06:20:06,TRACK,4,11,mode=CITY
2026-03-18 06:20:06,TRACK,7,11,mode=CITY
2026-03-18 06:20:06,TRACK,2,11,mode=CITY
2026-03-18 06:20:06,TRACK,0,11,mode=CITY
2026-03-18 06:20:06,TRACK,3,11,mode=CITY
2026-03-18 06:20:06,TRACK,4,10,mode=CITY
2026-03-18 06:20:06,TRACK,5,11,mode=CITY
2026-03-18 06:20:06,TRACK,0,10,mode=CITY
2026-03-18 06:20:06,TRACK,6,11,mode=CITY
2026-03-18 06:20:06,TRACK,1,11,mode=CITY
2026-03-18 06:20:06,TRACK,7,10,mode=CITY
2026-03-18 06:20:06,TRACK,2,10,mode=CITY
2026-03-18 06:20:06,TRACK,3,10,mode=CITY
2026-03-18 06:20:06,TRACK,5,10,mode=CITY
2026-03-18 06:20:06,YOLO,5,10,mode=CITY
2026-03-18 06:20:06,TRACK,6,10,mode=CITY
2026-03-18 06:20:06,TRACK,1,10,mode=CITY
2026-03-18 06:20:06,TRACK,4,11,mode=CITY
2026-03-18 06:20:06,TRACK,7,11,mode=CITY
2026-03-18 06:20:06,TRACK,2,11,mode=CITY
2026-03-18 06:20:06,TRACK,0,11,mode=CITY
2026-03-18 06:20:06,TRACK,3,11,mode=CITY
2026-03-18 06:20:07,TRACK,6,12,mode=CITY
2026-03-18 06:20:07,TRACK,1,12,mode=CITY
2026-03-18 06:20:07,TRACK,4,12,mode=CITY
2026-03-18 06:20:07,TRACK,0,12,mode=CITY
2026-03-18 06:20:07,TRACK,7,12,mode=CITY
2026-03-18 06:20:07,TRACK,2,12,mode=CITY
2026-03-18 06:20:07,TRACK,3,12,mode=CITY
2026-03-18 06:20:07,TRACK,5,12,mode=CITY
2026-03-18 06:20:07,TRACK,2,14,mode=CITY
2026-03-18 06:20:07,TRACK,3,14,mode=CITY
2026-03-18 06:20:07,TRACK,4,13,mode=CITY
2026-03-18 06:20:07,TRACK,5,14,mode=CITY
2026-03-18 06:20:07,TRACK,0,13,mode=CITY
2026-03-18 06:20:07,TRACK,6,14,mode=CITY
2026-03-18 06:20:07,TRACK,1,14,mode=CITY
2026-03-18 06:20:07,TRACK,7,13,mode=CITY
2026-03-18 06:20:07,TRACK,2,13,mode=CITY
2026-03-18 06:20:07,TRACK,5,13,mode=CITY
2026-03-18 06:20:07,YOLO,5,13,mode=CITY
2026-03-18 06:20:07,TRACK,3,13,mode=CITY
2026-03-18 06:20:07,TRACK,6,13,mode=CITY
2026-03-18 06:20:07,YOLO,6,13,mode=CITY
2026-03-18 06:20:07,TRACK,1,13,mode=CITY
2026-03-18 06:20:07,TRACK,4,14,mode=CITY
2026-03-18 06:20:07,TRACK,0,14,mode=CITY
2026-03-18 06:20:07,TRACK,7,14,mode=CITY
2026-03-18 06:20:08,TRACK,2,14,mode=CITY
2026-03-18 06:20:08,TRACK,5,15,mode=CITY
2026-03-18 06:20:08,TRACK,3,14,mode=CITY
2026-03-18 06:20:08,TRACK,6,15,mode=CITY
2026-03-18 06:20:08,TRACK,1,15,mode=CITY
2026-03-18 06:20:08,TRACK,5,14,mode=CITY
2026-03-18 06:20:08,YOLO,5,14,mode=CITY
2026-03-18 06:20:08,TRACK,6,14,mode=CITY
2026-03-18 06:20:08,TRACK,1,14,mode=CITY
2026-03-18 06:20:08,TRACK,4,15,mode=CITY
2026-03-18 06:20:08,TRACK,0,15,mode=CITY
2026-03-18 06:20:08,TRACK,4,14,mode=CITY
2026-03-18 06:20:08,YOLO,4,14,mode=CITY
2026-03-18 06:20:08,TRACK,7,15,mode=CITY
2026-03-18 06:20:08,TRACK,2,15,mode=CITY
2026-03-18 06:20:08,TRACK,0,14,mode=CITY
2026-03-18 06:20:08,TRACK,3,15,mode=CITY
2026-03-18 06:20:08,TRACK,7,14,mode=CITY
2026-03-18 06:20:09,TRACK,4,10,mode=CITY
2026-03-18 06:20:09,TRACK,0,10,mode=CITY
2026-03-18 06:20:09,TRACK,7,10,mode=CITY
2026-03-18 06:20:09,TRACK,2,10,mode=CITY
2026-03-18 06:20:09,TRACK,3,10,mode=CITY
2026-03-18 06:20:09,TRACK,5,10,mode=CITY
2026-03-18 06:20:09,TRACK,6,10,mode=CITY
2026-03-18 06:20:09,TRACK,1,10,mode=CITY
2026-03-18 06:20:10,TRACK,4,9,mode=CITY
2026-03-18 06:20:10,TRACK,0,9,mode=CITY
2026-03-18 06:20:10,TRACK,7,9,mode=CITY
2026-03-18 06:20:10,TRACK,2,9,mode=CITY
2026-03-18 06:20:10,TRACK,3,9,mode=CITY
2026-03-18 06:20:10,TRACK,5,9,mode=CITY
2026-03-18 06:20:10,TRACK,6,9,mode=CITY
2026-03-18 06:20:10,TRACK,1,9,mode=CITY
2026-03-18 06:20:10,TRACK,3,8,mode=CITY
2026-03-18 06:20:10,TRACK,5,8,mode=CITY
2026-03-18 06:20:10,TRACK,6,8,mode=CITY
2026-03-18 06:20:10,TRACK,1,8,mode=CITY
2026-03-18 06:20:10,TRACK,4,8,mode=CITY
2026-03-18 06:20:10,TRACK,0,8,mode=CITY
2026-03-18 06:20:10,TRACK,7,8,mode=CITY
2026-03-18 06:20:10,TRACK,2,8,mode=CITY
2026-03-18 06:20:10,TRACK,0,7,mode=CITY
2026-03-18 06:20:10,TRACK,7,7,mode=CITY
2026-03-18 06:20:10,TRACK,2,7,mode=CITY
2026-03-18 06:20:10,TRACK,3,7,mode=CITY
2026-03-18 06:20:10,TRACK,5,7,mode=CITY
2026-03-18 06:20:10,TRACK,6,7,mode=CITY
2026-03-18 06:20:10,TRACK,1,7,mode=CITY
2026-03-18 06:20:10,TRACK,4,7,mode=CITY
2026-03-18 06:20:11,TRACK,4,6,mode=CITY
2026-03-18 06:20:11,TRACK,0,6,mode=CITY
2026-03-18 06:20:11,TRACK,7,6,mode=CITY
2026-03-18 06:20:11,TRACK,2,6,mode=CITY
2026-03-18 06:20:11,TRACK,5,6,mode=CITY
2026-03-18 06:20:11,TRACK,3,6,mode=CITY
2026-03-18 06:20:11,TRACK,6,6,mode=CITY
2026-03-18 06:20:11,TRACK,1,6,mode=CITY
2026-03-18 06:20:11,TRACK,5,5,mode=CITY
2026-03-18 06:20:11,TRACK,6,5,mode=CITY
2026-03-18 06:20:11,TRACK,1,5,mode=CITY
2026-03-18 06:20:11,TRACK,4,5,mode=CITY
2026-03-18 06:20:11,TRACK,0,5,mode=CITY
2026-03-18 06:20:11,TRACK,7,5,mode=CITY
2026-03-18 06:20:11,TRACK,2,5,mode=CITY
2026-03-18 06:20:11,TRACK,3,5,mode=CITY
2026-03-18 06:20:11,TRACK,4,4,mode=CITY
2026-03-18 06:20:11,TRACK,7,4,mode=CITY
2026-03-18 06:20:11,TRACK,2,4,mode=CITY
2026-03-18 06:20:11,TRACK,0,4,mode=CITY
2026-03-18 06:20:11,TRACK,3,4,mode=CITY
2026-03-18 06:20:11,TRACK,5,4,mode=CITY
2026-03-18 06:20:11,TRACK,6,4,mode=CITY
2026-03-18 06:20:11,TRACK,1,4,mode=CITY
2026-03-18 06:20:11,TRACK,4,10,mode=CITY
2026-03-18 06:20:11,TRACK,0,10,mode=CITY
2026-03-18 06:20:11,TRACK,7,10,mode=CITY
2026-03-18 06:20:11,TRACK,2,10,mode=CITY
2026-03-18 06:20:11,TRACK,3,10,mode=CITY
2026-03-18 06:20:11,TRACK,5,10,mode=CITY
2026-03-18 06:20:11,TRACK,6,10,mode=CITY
2026-03-18 06:20:11,TRACK,1,10,mode=CITY
2026-03-18 06:20:11,TRACK,4,3,mode=CITY
2026-03-18 06:20:11,TRACK,0,3,mode=CITY
2026-03-18 06:20:11,TRACK,7,3,mode=CITY
2026-03-18 06:20:11,TRACK,2,3,mode=CITY
2026-03-18 06:20:11,TRACK,3,3,mode=CITY
2026-03-18 06:20:11,TRACK,5,3,mode=CITY
2026-03-18 06:20:11,TRACK,6,3,mode=CITY
2026-03-18 06:20:11,TRACK,1,3,mode=CITY
2026-03-18 06:20:11,TRACK,6,2,mode=CITY
2026-03-18 06:20:11,TRACK,1,2,mode=CITY
2026-03-18 06:20:11,TRACK,4,2,mode=CITY
2026-03-18 06:20:11,TRACK,0,2,mode=CITY
2026-03-18 06:20:11,TRACK,7,2,mode=CITY
2026-03-18 06:20:11,TRACK,2,2,mode=CITY
2026-03-18 06:20:11,TRACK,3,2,mode=CITY
2026-03-18 06:20:11,TRACK,5,2,mode=CITY
2026-03-18 06:20:12,TRACK,4,9,mode=CITY
2026-03-18 06:20:12,TRACK,0,9,mode=CITY
2026-03-18 06:20:12,TRACK,7,9,mode=CITY
2026-03-18 06:20:12,TRACK,2,9,mode=CITY
2026-03-18 06:20:12,TRACK,3,9,mode=CITY
2026-03-18 06:20:12,TRACK,5,9,mode=CITY
2026-03-18 06:20:12,TRACK,6,9,mode=CITY
2026-03-18 06:20:12,TRACK,1,9,mode=CITY
2026-03-18 06:20:12,TRACK,3,1,mode=CITY
2026-03-18 06:20:12,TRACK,3,7,mode=CITY
2026-03-18 06:20:12,TRACK,5,1,mode=CITY
2026-03-18 06:20:12,TRACK,0,8,mode=CITY
2026-03-18 06:20:12,TRACK,2,8,mode=CITY
2026-03-18 06:20:12,TRACK,7,1,mode=CITY
2026-03-18 06:20:12,TRACK,7,7,mode=CITY
2026-03-18 06:20:12,TRACK,6,8,mode=CITY
2026-03-18 06:20:12,TRACK,4,8,mode=CITY
2026-03-18 06:20:12,TRACK,0,1,mode=CITY
2026-03-18 06:20:12,TRACK,0,7,mode=CITY
2026-03-18 06:20:12,TRACK,2,1,mode=CITY
2026-03-18 06:20:12,TRACK,2,7,mode=CITY
2026-03-18 06:20:12,TRACK,6,1,mode=CITY
2026-03-18 06:20:12,TRACK,1,8,mode=CITY
2026-03-18 06:20:12,TRACK,4,1,mode=CITY
2026-03-18 06:20:12,TRACK,4,7,mode=CITY
2026-03-18 06:20:12,YOLO,4,7,mode=CITY
2026-03-18 06:20:12,TRACK,3,8,mode=CITY
2026-03-18 06:20:12,TRACK,5,8,mode=CITY
2026-03-18 06:20:12,TRACK,1,1,mode=CITY
2026-03-18 06:20:12,TRACK,1,7,mode=CITY
2026-03-18 06:20:12,TRACK,7,8,mode=CITY
2026-03-18 06:20:12,TRACK,4,0,mode=CITY
2026-03-18 06:20:12,TRACK,0,0,mode=CITY
2026-03-18 06:20:12,TRACK,7,0,mode=CITY
2026-03-18 06:20:12,TRACK,2,0,mode=CITY
2026-03-18 06:20:12,TRACK,3,0,mode=CITY
2026-03-18 06:20:12,TRACK,5,0,mode=CITY
2026-03-18 06:20:12,TRACK,6,0,mode=CITY
2026-03-18 06:20:12,TRACK,1,0,mode=CITY
2026-03-18 06:20:14,TRACK,4,9,mode=CITY
2026-03-18 06:20:14,YOLO,4,9,mode=CITY
2026-03-18 06:20:14,TRACK,3,7,mode=CITY
2026-03-18 06:20:14,TRACK,3,10,mode=CITY
2026-03-18 06:20:14,TRACK,5,7,mode=CITY
2026-03-18 06:20:14,TRACK,5,10,mode=CITY
2026-03-18 06:20:14,YOLO,5,10,mode=CITY
2026-03-18 06:20:14,TRACK,0,8,mode=CITY
2026-03-18 06:20:14,TRACK,2,11,mode=CITY
2026-03-18 06:20:14,TRACK,1,9,mode=CITY
2026-03-18 06:20:14,TRACK,0,11,mode=CITY
2026-03-18 06:20:14,TRACK,2,8,mode=CITY
2026-03-18 06:20:14,TRACK,7,7,mode=CITY
2026-03-18 06:20:14,TRACK,6,11,mode=CITY
2026-03-18 06:20:14,TRACK,7,10,mode=CITY
2026-03-18 06:20:14,TRACK,6,8,mode=CITY
2026-03-18 06:20:14,TRACK,3,9,mode=CITY
2026-03-18 06:20:14,TRACK,4,8,mode=CITY
2026-03-18 06:20:14,YOLO,4,8,mode=CITY
2026-03-18 06:20:14,TRACK,5,9,mode=CITY
2026-03-18 06:20:14,YOLO,5,9,mode=CITY
2026-03-18 06:20:14,TRACK,4,11,mode=CITY
2026-03-18 06:20:14,TRACK,0,7,mode=CITY
2026-03-18 06:20:14,TRACK,0,10,mode=CITY
2026-03-18 06:20:14,TRACK,2,7,mode=CITY
2026-03-18 06:20:14,TRACK,1,11,mode=CITY
2026-03-18 06:20:14,TRACK,2,10,mode=CITY
2026-03-18 06:20:14,TRACK,1,8,mode=CITY
2026-03-18 06:20:14,TRACK,7,9,mode=CITY
2026-03-18 06:20:14,TRACK,6,7,mode=CITY
2026-03-18 06:20:14,TRACK,6,10,mode=CITY
2026-03-18 06:20:14,TRACK,4,7,mode=CITY
2026-03-18 06:20:14,TRACK,3,11,mode=CITY
2026-03-18 06:20:14,TRACK,4,10,mode=CITY
2026-03-18 06:20:14,YOLO,4,10,mode=CITY
2026-03-18 06:20:14,TRACK,3,8,mode=CITY
2026-03-18 06:20:14,TRACK,5,11,mode=CITY
2026-03-18 06:20:14,TRACK,5,8,mode=CITY
2026-03-18 06:20:14,YOLO,5,8,mode=CITY
2026-03-18 06:20:14,TRACK,0,9,mode=CITY
2026-03-18 06:20:14,TRACK,2,9,mode=CITY
2026-03-18 06:20:14,TRACK,1,7,mode=CITY
2026-03-18 06:20:14,TRACK,1,10,mode=CITY
2026-03-18 06:20:14,TRACK,7,11,mode=CITY
2026-03-18 06:20:14,TRACK,6,9,mode=CITY
2026-03-18 06:20:14,TRACK,7,8,mode=CITY
2026-03-18 06:20:15,TRACK,6,12,mode=CITY
2026-03-18 06:20:15,TRACK,1,12,mode=CITY
2026-03-18 06:20:15,TRACK,4,12,mode=CITY
2026-03-18 06:20:15,TRACK,0,12,mode=CITY
2026-03-18 06:20:15,TRACK,7,12,mode=CITY
2026-03-18 06:20:15,TRACK,2,12,mode=CITY
2026-03-18 06:20:15,TRACK,3,12,mode=CITY
2026-03-18 06:20:15,TRACK,5,12,mode=CITY
2026-03-18 06:20:16,TRACK,4,13,mode=CITY
2026-03-18 06:20:16,TRACK,0,13,mode=CITY
2026-03-18 06:20:16,TRACK,7,13,mode=CITY
2026-03-18 06:20:16,TRACK,2,13,mode=CITY
2026-03-18 06:20:16,TRACK,5,13,mode=CITY
2026-03-18 06:20:16,TRACK,3,13,mode=CITY
2026-03-18 06:20:16,TRACK,6,13,mode=CITY
2026-03-18 06:20:16,TRACK,1,13,mode=CITY
2026-03-18 06:20:17,TRACK,2,14,mode=CITY
2026-03-18 06:20:17,TRACK,5,15,mode=CITY
2026-03-18 06:20:17,TRACK,3,14,mode=CITY
2026-03-18 06:20:17,TRACK,6,15,mode=CITY
2026-03-18 06:20:17,TRACK,1,15,mode=CITY
2026-03-18 06:20:17,TRACK,5,14,mode=CITY
2026-03-18 06:20:17,YOLO,5,14,mode=CITY
2026-03-18 06:20:17,TRACK,6,14,mode=CITY
2026-03-18 06:20:17,TRACK,1,14,mode=CITY
2026-03-18 06:20:17,TRACK,4,15,mode=CITY
2026-03-18 06:20:17,TRACK,0,15,mode=CITY
2026-03-18 06:20:17,TRACK,4,14,mode=CITY
2026-03-18 06:20:17,YOLO,4,14,mode=CITY
2026-03-18 06:20:17,TRACK,7,15,mode=CITY
2026-03-18 06:20:17,TRACK,2,15,mode=CITY
2026-03-18 06:20:17,TRACK,0,14,mode=CITY
2026-03-18 06:20:17,TRACK,3,15,mode=CITY
2026-03-18 06:20:17,TRACK,7,14,mode=CITY
2026-03-18 06:20:19,TRACK,6,12,mode=CITY
2026-03-18 06:20:19,TRACK,1,12,mode=CITY
2026-03-18 06:20:19,TRACK,4,12,mode=CITY
2026-03-18 06:20:19,TRACK,0,12,mode=CITY
2026-03-18 06:20:19,TRACK,7,12,mode=CITY
2026-03-18 06:20:19,TRACK,2,12,mode=CITY
2026-03-18 06:20:19,TRACK,3,12,mode=CITY
2026-03-18 06:20:19,TRACK,5,12,mode=CITY
2026-03-18 06:20:19,TRACK,5,11,mode=CITY
2026-03-18 06:20:19,TRACK,6,11,mode=CITY
2026-03-18 06:20:19,TRACK,1,11,mode=CITY
2026-03-18 06:20:19,TRACK,4,11,mode=CITY
2026-03-18 06:20:19,TRACK,7,11,mode=CITY
2026-03-18 06:20:19,TRACK,2,11,mode=CITY
2026-03-18 06:20:19,TRACK,0,11,mode=CITY
2026-03-18 06:20:19,TRACK,3,11,mode=CITY
2026-03-18 06:20:20,TRACK,4,10,mode=CITY
2026-03-18 06:20:20,TRACK,0,10,mode=CITY
2026-03-18 06:20:20,TRACK,7,10,mode=CITY
2026-03-18 06:20:20,TRACK,2,10,mode=CITY
2026-03-18 06:20:20,TRACK,3,10,mode=CITY
2026-03-18 06:20:20,TRACK,5,10,mode=CITY
2026-03-18 06:20:20,TRACK,6,10,mode=CITY
2026-03-18 06:20:20,TRACK,1,10,mode=CITY
2026-03-18 06:20:21,TRACK,4,9,mode=CITY
2026-03-18 06:20:21,TRACK,0,9,mode=CITY
2026-03-18 06:20:21,TRACK,7,9,mode=CITY
2026-03-18 06:20:21,TRACK,2,9,mode=CITY
2026-03-18 06:20:21,TRACK,3,9,mode=CITY
2026-03-18 06:20:21,TRACK,5,9,mode=CITY
2026-03-18 06:20:21,TRACK,6,9,mode=CITY
2026-03-18 06:20:21,TRACK,1,9,mode=CITY
2026-03-18 06:20:21,TRACK,3,8,mode=CITY
2026-03-18 06:20:21,TRACK,5,8,mode=CITY
2026-03-18 06:20:21,TRACK,6,8,mode=CITY
2026-03-18 06:20:21,TRACK,1,8,mode=CITY
2026-03-18 06:20:21,TRACK,4,8,mode=CITY
2026-03-18 06:20:21,TRACK,0,8,mode=CITY
2026-03-18 06:20:21,TRACK,7,8,mode=CITY
2026-03-18 06:20:21,TRACK,2,8,mode=CITY
2026-03-18 06:20:22,TRACK,0,7,mode=CITY
2026-03-18 06:20:22,TRACK,7,7,mode=CITY
2026-03-18 06:20:22,TRACK,2,7,mode=CITY
2026-03-18 06:20:22,TRACK,3,7,mode=CITY
2026-03-18 06:20:22,TRACK,5,7,mode=CITY
2026-03-18 06:20:22,TRACK,6,7,mode=CITY
2026-03-18 06:20:22,TRACK,1,7,mode=CITY
2026-03-18 06:20:22,TRACK,4,7,mode=CITY
2026-03-18 06:20:23,BLOB,2,4,mode=CITY
2026-03-18 06:20:23,BLOB,2,5,mode=CITY
2026-03-18 06:20:23,BLOB,3,4,mode=CITY
2026-03-18 06:20:23,BLOB,3,5,mode=CITY
2026-03-18 06:20:23,BLOB,2,3,mode=CITY
2026-03-18 06:20:23,BLOB,2,2,mode=CITY
2026-03-18 06:20:24,BLOB,2,1,mode=CITY
2026-03-18 06:20:26,TRACK,5,11,mode=CITY
2026-03-18 06:20:26,TRACK,6,11,mode=CITY
2026-03-18 06:20:26,TRACK,1,11,mode=CITY
2026-03-18 06:20:26,TRACK,4,11,mode=CITY
2026-03-18 06:20:26,TRACK,7,11,mode=CITY
2026-03-18 06:20:26,TRACK,2,11,mode=CITY
2026-03-18 06:20:26,TRACK,0,11,mode=CITY
2026-03-18 06:20:26,TRACK,3,11,mode=CITY
2026-03-18 06:20:27,TRACK,6,12,mode=CITY
2026-03-18 06:20:27,TRACK,1,12,mode=CITY
2026-03-18 06:20:27,TRACK,4,12,mode=CITY
2026-03-18 06:20:27,TRACK,0,12,mode=CITY
2026-03-18 06:20:27,TRACK,7,12,mode=CITY
2026-03-18 06:20:27,TRACK,2,12,mode=CITY
2026-03-18 06:20:27,TRACK,3,12,mode=CITY
2026-03-18 06:20:27,TRACK,5,12,mode=CITY
2026-03-18 06:20:28,TRACK,4,13,mode=CITY
2026-03-18 06:20:28,TRACK,0,13,mode=CITY
2026-03-18 06:20:28,TRACK,7,13,mode=CITY
2026-03-18 06:20:28,TRACK,2,13,mode=CITY
2026-03-18 06:20:28,TRACK,5,13,mode=CITY
2026-03-18 06:20:28,TRACK,3,13,mode=CITY
2026-03-18 06:20:28,TRACK,6,13,mode=CITY
2026-03-18 06:20:28,TRACK,1,13,mode=CITY
2026-03-18 06:20:28,TRACK,2,14,mode=CITY
2026-03-18 06:20:28,TRACK,3,14,mode=CITY
2026-03-18 06:20:28,TRACK,5,14,mode=CITY
2026-03-18 06:20:28,TRACK,6,14,mode=CITY
2026-03-18 06:20:28,TRACK,1,14,mode=CITY
2026-03-18 06:20:28,TRACK,4,14,mode=CITY
2026-03-18 06:20:28,TRACK,0,14,mode=CITY
2026-03-18 06:20:28,TRACK,7,14,mode=CITY
2026-03-18 06:20:29,BLOB,4,9,mode=CITY
2026-03-18 06:20:30,TRACK,4,9,mode=CITY
2026-03-18 06:20:30,TRACK,0,9,mode=CITY
2026-03-18 06:20:30,TRACK,7,9,mode=CITY
2026-03-18 06:20:30,TRACK,2,9,mode=CITY
2026-03-18 06:20:30,TRACK,3,9,mode=CITY
2026-03-18 06:20:30,TRACK,5,9,mode=CITY
2026-03-18 06:20:30,TRACK,6,9,mode=CITY
2026-03-18 06:20:30,TRACK,1,9,mode=CITY
2026-03-18 06:20:31,BLOB,4,4,mode=CITY
2026-03-18 06:20:31,BLOB,4,3,mode=CITY
2026-03-18 06:20:31,BLOB,4,2,mode=CITY
2026-03-18 06:20:33,BLOB,4,1,mode=CITY
2026-03-18 06:20:33,BLOB,4,0,mode=CITY
2026-03-18 06:20:33,BLOB,4,2,mode=CITY
2026-03-18 06:20:33,TRACK,3,4,mode=CITY
2026-03-18 06:20:33,TRACK,3,7,mode=CITY
2026-03-18 06:20:33,TRACK,5,4,mode=CITY
2026-03-18 06:20:33,TRACK,4,6,mode=CITY
2026-03-18 06:20:33,TRACK,5,7,mode=CITY
2026-03-18 06:20:33,TRACK,0,5,mode=CITY
2026-03-18 06:20:33,TRACK,1,6,mode=CITY
2026-03-18 06:20:33,TRACK,2,5,mode=CITY
2026-03-18 06:20:33,TRACK,7,4,mode=CITY
2026-03-18 06:20:33,TRACK,7,7,mode=CITY
2026-03-18 06:20:33,TRACK,6,5,mode=CITY
2026-03-18 06:20:33,TRACK,4,5,mode=CITY
2026-03-18 06:20:33,TRACK,5,6,mode=CITY
2026-03-18 06:20:33,YOLO,5,6,mode=CITY
2026-03-18 06:20:33,TRACK,3,6,mode=CITY
2026-03-18 06:20:33,TRACK,0,7,mode=CITY
2026-03-18 06:20:33,TRACK,2,4,mode=CITY
2026-03-18 06:20:33,TRACK,0,4,mode=CITY
2026-03-18 06:20:33,TRACK,2,7,mode=CITY
2026-03-18 06:20:33,TRACK,1,5,mode=CITY
2026-03-18 06:20:33,TRACK,6,4,mode=CITY
2026-03-18 06:20:33,TRACK,6,7,mode=CITY
2026-03-18 06:20:33,TRACK,7,6,mode=CITY
2026-03-18 06:20:33,TRACK,4,7,mode=CITY
2026-03-18 06:20:33,TRACK,3,5,mode=CITY
2026-03-18 06:20:33,TRACK,4,4,mode=CITY
2026-03-18 06:20:33,TRACK,5,5,mode=CITY
2026-03-18 06:20:33,YOLO,5,5,mode=CITY
2026-03-18 06:20:33,TRACK,1,4,mode=CITY
2026-03-18 06:20:33,TRACK,0,6,mode=CITY
2026-03-18 06:20:33,TRACK,1,7,mode=CITY
2026-03-18 06:20:33,TRACK,2,6,mode=CITY
2026-03-18 06:20:33,TRACK,6,6,mode=CITY
2026-03-18 06:20:33,TRACK,7,5,mode=CITY
2026-03-18 06:20:33,BLOB,5,2,mode=CITY
2026-03-18 06:20:33,BLOB,5,1,mode=CITY
2026-03-18 06:20:33,BLOB,5,3,mode=CITY
2026-03-18 06:20:33,BLOB,4,3,mode=CITY
2026-03-18 06:20:33,TRACK,3,8,mode=CITY
2026-03-18 06:20:33,TRACK,5,8,mode=CITY
2026-03-18 06:20:33,TRACK,6,8,mode=CITY
2026-03-18 06:20:33,TRACK,1,8,mode=CITY
2026-03-18 06:20:33,TRACK,4,8,mode=CITY
2026-03-18 06:20:33,TRACK,0,8,mode=CITY
2026-03-18 06:20:33,TRACK,7,8,mode=CITY
2026-03-18 06:20:33,TRACK,2,8,mode=CITY
2026-03-18 06:20:34,TRACK,4,10,mode=CITY
2026-03-18 06:20:34,TRACK,0,10,mode=CITY
2026-03-18 06:20:34,TRACK,4,9,mode=CITY
2026-03-18 06:20:34,TRACK,7,10,mode=CITY
2026-03-18 06:20:34,TRACK,2,10,mode=CITY
2026-03-18 06:20:34,TRACK,0,9,mode=CITY
2026-03-18 06:20:34,TRACK,3,10,mode=CITY
2026-03-18 06:20:34,TRACK,7,9,mode=CITY
2026-03-18 06:20:34,TRACK,2,9,mode=CITY
2026-03-18 06:20:34,TRACK,5,10,mode=CITY
2026-03-18 06:20:34,TRACK,3,9,mode=CITY
2026-03-18 06:20:34,TRACK,6,10,mode=CITY
2026-03-18 06:20:34,TRACK,1,10,mode=CITY
2026-03-18 06:20:34,TRACK,5,9,mode=CITY
2026-03-18 06:20:34,TRACK,6,9,mode=CITY
2026-03-18 06:20:34,TRACK,1,9,mode=CITY
2026-03-18 06:20:35,BLOB,3,3,mode=CITY
2026-03-18 06:20:35,BLOB,4,2,mode=CITY
2026-03-18 06:20:35,BLOB,4,3,mode=CITY
2026-03-18 06:20:35,BLOB,3,2,mode=CITY
2026-03-18 06:20:35,BLOB,4,0,mode=CITY
2026-03-18 06:20:35,BLOB,4,1,mode=CITY
2026-03-18 06:20:36,BLOB,3,1,mode=CITY
2026-03-18 06:20:36,BLOB,2,1,mode=CITY
2026-03-18 06:20:36,BLOB,2,2,mode=CITY
2026-03-18 06:20:36,BLOB,3,0,mode=CITY
2026-03-18 06:20:37,TRACK,4,6,mode=CITY
2026-03-18 06:20:37,TRACK,0,6,mode=CITY
2026-03-18 06:20:37,TRACK,7,6,mode=CITY
2026-03-18 06:20:37,TRACK,2,6,mode=CITY
2026-03-18 06:20:37,TRACK,5,6,mode=CITY
2026-03-18 06:20:37,TRACK,3,6,mode=CITY
2026-03-18 06:20:37,TRACK,6,6,mode=CITY
2026-03-18 06:20:37,TRACK,1,6,mode=CITY
2026-03-18 06:20:38,TRACK,5,5,mode=CITY
2026-03-18 06:20:38,TRACK,6,5,mode=CITY
2026-03-18 06:20:38,TRACK,1,5,mode=CITY
2026-03-18 06:20:38,TRACK,4,5,mode=CITY
2026-03-18 06:20:38,TRACK,0,5,mode=CITY
2026-03-18 06:20:38,TRACK,7,5,mode=CITY
2026-03-18 06:20:38,TRACK,2,5,mode=CITY
2026-03-18 06:20:38,TRACK,3,5,mode=CITY
2026-03-18 06:20:39,TRACK,4,4,mode=CITY
2026-03-18 06:20:39,TRACK,7,4,mode=CITY
2026-03-18 06:20:39,TRACK,2,4,mode=CITY
2026-03-18 06:20:39,TRACK,0,4,mode=CITY
2026-03-18 06:20:39,TRACK,3,4,mode=CITY
2026-03-18 06:20:39,TRACK,5,4,mode=CITY
2026-03-18 06:20:39,TRACK,6,4,mode=CITY
2026-03-18 06:20:39,TRACK,1,4,mode=CITY
2026-03-18 06:20:39,TRACK,4,3,mode=CITY
2026-03-18 06:20:39,TRACK,0,3,mode=CITY
2026-03-18 06:20:39,TRACK,7,3,mode=CITY
2026-03-18 06:20:39,TRACK,2,3,mode=CITY
2026-03-18 06:20:39,TRACK,3,3,mode=CITY
2026-03-18 06:20:39,TRACK,5,3,mode=CITY
2026-03-18 06:20:39,TRACK,6,3,mode=CITY
2026-03-18 06:20:39,TRACK,1,3,mode=CITY
2026-03-18 06:20:40,TRACK,6,2,mode=CITY
2026-03-18 06:20:40,TRACK,1,2,mode=CITY
2026-03-18 06:20:40,TRACK,4,2,mode=CITY
2026-03-18 06:20:40,TRACK,0,2,mode=CITY
2026-03-18 06:20:40,TRACK,7,2,mode=CITY
2026-03-18 06:20:40,TRACK,2,2,mode=CITY
2026-03-18 06:20:40,TRACK,3,2,mode=CITY
2026-03-18 06:20:40,TRACK,5,2,mode=CITY
2026-03-18 06:20:42,BLOB,2,1,mode=CITY
2026-03-18 06:20:42,TRACK,0,1,mode=CITY
2026-03-18 06:20:42,TRACK,7,1,mode=CITY
2026-03-18 06:20:42,TRACK,3,1,mode=CITY
2026-03-18 06:20:42,TRACK,6,1,mode=CITY
2026-03-18 06:20:42,TRACK,1,1,mode=CITY
2026-03-18 06:20:42,TRACK,5,1,mode=CITY
2026-03-18 06:20:42,TRACK,4,1,mode=CITY
2026-03-18 06:20:43,TRACK,0,7,mode=CITY
2026-03-18 06:20:43,TRACK,7,7,mode=CITY
2026-03-18 06:20:43,TRACK,2,7,mode=CITY
2026-03-18 06:20:43,TRACK,3,7,mode=CITY
2026-03-18 06:20:43,TRACK,5,7,mode=CITY
2026-03-18 06:20:43,TRACK,6,7,mode=CITY
2026-03-18 06:20:43,TRACK,1,7,mode=CITY
2026-03-18 06:20:43,TRACK,4,7,mode=CITY
2026-03-18 06:20:43,TRACK,3,8,mode=CITY
2026-03-18 06:20:43,TRACK,5,8,mode=CITY
2026-03-18 06:20:43,TRACK,6,8,mode=CITY
2026-03-18 06:20:43,TRACK,1,8,mode=CITY
2026-03-18 06:20:43,TRACK,4,8,mode=CITY
2026-03-18 06:20:43,TRACK,0,8,mode=CITY
2026-03-18 06:20:43,TRACK,7,8,mode=CITY
2026-03-18 06:20:43,TRACK,2,8,mode=CITY
2026-03-18 06:20:44,TRACK,4,9,mode=CITY
2026-03-18 06:20:44,TRACK,0,9,mode=CITY
2026-03-18 06:20:44,TRACK,7,9,mode=CITY
2026-03-18 06:20:44,TRACK,2,9,mode=CITY
2026-03-18 06:20:44,TRACK,3,9,mode=CITY
2026-03-18 06:20:44,TRACK,5,9,mode=CITY
2026-03-18 06:20:44,TRACK,6,9,mode=CITY
2026-03-18 06:20:44,TRACK,1,9,mode=CITY
2026-03-18 06:20:44,TRACK,4,10,mode=CITY
2026-03-18 06:20:44,TRACK,0,10,mode=CITY
2026-03-18 06:20:44,TRACK,7,10,mode=CITY
2026-03-18 06:20:44,TRACK,2,10,mode=CITY
2026-03-18 06:20:44,TRACK,3,10,mode=CITY
2026-03-18 06:20:44,TRACK,5,10,mode=CITY
2026-03-18 06:20:44,TRACK,6,10,mode=CITY
2026-03-18 06:20:44,TRACK,1,10,mode=CITY
2026-03-18 06:20:45,TRACK,5,11,mode=CITY
2026-03-18 06:20:45,TRACK,6,11,mode=CITY
2026-03-18 06:20:45,TRACK,1,11,mode=CITY
2026-03-18 06:20:45,TRACK,4,11,mode=CITY
2026-03-18 06:20:45,TRACK,7,11,mode=CITY
2026-03-18 06:20:45,TRACK,2,11,mode=CITY
2026-03-18 06:20:45,TRACK,0,11,mode=CITY
2026-03-18 06:20:45,TRACK,3,11,mode=CITY
2026-03-18 06:20:46,TRACK,5,5,mode=CITY
2026-03-18 06:20:46,TRACK,6,5,mode=CITY
2026-03-18 06:20:46,TRACK,1,5,mode=CITY
2026-03-18 06:20:46,TRACK,4,5,mode=CITY
2026-03-18 06:20:46,TRACK,0,5,mode=CITY
2026-03-18 06:20:46,TRACK,7,5,mode=CITY
2026-03-18 06:20:46,TRACK,2,5,mode=CITY
2026-03-18 06:20:46,TRACK,3,5,mode=CITY
2026-03-18 06:20:52,TRACK,5,5,mode=CITY
2026-03-18 06:20:52,TRACK,6,5,mode=CITY
2026-03-18 06:20:52,TRACK,1,5,mode=CITY
2026-03-18 06:20:52,TRACK,4,5,mode=CITY
2026-03-18 06:20:52,TRACK,0,5,mode=CITY
2026-03-18 06:20:52,TRACK,7,5,mode=CITY
2026-03-18 06:20:52,TRACK,2,5,mode=CITY
2026-03-18 06:20:52,TRACK,3,5,mode=CITY
2026-03-18 06:20:53,TRACK,4,4,mode=CITY
2026-03-18 06:20:53,TRACK,7,4,mode=CITY
2026-03-18 06:20:53,TRACK,2,4,mode=CITY
2026-03-18 06:20:53,TRACK,0,4,mode=CITY
2026-03-18 06:20:53,TRACK,3,4,mode=CITY
2026-03-18 06:20:53,TRACK,4,3,mode=CITY
2026-03-18 06:20:53,TRACK,5,4,mode=CITY
2026-03-18 06:20:53,TRACK,0,3,mode=CITY
2026-03-18 06:20:53,TRACK,6,4,mode=CITY
2026-03-18 06:20:53,TRACK,1,4,mode=CITY
2026-03-18 06:20:53,TRACK,7,3,mode=CITY
2026-03-18 06:20:53,TRACK,2,3,mode=CITY
2026-03-18 06:20:53,TRACK,3,3,mode=CITY
2026-03-18 06:20:53,TRACK,5,3,mode=CITY
2026-03-18 06:20:53,TRACK,6,3,mode=CITY
2026-03-18 06:20:53,TRACK,1,3,mode=CITY
2026-03-18 06:20:55,TRACK,4,4,mode=CITY
2026-03-18 06:20:55,TRACK,7,4,mode=CITY
2026-03-18 06:20:55,TRACK,2,4,mode=CITY
2026-03-18 06:20:55,TRACK,5,5,mode=CITY
2026-03-18 06:20:55,TRACK,0,4,mode=CITY
2026-03-18 06:20:55,TRACK,3,4,mode=CITY
2026-03-18 06:20:55,TRACK,6,5,mode=CITY
2026-03-18 06:20:55,TRACK,1,5,mode=CITY
2026-03-18 06:20:55,TRACK,5,4,mode=CITY
2026-03-18 06:20:55,TRACK,6,4,mode=CITY
2026-03-18 06:20:55,TRACK,1,4,mode=CITY
2026-03-18 06:20:55,TRACK,4,5,mode=CITY
2026-03-18 06:20:55,YOLO,4,5,mode=CITY
2026-03-18 06:20:55,TRACK,0,5,mode=CITY
2026-03-18 06:20:55,TRACK,7,5,mode=CITY
2026-03-18 06:20:55,TRACK,2,5,mode=CITY
2026-03-18 06:20:55,TRACK,3,5,mode=CITY
2026-03-18 06:20:57,TRACK,4,4,mode=CITY
2026-03-18 06:20:57,TRACK,7,4,mode=CITY
2026-03-18 06:20:57,TRACK,2,4,mode=CITY
2026-03-18 06:20:57,TRACK,5,5,mode=CITY
2026-03-18 06:20:57,TRACK,0,4,mode=CITY
2026-03-18 06:20:57,TRACK,3,4,mode=CITY
2026-03-18 06:20:57,TRACK,6,5,mode=CITY
2026-03-18 06:20:57,TRACK,1,5,mode=CITY
2026-03-18 06:20:57,TRACK,5,4,mode=CITY
2026-03-18 06:20:57,TRACK,6,4,mode=CITY
2026-03-18 06:20:57,TRACK,1,4,mode=CITY
2026-03-18 06:20:57,TRACK,4,5,mode=CITY
2026-03-18 06:20:57,YOLO,4,5,mode=CITY
2026-03-18 06:20:57,TRACK,0,5,mode=CITY
2026-03-18 06:20:57,TRACK,7,5,mode=CITY
2026-03-18 06:20:57,TRACK,2,5,mode=CITY
2026-03-18 06:20:57,TRACK,3,5,mode=CITY
2026-03-18 06:20:57,TRACK,6,12,mode=CITY
2026-03-18 06:20:57,TRACK,4,12,mode=CITY
2026-03-18 06:20:57,YOLO,4,12,mode=CITY
2026-03-18 06:20:57,TRACK,5,13,mode=CITY
2026-03-18 06:20:57,TRACK,3,13,mode=CITY
2026-03-18 06:20:57,TRACK,0,14,mode=CITY
2026-03-18 06:20:57,TRACK,2,14,mode=CITY
2026-03-18 06:20:57,TRACK,1,12,mode=CITY
2026-03-18 06:20:57,TRACK,6,14,mode=CITY
2026-03-18 06:20:57,TRACK,7,13,mode=CITY
2026-03-18 06:20:57,TRACK,4,14,mode=CITY
2026-03-18 06:20:57,TRACK,3,12,mode=CITY
2026-03-18 06:20:57,TRACK,5,12,mode=CITY
2026-03-18 06:20:57,TRACK,0,13,mode=CITY
2026-03-18 06:20:57,TRACK,1,14,mode=CITY
2026-03-18 06:20:57,TRACK,2,13,mode=CITY
2026-03-18 06:20:57,TRACK,6,13,mode=CITY
2026-03-18 06:20:57,TRACK,7,12,mode=CITY
2026-03-18 06:20:57,TRACK,3,14,mode=CITY
2026-03-18 06:20:57,TRACK,4,13,mode=CITY
2026-03-18 06:20:57,TRACK,5,14,mode=CITY
2026-03-18 06:20:57,TRACK,0,12,mode=CITY
2026-03-18 06:20:57,TRACK,1,13,mode=CITY
2026-03-18 06:20:57,TRACK,2,12,mode=CITY
2026-03-18 06:20:57,TRACK,7,14,mode=CITY
